owner_type,owner,slot,ability,source,line,definition_count,in_included_abilities,resolution
heroes,npc_dota_hero_alchemist,Ability1,alchemist_fire_potion,game/scripts/npc/heroes/npc_lia_hero_alchemist.txt,11,1,True,local_definition
heroes,npc_dota_hero_alchemist,Ability2,alchemist_swiftness_potion,game/scripts/npc/heroes/npc_lia_hero_alchemist.txt,12,1,True,local_definition
heroes,npc_dota_hero_alchemist,Ability3,alchemist_unity,game/scripts/npc/heroes/npc_lia_hero_alchemist.txt,13,1,True,local_definition
heroes,npc_dota_hero_alchemist,Ability4,generic_hidden,game/scripts/npc/heroes/npc_lia_hero_alchemist.txt,14,0,False,engine_or_missing_unresolved
heroes,npc_dota_hero_alchemist,Ability5,generic_hidden,game/scripts/npc/heroes/npc_lia_hero_alchemist.txt,15,0,False,engine_or_missing_unresolved
heroes,npc_dota_hero_alchemist,Ability6,alchemist_side_effect,game/scripts/npc/heroes/npc_lia_hero_alchemist.txt,16,1,True,local_definition
heroes,npc_dota_hero_mirana,Ability1,ancient_priestess_surge_of_intelligence,game/scripts/npc/heroes/npc_lia_hero_ancient_priestess.txt,11,1,True,local_definition
heroes,npc_dota_hero_mirana,Ability2,ancient_priestess_spirit_link,game/scripts/npc/heroes/npc_lia_hero_ancient_priestess.txt,12,1,True,local_definition
heroes,npc_dota_hero_mirana,Ability3,ancient_priestess_mana_shield,game/scripts/npc/heroes/npc_lia_hero_ancient_priestess.txt,13,1,True,local_definition
heroes,npc_dota_hero_mirana,Ability4,generic_hidden,game/scripts/npc/heroes/npc_lia_hero_ancient_priestess.txt,14,0,False,engine_or_missing_unresolved
heroes,npc_dota_hero_mirana,Ability5,generic_hidden,game/scripts/npc/heroes/npc_lia_hero_ancient_priestess.txt,15,0,False,engine_or_missing_unresolved
heroes,npc_dota_hero_mirana,Ability6,ancient_priestess_ritual_protection,game/scripts/npc/heroes/npc_lia_hero_ancient_priestess.txt,16,1,True,local_definition
heroes,npc_dota_hero_shredder,Ability1,android_war_stomp,game/scripts/npc/heroes/npc_lia_hero_android.txt,11,1,True,local_definition
heroes,npc_dota_hero_shredder,Ability2,android_pocket_factory,game/scripts/npc/heroes/npc_lia_hero_android.txt,12,1,True,local_definition
heroes,npc_dota_hero_shredder,Ability3,android_armor,game/scripts/npc/heroes/npc_lia_hero_android.txt,13,1,True,local_definition
heroes,npc_dota_hero_shredder,Ability4,generic_hidden,game/scripts/npc/heroes/npc_lia_hero_android.txt,14,0,False,engine_or_missing_unresolved
heroes,npc_dota_hero_shredder,Ability5,generic_hidden,game/scripts/npc/heroes/npc_lia_hero_android.txt,15,0,False,engine_or_missing_unresolved
heroes,npc_dota_hero_shredder,Ability6,android_cluster_rockets,game/scripts/npc/heroes/npc_lia_hero_android.txt,16,1,True,local_definition
heroes,npc_dota_hero_night_stalker,Ability1,araman_curse,game/scripts/npc/heroes/npc_lia_hero_araman.txt,11,1,True,local_definition
heroes,npc_dota_hero_night_stalker,Ability2,araman_armor_of_darkness,game/scripts/npc/heroes/npc_lia_hero_araman.txt,12,1,True,local_definition
heroes,npc_dota_hero_night_stalker,Ability3,araman_morale,game/scripts/npc/heroes/npc_lia_hero_araman.txt,13,1,True,local_definition
heroes,npc_dota_hero_night_stalker,Ability4,generic_hidden,game/scripts/npc/heroes/npc_lia_hero_araman.txt,14,0,False,engine_or_missing_unresolved
heroes,npc_dota_hero_night_stalker,Ability5,generic_hidden,game/scripts/npc/heroes/npc_lia_hero_araman.txt,15,0,False,engine_or_missing_unresolved
heroes,npc_dota_hero_night_stalker,Ability6,araman_power_of_scourge,game/scripts/npc/heroes/npc_lia_hero_araman.txt,16,1,True,local_definition
heroes,npc_dota_hero_keeper_of_the_light,Ability1,archmage_shooting_star,game/scripts/npc/heroes/npc_lia_hero_archmage.txt,13,1,True,local_definition
heroes,npc_dota_hero_keeper_of_the_light,Ability2,archmage_polymorph,game/scripts/npc/heroes/npc_lia_hero_archmage.txt,14,1,True,local_definition
heroes,npc_dota_hero_keeper_of_the_light,Ability3,archmage_magic_barrier,game/scripts/npc/heroes/npc_lia_hero_archmage.txt,15,1,True,local_definition
heroes,npc_dota_hero_keeper_of_the_light,Ability4,generic_hidden,game/scripts/npc/heroes/npc_lia_hero_archmage.txt,16,0,False,engine_or_missing_unresolved
heroes,npc_dota_hero_keeper_of_the_light,Ability5,generic_hidden,game/scripts/npc/heroes/npc_lia_hero_archmage.txt,17,0,False,engine_or_missing_unresolved
heroes,npc_dota_hero_keeper_of_the_light,Ability6,archmage_anomaly,game/scripts/npc/heroes/npc_lia_hero_archmage.txt,18,1,True,local_definition
heroes,npc_dota_hero_beastmaster,Ability1,beastmaster_dominate,game/scripts/npc/heroes/npc_lia_hero_beastmaster.txt,11,1,True,local_definition
heroes,npc_dota_hero_beastmaster,Ability2,beastmaster_brutality,game/scripts/npc/heroes/npc_lia_hero_beastmaster.txt,12,1,True,local_definition
heroes,npc_dota_hero_beastmaster,Ability3,beastmaster_help,game/scripts/npc/heroes/npc_lia_hero_beastmaster.txt,13,1,True,local_definition
heroes,npc_dota_hero_beastmaster,Ability4,generic_hidden,game/scripts/npc/heroes/npc_lia_hero_beastmaster.txt,14,0,False,engine_or_missing_unresolved
heroes,npc_dota_hero_beastmaster,Ability5,generic_hidden,game/scripts/npc/heroes/npc_lia_hero_beastmaster.txt,15,0,False,engine_or_missing_unresolved
heroes,npc_dota_hero_beastmaster,Ability6,beastmaster_beasts,game/scripts/npc/heroes/npc_lia_hero_beastmaster.txt,16,1,True,local_definition
heroes,npc_dota_hero_huskar,Ability1,berserker_fire_spear,game/scripts/npc/heroes/npc_lia_hero_berserker.txt,16,1,True,local_definition
heroes,npc_dota_hero_huskar,Ability2,berserker_frenzy_aura,game/scripts/npc/heroes/npc_lia_hero_berserker.txt,17,1,True,local_definition
heroes,npc_dota_hero_huskar,Ability3,berserker_desperation,game/scripts/npc/heroes/npc_lia_hero_berserker.txt,18,1,True,local_definition
heroes,npc_dota_hero_huskar,Ability4,generic_hidden,game/scripts/npc/heroes/npc_lia_hero_berserker.txt,19,0,False,engine_or_missing_unresolved
heroes,npc_dota_hero_huskar,Ability5,generic_hidden,game/scripts/npc/heroes/npc_lia_hero_berserker.txt,20,0,False,engine_or_missing_unresolved
heroes,npc_dota_hero_huskar,Ability6,berserker_madness,game/scripts/npc/heroes/npc_lia_hero_berserker.txt,21,1,True,local_definition
heroes,npc_dota_hero_brewmaster,Ability1,brewmaster_might,game/scripts/npc/heroes/npc_lia_hero_brewmaster.txt,11,1,True,local_definition
heroes,npc_dota_hero_brewmaster,Ability2,brewmaster_ferocity,game/scripts/npc/heroes/npc_lia_hero_brewmaster.txt,12,1,True,local_definition
heroes,npc_dota_hero_brewmaster,Ability3,brewmaster_punisment,game/scripts/npc/heroes/npc_lia_hero_brewmaster.txt,13,1,True,local_definition
heroes,npc_dota_hero_brewmaster,Ability4,generic_hidden,game/scripts/npc/heroes/npc_lia_hero_brewmaster.txt,14,0,False,engine_or_missing_unresolved
heroes,npc_dota_hero_brewmaster,Ability5,generic_hidden,game/scripts/npc/heroes/npc_lia_hero_brewmaster.txt,15,0,False,engine_or_missing_unresolved
heroes,npc_dota_hero_brewmaster,Ability6,brewmaster_avatar,game/scripts/npc/heroes/npc_lia_hero_brewmaster.txt,16,1,True,local_definition
heroes,npc_dota_hero_pudge,Ability1,butcher_rage,game/scripts/npc/heroes/npc_lia_hero_butcher.txt,11,1,True,local_definition
heroes,npc_dota_hero_pudge,Ability2,butcher_skin,game/scripts/npc/heroes/npc_lia_hero_butcher.txt,12,1,True,local_definition
heroes,npc_dota_hero_pudge,Ability3,butcher_zombie,game/scripts/npc/heroes/npc_lia_hero_butcher.txt,13,1,True,local_definition
heroes,npc_dota_hero_pudge,Ability4,generic_hidden,game/scripts/npc/heroes/npc_lia_hero_butcher.txt,14,0,False,engine_or_missing_unresolved
heroes,npc_dota_hero_pudge,Ability5,generic_hidden,game/scripts/npc/heroes/npc_lia_hero_butcher.txt,15,0,False,engine_or_missing_unresolved
heroes,npc_dota_hero_pudge,Ability6,butcher_howl_of_terror,game/scripts/npc/heroes/npc_lia_hero_butcher.txt,16,1,True,local_definition
heroes,npc_dota_hero_abaddon,Ability1,dark_knight_dark_forces,game/scripts/npc/heroes/npc_lia_hero_dark_knight.txt,11,1,True,local_definition
heroes,npc_dota_hero_abaddon,Ability2,dark_knight_dark_energy_zone,game/scripts/npc/heroes/npc_lia_hero_dark_knight.txt,12,1,True,local_definition
heroes,npc_dota_hero_abaddon,Ability3,dark_knight_incinerate,game/scripts/npc/heroes/npc_lia_hero_dark_knight.txt,13,1,True,local_definition
heroes,npc_dota_hero_abaddon,Ability4,generic_hidden,game/scripts/npc/heroes/npc_lia_hero_dark_knight.txt,14,0,False,engine_or_missing_unresolved
heroes,npc_dota_hero_abaddon,Ability5,generic_hidden,game/scripts/npc/heroes/npc_lia_hero_dark_knight.txt,15,0,False,engine_or_missing_unresolved
heroes,npc_dota_hero_abaddon,Ability6,dark_knight_speed,game/scripts/npc/heroes/npc_lia_hero_dark_knight.txt,16,1,True,local_definition
heroes,npc_dota_hero_drow_ranger,Ability1,dark_ranger_black_arrow,game/scripts/npc/heroes/npc_lia_hero_dark_ranger.txt,11,1,True,local_definition
heroes,npc_dota_hero_drow_ranger,Ability2,dark_ranger_magic_arrow,game/scripts/npc/heroes/npc_lia_hero_dark_ranger.txt,12,1,True,local_definition
heroes,npc_dota_hero_drow_ranger,Ability3,dark_ranger_spiked_charm,game/scripts/npc/heroes/npc_lia_hero_dark_ranger.txt,13,1,True,local_definition
heroes,npc_dota_hero_drow_ranger,Ability4,generic_hidden,game/scripts/npc/heroes/npc_lia_hero_dark_ranger.txt,14,0,False,engine_or_missing_unresolved
heroes,npc_dota_hero_drow_ranger,Ability5,generic_hidden,game/scripts/npc/heroes/npc_lia_hero_dark_ranger.txt,15,0,False,engine_or_missing_unresolved
heroes,npc_dota_hero_drow_ranger,Ability6,dark_ranger_fury,game/scripts/npc/heroes/npc_lia_hero_dark_ranger.txt,16,1,True,local_definition
heroes,npc_dota_hero_shadow_demon,Ability1,demonologist_demonic_seal,game/scripts/npc/heroes/npc_lia_hero_demonologist.txt,13,1,True,local_definition
heroes,npc_dota_hero_shadow_demon,Ability2,demonologist_touch_of_darkness,game/scripts/npc/heroes/npc_lia_hero_demonologist.txt,14,1,True,local_definition
heroes,npc_dota_hero_shadow_demon,Ability3,demonologist_mastery_of_demonology,game/scripts/npc/heroes/npc_lia_hero_demonologist.txt,15,1,True,local_definition
heroes,npc_dota_hero_shadow_demon,Ability4,generic_hidden,game/scripts/npc/heroes/npc_lia_hero_demonologist.txt,16,0,False,engine_or_missing_unresolved
heroes,npc_dota_hero_shadow_demon,Ability5,generic_hidden,game/scripts/npc/heroes/npc_lia_hero_demonologist.txt,17,0,False,engine_or_missing_unresolved
heroes,npc_dota_hero_shadow_demon,Ability6,demonologist_ritual_of_summoning,game/scripts/npc/heroes/npc_lia_hero_demonologist.txt,18,1,True,local_definition
heroes,npc_dota_hero_axe,Ability1,dice_rage,game/scripts/npc/heroes/npc_lia_hero_dice.txt,11,1,True,local_definition
heroes,npc_dota_hero_axe,Ability2,dice_bash,game/scripts/npc/heroes/npc_lia_hero_dice.txt,12,1,True,local_definition
heroes,npc_dota_hero_axe,Ability3,dice_endurance_aura,game/scripts/npc/heroes/npc_lia_hero_dice.txt,13,1,True,local_definition
heroes,npc_dota_hero_axe,Ability4,generic_hidden,game/scripts/npc/heroes/npc_lia_hero_dice.txt,14,0,False,engine_or_missing_unresolved
heroes,npc_dota_hero_axe,Ability5,generic_hidden,game/scripts/npc/heroes/npc_lia_hero_dice.txt,15,0,False,engine_or_missing_unresolved
heroes,npc_dota_hero_axe,Ability6,dice_steelstorm,game/scripts/npc/heroes/npc_lia_hero_dice.txt,16,1,True,local_definition
heroes,npc_dota_hero_warlock,Ability1,earth_lord_earth_burn,game/scripts/npc/heroes/npc_lia_hero_earth_lord.txt,11,1,True,local_definition
heroes,npc_dota_hero_warlock,Ability2,earth_lord_split_earth,game/scripts/npc/heroes/npc_lia_hero_earth_lord.txt,12,1,True,local_definition
heroes,npc_dota_hero_warlock,Ability3,earth_lord_stone_skin,game/scripts/npc/heroes/npc_lia_hero_earth_lord.txt,13,1,True,local_definition
heroes,npc_dota_hero_warlock,Ability4,generic_hidden,game/scripts/npc/heroes/npc_lia_hero_earth_lord.txt,14,0,False,engine_or_missing_unresolved
heroes,npc_dota_hero_warlock,Ability5,generic_hidden,game/scripts/npc/heroes/npc_lia_hero_earth_lord.txt,15,0,False,engine_or_missing_unresolved
heroes,npc_dota_hero_warlock,Ability6,earth_lord_might_of_the_earth,game/scripts/npc/heroes/npc_lia_hero_earth_lord.txt,16,1,True,local_definition
heroes,npc_dota_hero_nyx_assassin,Ability1,fallen_champion_shell,game/scripts/npc/heroes/npc_lia_hero_fallen_champion.txt,11,1,True,local_definition
heroes,npc_dota_hero_nyx_assassin,Ability2,fallen_champion_return,game/scripts/npc/heroes/npc_lia_hero_fallen_champion.txt,12,1,True,local_definition
heroes,npc_dota_hero_nyx_assassin,Ability3,fallen_champion_absorption,game/scripts/npc/heroes/npc_lia_hero_fallen_champion.txt,13,1,True,local_definition
heroes,npc_dota_hero_nyx_assassin,Ability4,generic_hidden,game/scripts/npc/heroes/npc_lia_hero_fallen_champion.txt,14,0,False,engine_or_missing_unresolved
heroes,npc_dota_hero_nyx_assassin,Ability5,generic_hidden,game/scripts/npc/heroes/npc_lia_hero_fallen_champion.txt,15,0,False,engine_or_missing_unresolved
heroes,npc_dota_hero_nyx_assassin,Ability6,fallen_champion_roar,game/scripts/npc/heroes/npc_lia_hero_fallen_champion.txt,16,1,True,local_definition
heroes,npc_dota_hero_invoker,Ability1,firelord_flame_strike,game/scripts/npc/heroes/npc_lia_hero_firelord.txt,17,1,True,local_definition
heroes,npc_dota_hero_invoker,Ability2,firelord_summon_lava_spawn,game/scripts/npc/heroes/npc_lia_hero_firelord.txt,18,1,True,local_definition
heroes,npc_dota_hero_invoker,Ability3,firelord_fire_trap,game/scripts/npc/heroes/npc_lia_hero_firelord.txt,19,1,True,local_definition
heroes,npc_dota_hero_invoker,Ability4,generic_hidden,game/scripts/npc/heroes/npc_lia_hero_firelord.txt,20,0,False,engine_or_missing_unresolved
heroes,npc_dota_hero_invoker,Ability5,generic_hidden,game/scripts/npc/heroes/npc_lia_hero_firelord.txt,21,0,False,engine_or_missing_unresolved
heroes,npc_dota_hero_invoker,Ability6,firelord_fire_serpent,game/scripts/npc/heroes/npc_lia_hero_firelord.txt,22,1,True,local_definition
heroes,npc_dota_hero_lich,Ability1,frost_lord_frost_breath,game/scripts/npc/heroes/npc_lia_hero_frost_lord.txt,12,1,True,local_definition
heroes,npc_dota_hero_lich,Ability2,frost_lord_cold,game/scripts/npc/heroes/npc_lia_hero_frost_lord.txt,13,1,True,local_definition
heroes,npc_dota_hero_lich,Ability3,frost_lord_freezing,game/scripts/npc/heroes/npc_lia_hero_frost_lord.txt,14,1,True,local_definition
heroes,npc_dota_hero_lich,Ability4,generic_hidden,game/scripts/npc/heroes/npc_lia_hero_frost_lord.txt,15,0,False,engine_or_missing_unresolved
heroes,npc_dota_hero_lich,Ability5,generic_hidden,game/scripts/npc/heroes/npc_lia_hero_frost_lord.txt,16,0,False,engine_or_missing_unresolved
heroes,npc_dota_hero_lich,Ability6,frost_lord_ice,game/scripts/npc/heroes/npc_lia_hero_frost_lord.txt,17,1,True,local_definition
heroes,npc_dota_hero_ursa,Ability1,furbolg_champion_furious_clap,game/scripts/npc/heroes/npc_lia_hero_furbolg_champion.txt,11,1,True,local_definition
heroes,npc_dota_hero_ursa,Ability2,furbolg_champion_sharp_claws,game/scripts/npc/heroes/npc_lia_hero_furbolg_champion.txt,12,1,True,local_definition
heroes,npc_dota_hero_ursa,Ability3,furbolg_champion_swelling_rage,game/scripts/npc/heroes/npc_lia_hero_furbolg_champion.txt,13,1,True,local_definition
heroes,npc_dota_hero_ursa,Ability4,generic_hidden,game/scripts/npc/heroes/npc_lia_hero_furbolg_champion.txt,14,0,False,engine_or_missing_unresolved
heroes,npc_dota_hero_ursa,Ability5,generic_hidden,game/scripts/npc/heroes/npc_lia_hero_furbolg_champion.txt,15,0,False,engine_or_missing_unresolved
heroes,npc_dota_hero_ursa,Ability6,furbolg_champion_bears_agility,game/scripts/npc/heroes/npc_lia_hero_furbolg_champion.txt,16,1,True,local_definition
heroes,npc_dota_hero_chaos_knight,Ability1,general_rumble,game/scripts/npc/heroes/npc_lia_hero_general.txt,11,1,True,local_definition
heroes,npc_dota_hero_chaos_knight,Ability2,general_dark_magic_flow,game/scripts/npc/heroes/npc_lia_hero_general.txt,12,1,True,local_definition
heroes,npc_dota_hero_chaos_knight,Ability3,general_furious_strike,game/scripts/npc/heroes/npc_lia_hero_general.txt,13,1,True,local_definition
heroes,npc_dota_hero_chaos_knight,Ability4,generic_hidden,game/scripts/npc/heroes/npc_lia_hero_general.txt,14,0,False,engine_or_missing_unresolved
heroes,npc_dota_hero_chaos_knight,Ability5,generic_hidden,game/scripts/npc/heroes/npc_lia_hero_general.txt,15,0,False,engine_or_missing_unresolved
heroes,npc_dota_hero_chaos_knight,Ability6,general_magic_armor,game/scripts/npc/heroes/npc_lia_hero_general.txt,16,1,True,local_definition
heroes,npc_dota_hero_life_stealer,Ability1,ghoul_blood_thirst,game/scripts/npc/heroes/npc_lia_hero_ghoul.txt,11,1,True,local_definition
heroes,npc_dota_hero_life_stealer,Ability2,ghoul_devour,game/scripts/npc/heroes/npc_lia_hero_ghoul.txt,12,1,True,local_definition
heroes,npc_dota_hero_life_stealer,Ability3,ghoul_mortal_strike,game/scripts/npc/heroes/npc_lia_hero_ghoul.txt,13,1,True,local_definition
heroes,npc_dota_hero_life_stealer,Ability4,generic_hidden,game/scripts/npc/heroes/npc_lia_hero_ghoul.txt,14,0,False,engine_or_missing_unresolved
heroes,npc_dota_hero_life_stealer,Ability5,generic_hidden,game/scripts/npc/heroes/npc_lia_hero_ghoul.txt,15,0,False,engine_or_missing_unresolved
heroes,npc_dota_hero_life_stealer,Ability6,ghoul_persistence,game/scripts/npc/heroes/npc_lia_hero_ghoul.txt,16,1,True,local_definition
heroes,npc_dota_hero_wisp,Ability1,akron_explosion,game/scripts/npc/heroes/npc_lia_hero_golem.txt,26,1,True,local_definition
heroes,npc_dota_hero_wisp,Ability2,acron_battle_fevor,game/scripts/npc/heroes/npc_lia_hero_golem.txt,27,1,True,local_definition
heroes,npc_dota_hero_wisp,Ability3,akron_firerage,game/scripts/npc/heroes/npc_lia_hero_golem.txt,28,1,True,local_definition
heroes,npc_dota_hero_wisp,Ability4,generic_hidden,game/scripts/npc/heroes/npc_lia_hero_golem.txt,29,0,False,engine_or_missing_unresolved
heroes,npc_dota_hero_wisp,Ability5,generic_hidden,game/scripts/npc/heroes/npc_lia_hero_golem.txt,30,0,False,engine_or_missing_unresolved
heroes,npc_dota_hero_wisp,Ability6,acron_molten_fury,game/scripts/npc/heroes/npc_lia_hero_golem.txt,31,1,True,local_definition
heroes,npc_dota_hero_bane,Ability1,hermit_summon_water_elemental,game/scripts/npc/heroes/npc_lia_hero_hermit.txt,11,1,True,local_definition
heroes,npc_dota_hero_bane,Ability2,hermit_astral,game/scripts/npc/heroes/npc_lia_hero_hermit.txt,12,1,True,local_definition
heroes,npc_dota_hero_bane,Ability3,hermit_frost_arrows,game/scripts/npc/heroes/npc_lia_hero_hermit.txt,13,1,True,local_definition
heroes,npc_dota_hero_bane,Ability4,generic_hidden,game/scripts/npc/heroes/npc_lia_hero_hermit.txt,14,0,False,engine_or_missing_unresolved
heroes,npc_dota_hero_bane,Ability5,generic_hidden,game/scripts/npc/heroes/npc_lia_hero_hermit.txt,15,0,False,engine_or_missing_unresolved
heroes,npc_dota_hero_bane,Ability6,hermit_storm,game/scripts/npc/heroes/npc_lia_hero_hermit.txt,16,1,True,local_definition
heroes,npc_dota_hero_tusk,Ability1,highlander_storm_bolt,game/scripts/npc/heroes/npc_lia_hero_highlander.txt,11,1,True,local_definition
heroes,npc_dota_hero_tusk,Ability2,highlander_heavy_axe,game/scripts/npc/heroes/npc_lia_hero_highlander.txt,12,1,True,local_definition
heroes,npc_dota_hero_tusk,Ability3,highlander_improved_armor,game/scripts/npc/heroes/npc_lia_hero_highlander.txt,13,1,True,local_definition
heroes,npc_dota_hero_tusk,Ability4,generic_hidden,game/scripts/npc/heroes/npc_lia_hero_highlander.txt,14,0,False,engine_or_missing_unresolved
heroes,npc_dota_hero_tusk,Ability5,generic_hidden,game/scripts/npc/heroes/npc_lia_hero_highlander.txt,15,0,False,engine_or_missing_unresolved
heroes,npc_dota_hero_tusk,Ability6,highlander_might_of_the_highlander,game/scripts/npc/heroes/npc_lia_hero_highlander.txt,16,1,True,local_definition
heroes,npc_dota_hero_luna,Ability1,huntress_curse_of_elune,game/scripts/npc/heroes/npc_lia_hero_huntress.txt,11,1,True,local_definition
heroes,npc_dota_hero_luna,Ability2,huntress_power_of_the_moon,game/scripts/npc/heroes/npc_lia_hero_huntress.txt,12,1,True,local_definition
heroes,npc_dota_hero_luna,Ability3,huntress_moon_glaive,game/scripts/npc/heroes/npc_lia_hero_huntress.txt,13,1,True,local_definition
heroes,npc_dota_hero_luna,Ability4,generic_hidden,game/scripts/npc/heroes/npc_lia_hero_huntress.txt,14,0,False,engine_or_missing_unresolved
heroes,npc_dota_hero_luna,Ability5,generic_hidden,game/scripts/npc/heroes/npc_lia_hero_huntress.txt,15,0,False,engine_or_missing_unresolved
heroes,npc_dota_hero_luna,Ability6,huntress_moon_rite,game/scripts/npc/heroes/npc_lia_hero_huntress.txt,16,1,True,local_definition
heroes,npc_dota_hero_arc_warden,Ability1,illusionist_whiff_of_deception,game/scripts/npc/heroes/npc_lia_hero_illusionist.txt,11,1,True,local_definition
heroes,npc_dota_hero_arc_warden,Ability2,illusionist_mastery_of_deception,game/scripts/npc/heroes/npc_lia_hero_illusionist.txt,12,1,True,local_definition
heroes,npc_dota_hero_arc_warden,Ability3,illusionist_agility_paws,game/scripts/npc/heroes/npc_lia_hero_illusionist.txt,13,1,True,local_definition
heroes,npc_dota_hero_arc_warden,Ability4,generic_hidden,game/scripts/npc/heroes/npc_lia_hero_illusionist.txt,14,0,False,engine_or_missing_unresolved
heroes,npc_dota_hero_arc_warden,Ability5,generic_hidden,game/scripts/npc/heroes/npc_lia_hero_illusionist.txt,15,0,False,engine_or_missing_unresolved
heroes,npc_dota_hero_arc_warden,Ability6,illusionist_mastery_of_illusions,game/scripts/npc/heroes/npc_lia_hero_illusionist.txt,16,1,True,local_definition
heroes,npc_dota_hero_leshrac,Ability1,keeper_of_the_grove_roots,game/scripts/npc/heroes/npc_lia_hero_keeper_of_the_grove.txt,12,1,True,local_definition
heroes,npc_dota_hero_leshrac,Ability2,keeper_of_the_grove_treants,game/scripts/npc/heroes/npc_lia_hero_keeper_of_the_grove.txt,13,1,True,local_definition
heroes,npc_dota_hero_leshrac,Ability3,keeper_of_the_grove_guardian_spirit,game/scripts/npc/heroes/npc_lia_hero_keeper_of_the_grove.txt,14,1,True,local_definition
heroes,npc_dota_hero_leshrac,Ability4,generic_hidden,game/scripts/npc/heroes/npc_lia_hero_keeper_of_the_grove.txt,15,0,False,engine_or_missing_unresolved
heroes,npc_dota_hero_leshrac,Ability5,generic_hidden,game/scripts/npc/heroes/npc_lia_hero_keeper_of_the_grove.txt,16,0,False,engine_or_missing_unresolved
heroes,npc_dota_hero_leshrac,Ability6,keeper_of_the_grove_natures_curse,game/scripts/npc/heroes/npc_lia_hero_keeper_of_the_grove.txt,17,1,True,local_definition
heroes,npc_dota_hero_dragon_knight,Ability1,knight_illusions,game/scripts/npc/heroes/npc_lia_hero_knight.txt,11,1,True,local_definition
heroes,npc_dota_hero_dragon_knight,Ability2,knight_ancient_shield,game/scripts/npc/heroes/npc_lia_hero_knight.txt,12,1,True,local_definition
heroes,npc_dota_hero_dragon_knight,Ability3,knight_dark_shield,game/scripts/npc/heroes/npc_lia_hero_knight.txt,13,1,True,local_definition
heroes,npc_dota_hero_dragon_knight,Ability4,generic_hidden,game/scripts/npc/heroes/npc_lia_hero_knight.txt,14,0,False,engine_or_missing_unresolved
heroes,npc_dota_hero_dragon_knight,Ability5,generic_hidden,game/scripts/npc/heroes/npc_lia_hero_knight.txt,15,0,False,engine_or_missing_unresolved
heroes,npc_dota_hero_dragon_knight,Ability6,knight_dark_gifts,game/scripts/npc/heroes/npc_lia_hero_knight.txt,16,1,True,local_definition
heroes,npc_dota_hero_slark,Ability1,kret_acid,game/scripts/npc/heroes/npc_lia_hero_kret.txt,11,1,True,local_definition
heroes,npc_dota_hero_slark,Ability2,kret_poisoning,game/scripts/npc/heroes/npc_lia_hero_kret.txt,12,1,True,local_definition
heroes,npc_dota_hero_slark,Ability3,kret_lust_for_life,game/scripts/npc/heroes/npc_lia_hero_kret.txt,13,1,True,local_definition
heroes,npc_dota_hero_slark,Ability4,generic_hidden,game/scripts/npc/heroes/npc_lia_hero_kret.txt,14,0,False,engine_or_missing_unresolved
heroes,npc_dota_hero_slark,Ability5,generic_hidden,game/scripts/npc/heroes/npc_lia_hero_kret.txt,15,0,False,engine_or_missing_unresolved
heroes,npc_dota_hero_slark,Ability6,kret_virus,game/scripts/npc/heroes/npc_lia_hero_kret.txt,16,1,True,local_definition
heroes,npc_dota_hero_disruptor,Ability1,lord_of_lightning_chain_lightning,game/scripts/npc/heroes/npc_lia_hero_lord_of_lightning.txt,12,1,True,local_definition
heroes,npc_dota_hero_disruptor,Ability2,lord_of_lightning_lightning_shield,game/scripts/npc/heroes/npc_lia_hero_lord_of_lightning.txt,13,1,True,local_definition
heroes,npc_dota_hero_disruptor,Ability3,lord_of_lightning_holy_wrath,game/scripts/npc/heroes/npc_lia_hero_lord_of_lightning.txt,14,1,True,local_definition
heroes,npc_dota_hero_disruptor,Ability4,generic_hidden,game/scripts/npc/heroes/npc_lia_hero_lord_of_lightning.txt,15,0,False,engine_or_missing_unresolved
heroes,npc_dota_hero_disruptor,Ability5,generic_hidden,game/scripts/npc/heroes/npc_lia_hero_lord_of_lightning.txt,16,0,False,engine_or_missing_unresolved
heroes,npc_dota_hero_disruptor,Ability6,lord_of_lightning_brain_storm,game/scripts/npc/heroes/npc_lia_hero_lord_of_lightning.txt,17,1,True,local_definition
heroes,npc_dota_hero_sniper,Ability1,marksman_explosive_rounds,game/scripts/npc/heroes/npc_lia_hero_marksman.txt,11,1,True,local_definition
heroes,npc_dota_hero_sniper,Ability2,marksman_ricochet,game/scripts/npc/heroes/npc_lia_hero_marksman.txt,12,1,True,local_definition
heroes,npc_dota_hero_sniper,Ability3,marksman_marksmans_mastery,game/scripts/npc/heroes/npc_lia_hero_marksman.txt,13,1,True,local_definition
heroes,npc_dota_hero_sniper,Ability4,generic_hidden,game/scripts/npc/heroes/npc_lia_hero_marksman.txt,14,0,False,engine_or_missing_unresolved
heroes,npc_dota_hero_sniper,Ability5,generic_hidden,game/scripts/npc/heroes/npc_lia_hero_marksman.txt,15,0,False,engine_or_missing_unresolved
heroes,npc_dota_hero_sniper,Ability6,marksman_dragon_breath,game/scripts/npc/heroes/npc_lia_hero_marksman.txt,16,1,True,local_definition
heroes,npc_dota_hero_elder_titan,Ability1,minotaur_thunder_strike,game/scripts/npc/heroes/npc_lia_hero_minotaur.txt,11,1,True,local_definition
heroes,npc_dota_hero_elder_titan,Ability2,minotaur_fear,game/scripts/npc/heroes/npc_lia_hero_minotaur.txt,12,1,True,local_definition
heroes,npc_dota_hero_elder_titan,Ability3,minotaur_demonic_power,game/scripts/npc/heroes/npc_lia_hero_minotaur.txt,13,1,True,local_definition
heroes,npc_dota_hero_elder_titan,Ability4,generic_hidden,game/scripts/npc/heroes/npc_lia_hero_minotaur.txt,14,0,False,engine_or_missing_unresolved
heroes,npc_dota_hero_elder_titan,Ability5,generic_hidden,game/scripts/npc/heroes/npc_lia_hero_minotaur.txt,15,0,False,engine_or_missing_unresolved
heroes,npc_dota_hero_elder_titan,Ability6,minotaur_guardian_spirits,game/scripts/npc/heroes/npc_lia_hero_minotaur.txt,16,1,True,local_definition
heroes,npc_dota_hero_slardar,Ability1,royal_naga_guard_sea_wave,game/scripts/npc/heroes/npc_lia_hero_naga_royal_guard.txt,11,1,True,local_definition
heroes,npc_dota_hero_slardar,Ability2,naga_royal_guard_persistence,game/scripts/npc/heroes/npc_lia_hero_naga_royal_guard.txt,12,1,True,local_definition
heroes,npc_dota_hero_slardar,Ability3,naga_royal_guard_bash,game/scripts/npc/heroes/npc_lia_hero_naga_royal_guard.txt,13,1,True,local_definition
heroes,npc_dota_hero_slardar,Ability4,generic_hidden,game/scripts/npc/heroes/npc_lia_hero_naga_royal_guard.txt,14,0,False,engine_or_missing_unresolved
heroes,npc_dota_hero_slardar,Ability5,generic_hidden,game/scripts/npc/heroes/npc_lia_hero_naga_royal_guard.txt,15,0,False,engine_or_missing_unresolved
heroes,npc_dota_hero_slardar,Ability6,naga_royal_guard_crush,game/scripts/npc/heroes/npc_lia_hero_naga_royal_guard.txt,16,1,True,local_definition
heroes,npc_dota_hero_naga_siren,Ability1,naga_siren_fury,game/scripts/npc/heroes/npc_lia_hero_naga_siren.txt,11,1,True,local_definition
heroes,npc_dota_hero_naga_siren,Ability2,naga_siren_eating,game/scripts/npc/heroes/npc_lia_hero_naga_siren.txt,12,1,True,local_definition
heroes,npc_dota_hero_naga_siren,Ability3,naga_siren_art_of_battle,game/scripts/npc/heroes/npc_lia_hero_naga_siren.txt,13,1,True,local_definition
heroes,npc_dota_hero_naga_siren,Ability4,generic_hidden,game/scripts/npc/heroes/npc_lia_hero_naga_siren.txt,14,0,False,engine_or_missing_unresolved
heroes,npc_dota_hero_naga_siren,Ability5,generic_hidden,game/scripts/npc/heroes/npc_lia_hero_naga_siren.txt,15,0,False,engine_or_missing_unresolved
heroes,npc_dota_hero_naga_siren,Ability6,naga_siren_song,game/scripts/npc/heroes/npc_lia_hero_naga_siren.txt,16,1,True,local_definition
heroes,npc_dota_hero_abyssal_underlord,Ability1,necromancer_stabbing_death,game/scripts/npc/heroes/npc_lia_hero_necromancer.txt,11,1,True,local_definition
heroes,npc_dota_hero_abyssal_underlord,Ability2,necromancer_walking_corpses,game/scripts/npc/heroes/npc_lia_hero_necromancer.txt,12,1,True,local_definition
heroes,npc_dota_hero_abyssal_underlord,Ability3,necromancer_reincarnation,game/scripts/npc/heroes/npc_lia_hero_necromancer.txt,13,1,True,local_definition
heroes,npc_dota_hero_abyssal_underlord,Ability4,generic_hidden,game/scripts/npc/heroes/npc_lia_hero_necromancer.txt,14,0,False,engine_or_missing_unresolved
heroes,npc_dota_hero_abyssal_underlord,Ability5,generic_hidden,game/scripts/npc/heroes/npc_lia_hero_necromancer.txt,15,0,False,engine_or_missing_unresolved
heroes,npc_dota_hero_abyssal_underlord,Ability6,necromancer_galvanization,game/scripts/npc/heroes/npc_lia_hero_necromancer.txt,16,1,True,local_definition
heroes,npc_dota_hero_chen,Ability1,paladin_blizzard,game/scripts/npc/heroes/npc_lia_hero_paladin.txt,12,1,True,local_definition
heroes,npc_dota_hero_chen,Ability2,paladin_grace,game/scripts/npc/heroes/npc_lia_hero_paladin.txt,13,1,True,local_definition
heroes,npc_dota_hero_chen,Ability3,paladin_elect,game/scripts/npc/heroes/npc_lia_hero_paladin.txt,14,1,True,local_definition
heroes,npc_dota_hero_chen,Ability4,generic_hidden,game/scripts/npc/heroes/npc_lia_hero_paladin.txt,15,0,False,engine_or_missing_unresolved
heroes,npc_dota_hero_chen,Ability5,generic_hidden,game/scripts/npc/heroes/npc_lia_hero_paladin.txt,16,0,False,engine_or_missing_unresolved
heroes,npc_dota_hero_chen,Ability6,paladin_impregnability,game/scripts/npc/heroes/npc_lia_hero_paladin.txt,17,1,True,local_definition
heroes,npc_dota_hero_antimage,Ability1,pirate_magic_rum,game/scripts/npc/heroes/npc_lia_hero_pirate.txt,11,1,True,local_definition
heroes,npc_dota_hero_antimage,Ability2,pirate_poisoned_weapon,game/scripts/npc/heroes/npc_lia_hero_pirate.txt,12,1,True,local_definition
heroes,npc_dota_hero_antimage,Ability3,pirate_evasion,game/scripts/npc/heroes/npc_lia_hero_pirate.txt,13,1,True,local_definition
heroes,npc_dota_hero_antimage,Ability4,generic_hidden,game/scripts/npc/heroes/npc_lia_hero_pirate.txt,14,0,False,engine_or_missing_unresolved
heroes,npc_dota_hero_antimage,Ability5,generic_hidden,game/scripts/npc/heroes/npc_lia_hero_pirate.txt,15,0,False,engine_or_missing_unresolved
heroes,npc_dota_hero_antimage,Ability6,pirate_metamorphosis,game/scripts/npc/heroes/npc_lia_hero_pirate.txt,16,1,True,local_definition
heroes,npc_dota_hero_windrunner,Ability1,ranger_steel_hail,game/scripts/npc/heroes/npc_lia_hero_ranger.txt,11,1,True,local_definition
heroes,npc_dota_hero_windrunner,Ability2,ranger_trap,game/scripts/npc/heroes/npc_lia_hero_ranger.txt,12,1,True,local_definition
heroes,npc_dota_hero_windrunner,Ability3,ranger_aimed_shot,game/scripts/npc/heroes/npc_lia_hero_ranger.txt,13,1,True,local_definition
heroes,npc_dota_hero_windrunner,Ability4,generic_hidden,game/scripts/npc/heroes/npc_lia_hero_ranger.txt,14,0,False,engine_or_missing_unresolved
heroes,npc_dota_hero_windrunner,Ability5,generic_hidden,game/scripts/npc/heroes/npc_lia_hero_ranger.txt,15,0,False,engine_or_missing_unresolved
heroes,npc_dota_hero_windrunner,Ability6,ranger_volley_of_arrows,game/scripts/npc/heroes/npc_lia_hero_ranger.txt,16,1,True,local_definition
heroes,npc_dota_hero_medusa,Ability1,serpent_queen_ball_lightning,game/scripts/npc/heroes/npc_lia_hero_serpent_queen.txt,11,1,True,local_definition
heroes,npc_dota_hero_medusa,Ability2,serpent_queen_heavenly_power,game/scripts/npc/heroes/npc_lia_hero_serpent_queen.txt,12,1,True,local_definition
heroes,npc_dota_hero_medusa,Ability3,serpent_queen_accuracy,game/scripts/npc/heroes/npc_lia_hero_serpent_queen.txt,13,1,True,local_definition
heroes,npc_dota_hero_medusa,Ability4,generic_hidden,game/scripts/npc/heroes/npc_lia_hero_serpent_queen.txt,14,0,False,engine_or_missing_unresolved
heroes,npc_dota_hero_medusa,Ability5,generic_hidden,game/scripts/npc/heroes/npc_lia_hero_serpent_queen.txt,15,0,False,engine_or_missing_unresolved
heroes,npc_dota_hero_medusa,Ability6,serpent_queen_anger,game/scripts/npc/heroes/npc_lia_hero_serpent_queen.txt,16,1,True,local_definition
heroes,npc_dota_hero_terrorblade,Ability1,shadow_master_shadow,game/scripts/npc/heroes/npc_lia_hero_shadow_master.txt,11,1,True,local_definition
heroes,npc_dota_hero_terrorblade,Ability2,shadow_master_steal_shadow,game/scripts/npc/heroes/npc_lia_hero_shadow_master.txt,12,1,True,local_definition
heroes,npc_dota_hero_terrorblade,Ability3,shadow_master_art_of_shadows,game/scripts/npc/heroes/npc_lia_hero_shadow_master.txt,13,1,True,local_definition
heroes,npc_dota_hero_terrorblade,Ability4,generic_hidden,game/scripts/npc/heroes/npc_lia_hero_shadow_master.txt,14,0,False,engine_or_missing_unresolved
heroes,npc_dota_hero_terrorblade,Ability5,generic_hidden,game/scripts/npc/heroes/npc_lia_hero_shadow_master.txt,15,0,False,engine_or_missing_unresolved
heroes,npc_dota_hero_terrorblade,Ability6,shadow_master_agility_of_shadows,game/scripts/npc/heroes/npc_lia_hero_shadow_master.txt,16,1,True,local_definition
heroes,npc_dota_hero_bloodseeker,Ability1,shaman_starfall_datadriven,game/scripts/npc/heroes/npc_lia_hero_shaman.txt,11,1,True,local_definition
heroes,npc_dota_hero_bloodseeker,Ability2,shaman_madness_datadriven,game/scripts/npc/heroes/npc_lia_hero_shaman.txt,12,1,True,local_definition
heroes,npc_dota_hero_bloodseeker,Ability3,shaman_resourcefulness,game/scripts/npc/heroes/npc_lia_hero_shaman.txt,13,1,True,local_definition
heroes,npc_dota_hero_bloodseeker,Ability4,generic_hidden,game/scripts/npc/heroes/npc_lia_hero_shaman.txt,14,0,False,engine_or_missing_unresolved
heroes,npc_dota_hero_bloodseeker,Ability5,generic_hidden,game/scripts/npc/heroes/npc_lia_hero_shaman.txt,15,0,False,engine_or_missing_unresolved
heroes,npc_dota_hero_bloodseeker,Ability6,shaman_ancient_forces,game/scripts/npc/heroes/npc_lia_hero_shaman.txt,16,1,True,local_definition
heroes,npc_dota_hero_pugna,Ability1,skeleton_mage_aqua_vitae,game/scripts/npc/heroes/npc_lia_hero_skeleton_mage.txt,11,1,True,local_definition
heroes,npc_dota_hero_pugna,Ability2,skeleton_mage_light_magic,game/scripts/npc/heroes/npc_lia_hero_skeleton_mage.txt,12,1,True,local_definition
heroes,npc_dota_hero_pugna,Ability3,skeleton_mage_dark_magic,game/scripts/npc/heroes/npc_lia_hero_skeleton_mage.txt,13,1,True,local_definition
heroes,npc_dota_hero_pugna,Ability4,generic_hidden,game/scripts/npc/heroes/npc_lia_hero_skeleton_mage.txt,14,0,False,engine_or_missing_unresolved
heroes,npc_dota_hero_pugna,Ability5,generic_hidden,game/scripts/npc/heroes/npc_lia_hero_skeleton_mage.txt,15,0,False,engine_or_missing_unresolved
heroes,npc_dota_hero_pugna,Ability6,skeleton_mage_death_energy,game/scripts/npc/heroes/npc_lia_hero_skeleton_mage.txt,16,1,True,local_definition
heroes,npc_dota_hero_skeleton_king,Ability1,skeleton_thief_wind_walk,game/scripts/npc/heroes/npc_lia_hero_skeleton_thief.txt,11,1,True,local_definition
heroes,npc_dota_hero_skeleton_king,Ability2,skeleton_thief_fury,game/scripts/npc/heroes/npc_lia_hero_skeleton_thief.txt,12,1,True,local_definition
heroes,npc_dota_hero_skeleton_king,Ability3,skeleton_thief_concentration,game/scripts/npc/heroes/npc_lia_hero_skeleton_thief.txt,13,1,True,local_definition
heroes,npc_dota_hero_skeleton_king,Ability4,generic_hidden,game/scripts/npc/heroes/npc_lia_hero_skeleton_thief.txt,14,0,False,engine_or_missing_unresolved
heroes,npc_dota_hero_skeleton_king,Ability5,generic_hidden,game/scripts/npc/heroes/npc_lia_hero_skeleton_thief.txt,15,0,False,engine_or_missing_unresolved
heroes,npc_dota_hero_skeleton_king,Ability6,skeleton_thief_obsession,game/scripts/npc/heroes/npc_lia_hero_skeleton_thief.txt,16,1,True,local_definition
heroes,npc_dota_hero_faceless_void,Ability1,speedwarden_speed_burst,game/scripts/npc/heroes/npc_lia_hero_speedwarden.txt,11,1,True,local_definition
heroes,npc_dota_hero_faceless_void,Ability2,speedwarden_mad_charge,game/scripts/npc/heroes/npc_lia_hero_speedwarden.txt,12,1,True,local_definition
heroes,npc_dota_hero_faceless_void,Ability3,speedwarden_time_strike,game/scripts/npc/heroes/npc_lia_hero_speedwarden.txt,13,1,True,local_definition
heroes,npc_dota_hero_faceless_void,Ability4,generic_hidden,game/scripts/npc/heroes/npc_lia_hero_speedwarden.txt,14,0,False,engine_or_missing_unresolved
heroes,npc_dota_hero_faceless_void,Ability5,generic_hidden,game/scripts/npc/heroes/npc_lia_hero_speedwarden.txt,15,0,False,engine_or_missing_unresolved
heroes,npc_dota_hero_faceless_void,Ability6,speedwarden_wardens_swiftness,game/scripts/npc/heroes/npc_lia_hero_speedwarden.txt,16,1,True,local_definition
heroes,npc_dota_hero_broodmother,Ability1,spider_queen_killer_instinct,game/scripts/npc/heroes/npc_lia_hero_spider_queen.txt,11,1,True,local_definition
heroes,npc_dota_hero_broodmother,Ability2,spider_queen_spider_yarn,game/scripts/npc/heroes/npc_lia_hero_spider_queen.txt,12,1,True,local_definition
heroes,npc_dota_hero_broodmother,Ability3,spider_queen_infection,game/scripts/npc/heroes/npc_lia_hero_spider_queen.txt,13,1,True,local_definition
heroes,npc_dota_hero_broodmother,Ability4,generic_hidden,game/scripts/npc/heroes/npc_lia_hero_spider_queen.txt,14,0,False,engine_or_missing_unresolved
heroes,npc_dota_hero_broodmother,Ability5,generic_hidden,game/scripts/npc/heroes/npc_lia_hero_spider_queen.txt,15,0,False,engine_or_missing_unresolved
heroes,npc_dota_hero_broodmother,Ability6,spider_queen_thick_cover,game/scripts/npc/heroes/npc_lia_hero_spider_queen.txt,16,1,True,local_definition
heroes,npc_dota_hero_earthshaker,Ability1,tauren_champion_crushing_totem,game/scripts/npc/heroes/npc_lia_hero_tauren_champion.txt,11,1,True,local_definition
heroes,npc_dota_hero_earthshaker,Ability2,tauren_champion_champions_jump,game/scripts/npc/heroes/npc_lia_hero_tauren_champion.txt,12,1,True,local_definition
heroes,npc_dota_hero_earthshaker,Ability3,tauren_champion_accumulated_rage,game/scripts/npc/heroes/npc_lia_hero_tauren_champion.txt,13,1,True,local_definition
heroes,npc_dota_hero_earthshaker,Ability4,generic_hidden,game/scripts/npc/heroes/npc_lia_hero_tauren_champion.txt,14,0,False,engine_or_missing_unresolved
heroes,npc_dota_hero_earthshaker,Ability5,generic_hidden,game/scripts/npc/heroes/npc_lia_hero_tauren_champion.txt,15,0,False,engine_or_missing_unresolved
heroes,npc_dota_hero_earthshaker,Ability6,tauren_champion_finish_off,game/scripts/npc/heroes/npc_lia_hero_tauren_champion.txt,16,1,True,local_definition
heroes,npc_dota_hero_spirit_breaker,Ability1,time_lord_death,game/scripts/npc/heroes/npc_lia_hero_time_lord.txt,11,1,True,local_definition
heroes,npc_dota_hero_spirit_breaker,Ability2,time_lord_timelapse,game/scripts/npc/heroes/npc_lia_hero_time_lord.txt,12,1,True,local_definition
heroes,npc_dota_hero_spirit_breaker,Ability3,time_lord_wisdom_flow,game/scripts/npc/heroes/npc_lia_hero_time_lord.txt,13,1,True,local_definition
heroes,npc_dota_hero_spirit_breaker,Ability4,generic_hidden,game/scripts/npc/heroes/npc_lia_hero_time_lord.txt,14,0,False,engine_or_missing_unresolved
heroes,npc_dota_hero_spirit_breaker,Ability5,generic_hidden,game/scripts/npc/heroes/npc_lia_hero_time_lord.txt,15,0,False,engine_or_missing_unresolved
heroes,npc_dota_hero_spirit_breaker,Ability6,time_lord_stop_time,game/scripts/npc/heroes/npc_lia_hero_time_lord.txt,16,1,True,local_definition
heroes,npc_dota_hero_treant,Ability1,treant_butterfly_flock,game/scripts/npc/heroes/npc_lia_hero_treant.txt,11,1,True,local_definition
heroes,npc_dota_hero_treant,Ability2,treant_take_root,game/scripts/npc/heroes/npc_lia_hero_treant.txt,12,1,True,local_definition
heroes,npc_dota_hero_treant,Ability3,treant_craving_for_nature,game/scripts/npc/heroes/npc_lia_hero_treant.txt,13,1,True,local_definition
heroes,npc_dota_hero_treant,Ability4,generic_hidden,game/scripts/npc/heroes/npc_lia_hero_treant.txt,14,0,False,engine_or_missing_unresolved
heroes,npc_dota_hero_treant,Ability5,generic_hidden,game/scripts/npc/heroes/npc_lia_hero_treant.txt,15,0,False,engine_or_missing_unresolved
heroes,npc_dota_hero_treant,Ability6,treant_sharp_thorns,game/scripts/npc/heroes/npc_lia_hero_treant.txt,16,1,True,local_definition
heroes,npc_dota_hero_troll_warlord,Ability1,troll_cutthroat_boomeang_axe,game/scripts/npc/heroes/npc_lia_hero_troll_cutthroat.txt,11,1,True,local_definition
heroes,npc_dota_hero_troll_warlord,Ability2,troll_cutthroat_vulnerability,game/scripts/npc/heroes/npc_lia_hero_troll_cutthroat.txt,12,1,True,local_definition
heroes,npc_dota_hero_troll_warlord,Ability3,troll_cutthroat_enchanted_axes,game/scripts/npc/heroes/npc_lia_hero_troll_cutthroat.txt,13,1,True,local_definition
heroes,npc_dota_hero_troll_warlord,Ability4,generic_hidden,game/scripts/npc/heroes/npc_lia_hero_troll_cutthroat.txt,14,0,False,engine_or_missing_unresolved
heroes,npc_dota_hero_troll_warlord,Ability5,generic_hidden,game/scripts/npc/heroes/npc_lia_hero_troll_cutthroat.txt,15,0,False,engine_or_missing_unresolved
heroes,npc_dota_hero_troll_warlord,Ability6,troll_cutthroat_battle_trance,game/scripts/npc/heroes/npc_lia_hero_troll_cutthroat.txt,16,1,True,local_definition
heroes,npc_dota_hero_troll_warlord,Ability7,troll_cutthroat_boomeang_axe_return,game/scripts/npc/heroes/npc_lia_hero_troll_cutthroat.txt,17,1,True,local_definition
heroes,npc_dota_hero_phantom_assassin,Ability1,valkyrie_rage,game/scripts/npc/heroes/npc_lia_hero_valkyrie.txt,11,1,True,local_definition
heroes,npc_dota_hero_phantom_assassin,Ability2,valkyrie_true_hit,game/scripts/npc/heroes/npc_lia_hero_valkyrie.txt,12,1,True,local_definition
heroes,npc_dota_hero_phantom_assassin,Ability3,valkyrie_agility,game/scripts/npc/heroes/npc_lia_hero_valkyrie.txt,13,1,True,local_definition
heroes,npc_dota_hero_phantom_assassin,Ability4,generic_hidden,game/scripts/npc/heroes/npc_lia_hero_valkyrie.txt,14,0,False,engine_or_missing_unresolved
heroes,npc_dota_hero_phantom_assassin,Ability5,generic_hidden,game/scripts/npc/heroes/npc_lia_hero_valkyrie.txt,15,0,False,engine_or_missing_unresolved
heroes,npc_dota_hero_phantom_assassin,Ability6,valkyrie_fury,game/scripts/npc/heroes/npc_lia_hero_valkyrie.txt,16,1,True,local_definition
heroes,npc_dota_hero_lycan,Ability1,vampire_life_drain,game/scripts/npc/heroes/npc_lia_hero_vampire.txt,11,1,True,local_definition
heroes,npc_dota_hero_lycan,Ability2,vampire_lifesteal,game/scripts/npc/heroes/npc_lia_hero_vampire.txt,12,1,True,local_definition
heroes,npc_dota_hero_lycan,Ability3,vampire_thirst,game/scripts/npc/heroes/npc_lia_hero_vampire.txt,13,1,True,local_definition
heroes,npc_dota_hero_lycan,Ability4,generic_hidden,game/scripts/npc/heroes/npc_lia_hero_vampire.txt,14,0,False,engine_or_missing_unresolved
heroes,npc_dota_hero_lycan,Ability5,generic_hidden,game/scripts/npc/heroes/npc_lia_hero_vampire.txt,15,0,False,engine_or_missing_unresolved
heroes,npc_dota_hero_lycan,Ability6,vampire_transformation,game/scripts/npc/heroes/npc_lia_hero_vampire.txt,16,1,True,local_definition
heroes,npc_dota_hero_nevermore,Ability1,vowen_from_blood_steal_blood,game/scripts/npc/heroes/npc_lia_hero_vowen_from_blood.txt,17,1,True,local_definition
heroes,npc_dota_hero_nevermore,Ability2,vowen_from_blood_spiritual_flame,game/scripts/npc/heroes/npc_lia_hero_vowen_from_blood.txt,18,1,True,local_definition
heroes,npc_dota_hero_nevermore,Ability3,vowen_from_blood_soul_burn,game/scripts/npc/heroes/npc_lia_hero_vowen_from_blood.txt,19,1,True,local_definition
heroes,npc_dota_hero_nevermore,Ability4,generic_hidden,game/scripts/npc/heroes/npc_lia_hero_vowen_from_blood.txt,20,0,False,engine_or_missing_unresolved
heroes,npc_dota_hero_nevermore,Ability5,generic_hidden,game/scripts/npc/heroes/npc_lia_hero_vowen_from_blood.txt,21,0,False,engine_or_missing_unresolved
heroes,npc_dota_hero_nevermore,Ability6,vowen_from_blood_chaos,game/scripts/npc/heroes/npc_lia_hero_vowen_from_blood.txt,22,1,True,local_definition
heroes,npc_dota_hero_undying,Ability1,walking_dead_decay,game/scripts/npc/heroes/npc_lia_hero_walking_dead.txt,11,1,True,local_definition
heroes,npc_dota_hero_undying,Ability2,walking_dead_rot_curse,game/scripts/npc/heroes/npc_lia_hero_walking_dead.txt,12,1,True,local_definition
heroes,npc_dota_hero_undying,Ability3,walking_dead_vitality,game/scripts/npc/heroes/npc_lia_hero_walking_dead.txt,13,1,True,local_definition
heroes,npc_dota_hero_undying,Ability4,generic_hidden,game/scripts/npc/heroes/npc_lia_hero_walking_dead.txt,14,0,False,engine_or_missing_unresolved
heroes,npc_dota_hero_undying,Ability5,generic_hidden,game/scripts/npc/heroes/npc_lia_hero_walking_dead.txt,15,0,False,engine_or_missing_unresolved
heroes,npc_dota_hero_undying,Ability6,walking_dead_cemetery_power,game/scripts/npc/heroes/npc_lia_hero_walking_dead.txt,16,1,True,local_definition
heroes,npc_dota_hero_silencer,Ability1,wanderer_spirit_of_the_plains,game/scripts/npc/heroes/npc_lia_hero_wanderer.txt,11,1,True,local_definition
heroes,npc_dota_hero_silencer,Ability2,wanderer_the_flow_of_life,game/scripts/npc/heroes/npc_lia_hero_wanderer.txt,12,1,True,local_definition
heroes,npc_dota_hero_silencer,Ability3,wanderer_arcane_aura,game/scripts/npc/heroes/npc_lia_hero_wanderer.txt,13,1,True,local_definition
heroes,npc_dota_hero_silencer,Ability4,generic_hidden,game/scripts/npc/heroes/npc_lia_hero_wanderer.txt,14,0,False,engine_or_missing_unresolved
heroes,npc_dota_hero_silencer,Ability5,generic_hidden,game/scripts/npc/heroes/npc_lia_hero_wanderer.txt,15,0,False,engine_or_missing_unresolved
heroes,npc_dota_hero_silencer,Ability6,wanderer_ghosts,game/scripts/npc/heroes/npc_lia_hero_wanderer.txt,16,1,True,local_definition
heroes,npc_dota_hero_lion,Ability1,warlock_storm,game/scripts/npc/heroes/npc_lia_hero_warlock.txt,11,1,True,local_definition
heroes,npc_dota_hero_lion,Ability2,warlock_sacrifice,game/scripts/npc/heroes/npc_lia_hero_warlock.txt,12,1,True,local_definition
heroes,npc_dota_hero_lion,Ability3,warlock_magic_splash,game/scripts/npc/heroes/npc_lia_hero_warlock.txt,13,1,True,local_definition
heroes,npc_dota_hero_lion,Ability4,generic_hidden,game/scripts/npc/heroes/npc_lia_hero_warlock.txt,14,0,False,engine_or_missing_unresolved
heroes,npc_dota_hero_lion,Ability5,generic_hidden,game/scripts/npc/heroes/npc_lia_hero_warlock.txt,15,0,False,engine_or_missing_unresolved
heroes,npc_dota_hero_lion,Ability6,warlock_firestorm,game/scripts/npc/heroes/npc_lia_hero_warlock.txt,16,1,True,local_definition
heroes,npc_dota_hero_omniknight,Ability1,warrior_of_light_fetters,game/scripts/npc/heroes/npc_lia_hero_warrior_of_light.txt,11,1,True,local_definition
heroes,npc_dota_hero_omniknight,Ability2,warrior_of_light_will_light,game/scripts/npc/heroes/npc_lia_hero_warrior_of_light.txt,12,1,True,local_definition
heroes,npc_dota_hero_omniknight,Ability3,warrior_of_light_holy_power,game/scripts/npc/heroes/npc_lia_hero_warrior_of_light.txt,13,1,True,local_definition
heroes,npc_dota_hero_omniknight,Ability4,generic_hidden,game/scripts/npc/heroes/npc_lia_hero_warrior_of_light.txt,14,0,False,engine_or_missing_unresolved
heroes,npc_dota_hero_omniknight,Ability5,generic_hidden,game/scripts/npc/heroes/npc_lia_hero_warrior_of_light.txt,15,0,False,engine_or_missing_unresolved
heroes,npc_dota_hero_omniknight,Ability6,warrior_of_light_divine_protection,game/scripts/npc/heroes/npc_lia_hero_warrior_of_light.txt,16,1,True,local_definition
heroes,npc_dota_hero_shadow_shaman,Ability1,witch_doctor_negative_energy,game/scripts/npc/heroes/npc_lia_hero_witch_doctor.txt,12,1,True,local_definition
heroes,npc_dota_hero_shadow_shaman,Ability2,witch_doctor_frost_armor,game/scripts/npc/heroes/npc_lia_hero_witch_doctor.txt,13,1,True,local_definition
heroes,npc_dota_hero_shadow_shaman,Ability3,witch_doctor_discharge,game/scripts/npc/heroes/npc_lia_hero_witch_doctor.txt,14,1,True,local_definition
heroes,npc_dota_hero_shadow_shaman,Ability4,generic_hidden,game/scripts/npc/heroes/npc_lia_hero_witch_doctor.txt,15,0,False,engine_or_missing_unresolved
heroes,npc_dota_hero_shadow_shaman,Ability5,generic_hidden,game/scripts/npc/heroes/npc_lia_hero_witch_doctor.txt,16,0,False,engine_or_missing_unresolved
heroes,npc_dota_hero_shadow_shaman,Ability6,witch_doctor_regeneration,game/scripts/npc/heroes/npc_lia_hero_witch_doctor.txt,17,1,True,local_definition
units,fire_golem_10_wave,Ability1,spell_immunity,game/scripts/npc/units/10_wave_megaboss.txt,18,1,True,local_definition
units,fire_golem_10_wave,Ability2,fire_golem_10_wave_megaboss_immolation,game/scripts/npc/units/10_wave_megaboss.txt,19,1,True,local_definition
units,10_wave_megaboss,Ability1,10_wave_fire_golem,game/scripts/npc/units/10_wave_megaboss.txt,155,1,True,local_definition
units,10_wave_megaboss,Ability2,10_wave_rejuvenation,game/scripts/npc/units/10_wave_megaboss.txt,156,1,True,local_definition
units,10_wave_megaboss,Ability3,10_wave_antimagic,game/scripts/npc/units/10_wave_megaboss.txt,157,1,True,local_definition
units,10_wave_megaboss,Ability4,10_wave_slow,game/scripts/npc/units/10_wave_megaboss.txt,158,1,True,local_definition
units,10_wave_megaboss,Ability5,megaboss_10_return,game/scripts/npc/units/10_wave_megaboss.txt,159,1,True,local_definition
units,10_wave_megaboss,Ability6,true_sight,game/scripts/npc/units/10_wave_megaboss.txt,160,1,True,local_definition
units,15_wave_megaboss,Ability1,15_megaboss_illusions,game/scripts/npc/units/15_wave_megaboss.txt,17,1,True,local_definition
units,15_wave_megaboss,Ability2,15_megaboss_silence,game/scripts/npc/units/15_wave_megaboss.txt,18,1,True,local_definition
units,15_wave_megaboss,Ability3,15_megaboss_astral,game/scripts/npc/units/15_wave_megaboss.txt,19,1,True,local_definition
units,15_wave_megaboss,Ability4,megaboss_15_mana_break,game/scripts/npc/units/15_wave_megaboss.txt,20,1,True,local_definition
units,15_wave_megaboss,Ability5,true_sight,game/scripts/npc/units/15_wave_megaboss.txt,21,1,True,local_definition
units,15_wave_megaboss,Ability6,megaboss_15_ghoul_purge,game/scripts/npc/units/15_wave_megaboss.txt,22,1,True,local_definition
units,5_wave_megaboss,Ability1,5_megaboss_firestorm,game/scripts/npc/units/5_wave_megaboss.txt,17,1,True,local_definition
units,5_wave_megaboss,Ability2,5_megaboss_stomp,game/scripts/npc/units/5_wave_megaboss.txt,18,1,True,local_definition
units,5_wave_megaboss,Ability3,megaboss_5_bash,game/scripts/npc/units/5_wave_megaboss.txt,19,1,True,local_definition
units,5_wave_megaboss,Ability4,megaboss_5_crit,game/scripts/npc/units/5_wave_megaboss.txt,20,1,True,local_definition
units,5_wave_megaboss,Ability5,true_sight,game/scripts/npc/units/5_wave_megaboss.txt,21,1,True,local_definition
units,android_clockwerk_goblin1,Ability2,android_pocket_factory_spawn_goblin1,game/scripts/npc/units/android_units.txt,15,1,True,local_definition
units,android_clockwerk_goblin2,Ability2,android_pocket_factory_spawn_goblin2,game/scripts/npc/units/android_units.txt,94,1,True,local_definition
units,android_clockwerk_goblin3,Ability2,android_pocket_factory_spawn_goblin3,game/scripts/npc/units/android_units.txt,173,1,True,local_definition
units,white_wolf_bm,Ability1,white_wolf_bm_howl,game/scripts/npc/units/beastmaster_creeps.txt,17,1,True,local_definition
units,white_wolf_bm,Ability2,white_wolf_bm_crit,game/scripts/npc/units/beastmaster_creeps.txt,18,1,True,local_definition
units,jungle_stalker_bm,Ability1,jungle_stalker_bm_rejuvenation,game/scripts/npc/units/beastmaster_creeps.txt,77,1,True,local_definition
units,jungle_stalker_bm,Ability2,jungle_stalker_bm_crit,game/scripts/npc/units/beastmaster_creeps.txt,78,1,True,local_definition
units,phoenix_bm,Ability1,spell_immunity,game/scripts/npc/units/beastmaster_creeps.txt,138,1,True,local_definition
units,phoenix_bm,Ability2,phoenix_bm_spawn_egg,game/scripts/npc/units/beastmaster_creeps.txt,139,1,True,local_definition
units,phoenix_bm,Ability3,phoenix_bm_phoenix_fire,game/scripts/npc/units/beastmaster_creeps.txt,140,1,True,local_definition
units,phoenix_egg_bm,Ability1,spell_immunity,game/scripts/npc/units/beastmaster_creeps.txt,200,1,True,local_definition
units,phoenix_egg_bm,Ability2,phoenix_egg_bm_spawn_phoenix,game/scripts/npc/units/beastmaster_creeps.txt,201,1,True,local_definition
units,bear_bm,Ability1,5_megaboss_crit,game/scripts/npc/units/beastmaster_creeps.txt,249,0,False,engine_or_missing_unresolved
units,bear_bm,Ability2,5_megaboss_bash,game/scripts/npc/units/beastmaster_creeps.txt,250,0,False,engine_or_missing_unresolved
units,butcher_zombie_1,Ability1,butcher_skin,game/scripts/npc/units/butcher_zombies.txt,11,1,True,local_definition
units,butcher_zombie_2,Ability1,butcher_skin,game/scripts/npc/units/butcher_zombies.txt,68,1,True,local_definition
units,butcher_zombie_3,Ability1,butcher_zombie_bash,game/scripts/npc/units/butcher_zombies.txt,125,1,True,local_definition
units,butcher_zombie_3,Ability2,butcher_skin,game/scripts/npc/units/butcher_zombies.txt,126,1,True,local_definition
units,camera_guy,Ability1,camera_passive,game/scripts/npc/units/camera_guy.txt,9,1,True,local_definition
units,arena_rock,Ability1,barrel_no_health_bar,game/scripts/npc/units/decorations.txt,12,1,True,local_definition
units,arena_rock_2,Ability1,barrel_no_health_bar,game/scripts/npc/units/decorations.txt,58,1,True,local_definition
units,arena_rock_3,Ability1,barrel_no_health_bar,game/scripts/npc/units/decorations.txt,104,1,True,local_definition
units,arena_rock_4,Ability1,barrel_no_health_bar,game/scripts/npc/units/decorations.txt,149,1,True,local_definition
units,arena_rock_5,Ability1,barrel_no_health_bar,game/scripts/npc/units/decorations.txt,194,1,True,local_definition
units,arena_center_box,Ability1,barrel_no_health_bar,game/scripts/npc/units/decorations.txt,240,1,True,local_definition
units,barricades,Ability1,barrel_no_health_bar,game/scripts/npc/units/decorations.txt,288,1,True,local_definition
units,barricades_small,Ability1,barrel_no_health_bar,game/scripts/npc/units/decorations.txt,336,1,True,local_definition
units,barricades_big,Ability1,barrel_no_health_bar,game/scripts/npc/units/decorations.txt,384,1,True,local_definition
units,npc_dota_creature_barrel,Ability1,barrel_no_health_bar,game/scripts/npc/units/decorations.txt,435,1,True,local_definition
units,small_barrel,Ability1,barrel_no_health_bar,game/scripts/npc/units/decorations.txt,481,1,True,local_definition
units,small_barrel_side,Ability1,barrel_no_health_bar,game/scripts/npc/units/decorations.txt,527,1,True,local_definition
units,big_barrel,Ability1,barrel_no_health_bar,game/scripts/npc/units/decorations.txt,574,1,True,local_definition
units,tnt_barrel,Ability1,barrel_no_health_bar,game/scripts/npc/units/decorations.txt,620,1,True,local_definition
units,tnt_barrel,Ability2,barrel_explosion,game/scripts/npc/units/decorations.txt,621,1,True,local_definition
units,tnt_barrel,Ability3,barrel_invulnerability,game/scripts/npc/units/decorations.txt,622,1,True,local_definition
units,barricades_halloween,Ability1,barrel_no_health_bar,game/scripts/npc/units/decorations.txt,668,1,True,local_definition
units,barricades_halloween2,Ability1,barrel_no_health_bar,game/scripts/npc/units/decorations.txt,716,1,True,local_definition
units,barricades_halloween3,Ability1,barrel_no_health_bar,game/scripts/npc/units/decorations.txt,764,1,True,local_definition
units,dummy_unit,Ability1,dummy_passive,game/scripts/npc/units/dummy_unit.txt,12,1,True,local_definition
units,dummy_unit_vulnerable,Ability1,dummy_passive_vulnerable,game/scripts/npc/units/dummy_unit.txt,24,1,True,local_definition
units,dummy_unit_building,Ability1,dummy_passive,game/scripts/npc/units/dummy_unit.txt,37,1,True,local_definition
units,dummy_unit_anomaly,Ability1,dummy_passive,game/scripts/npc/units/dummy_unit.txt,49,1,True,local_definition
units,dummy_unit_side_effect,Ability1,dummy_passive,game/scripts/npc/units/dummy_unit.txt,61,1,True,local_definition
units,dummy_unit_phase_hero,Ability1,dummy_passive_nofly,game/scripts/npc/units/dummy_unit.txt,73,1,True,local_definition
units,dummy_unit_pure_light,Ability1,dummy_passive,game/scripts/npc/units/dummy_unit.txt,86,1,True,local_definition
units,dummy_unit_pure_light,Ability2,pure_light_ability,game/scripts/npc/units/dummy_unit.txt,87,0,False,engine_or_missing_unresolved
units,1_wave_boss_extreme,Ability1,1_wave_stomp_extreme,game/scripts/npc/units/extreme_mode_bosses.txt,17,1,True,local_definition
units,1_wave_boss_extreme,Ability2,wave_1_poison_extreme,game/scripts/npc/units/extreme_mode_bosses.txt,18,1,True,local_definition
units,2_wave_boss_extreme,Ability1,wave_2_centaurs_revenge_extreme,game/scripts/npc/units/extreme_mode_bosses.txt,81,1,True,local_definition
units,2_wave_boss_extreme,Ability2,2_wave_war_stomp_extreme,game/scripts/npc/units/extreme_mode_bosses.txt,82,1,True,local_definition
units,2_wave_boss_extreme,Ability3,wave_2_aura_of_vengeance_extreme,game/scripts/npc/units/extreme_mode_bosses.txt,83,1,True,local_definition
units,2_wave_boss_extreme,Ability4,second_wave_wave_of_force_extreme,game/scripts/npc/units/extreme_mode_bosses.txt,84,1,True,local_definition
units,3_wave_boss_extreme,Ability1,wave_3_evasion_extreme,game/scripts/npc/units/extreme_mode_bosses.txt,145,1,True,local_definition
units,3_wave_boss_extreme,Ability2,3_wave_rejuvenation_extreme,game/scripts/npc/units/extreme_mode_bosses.txt,146,1,True,local_definition
units,4_wave_boss_extreme,Ability1,4_wave_death_coil,game/scripts/npc/units/extreme_mode_bosses.txt,208,1,True,local_definition
units,4_wave_boss_extreme,Ability2,4_wave_ensnare_extreme,game/scripts/npc/units/extreme_mode_bosses.txt,209,1,True,local_definition
units,4_wave_boss_extreme,Ability3,4_wave_true_hit_extreme,game/scripts/npc/units/extreme_mode_bosses.txt,210,1,True,local_definition
units,6_wave_boss_extreme,Ability1,6_wave_curse,game/scripts/npc/units/extreme_mode_bosses.txt,267,1,True,local_definition
units,6_wave_boss_extreme,Ability2,6_wave_cripple,game/scripts/npc/units/extreme_mode_bosses.txt,268,1,True,local_definition
units,6_wave_boss_extreme,Ability3,wave_6_invisibility,game/scripts/npc/units/extreme_mode_bosses.txt,269,1,True,local_definition
units,7_wave_boss_extreme,Ability1,7_wave_howl_of_terror_extreme,game/scripts/npc/units/extreme_mode_bosses.txt,332,1,True,local_definition
units,7_wave_boss_extreme,Ability2,7_wave_plague,game/scripts/npc/units/extreme_mode_bosses.txt,333,1,True,local_definition
units,7_wave_boss_extreme,Ability3,7_wave_sharp_claws_extreme,game/scripts/npc/units/extreme_mode_bosses.txt,334,1,True,local_definition
units,8_wave_boss_extreme,Ability1,wave_8_cleave,game/scripts/npc/units/extreme_mode_bosses.txt,397,1,True,local_definition
units,8_wave_boss_extreme,Ability2,custom_spell_immunity,game/scripts/npc/units/extreme_mode_bosses.txt,398,1,True,local_definition
units,8_wave_boss_extreme,Ability3,wave_8_lifesteal_aura,game/scripts/npc/units/extreme_mode_bosses.txt,399,1,True,local_definition
units,8_wave_boss_extreme,Ability4,8_wave_storm_bolt,game/scripts/npc/units/extreme_mode_bosses.txt,400,1,True,local_definition
units,8_wave_boss_extreme,Ability5,wave_8_lifesteal_extreme,game/scripts/npc/units/extreme_mode_bosses.txt,401,1,True,local_definition
units,9_wave_boss_extreme,Ability1,9_wave_frost_nova,game/scripts/npc/units/extreme_mode_bosses.txt,480,1,True,local_definition
units,9_wave_boss_extreme,Ability2,wave_9_morphallaxis,game/scripts/npc/units/extreme_mode_bosses.txt,481,1,True,local_definition
units,11_wave_boss_extreme,Ability1,wave_11_mana_break_extreme,game/scripts/npc/units/extreme_mode_bosses.txt,542,1,True,local_definition
units,12_wave_boss_extreme,Ability1,wave_12_bash,game/scripts/npc/units/extreme_mode_bosses.txt,606,1,True,local_definition
units,12_wave_boss_extreme,Ability2,12_wave_bloodlust_extreme,game/scripts/npc/units/extreme_mode_bosses.txt,607,1,True,local_definition
units,12_wave_boss_extreme,Ability3,12_wave_roots_extreme,game/scripts/npc/units/extreme_mode_bosses.txt,608,1,True,local_definition
units,13_wave_boss_extreme,Ability1,custom_spell_immunity,game/scripts/npc/units/extreme_mode_bosses.txt,670,1,True,local_definition
units,13_wave_boss_extreme,Ability2,wave_13_command_aura_extreme,game/scripts/npc/units/extreme_mode_bosses.txt,671,1,True,local_definition
units,14_wave_boss_extreme,Ability1,14_wave_storm_bolt_extreme,game/scripts/npc/units/extreme_mode_bosses.txt,738,1,True,local_definition
units,16_wave_boss_extreme,Ability1,wave_16_mana_burn_extreme,game/scripts/npc/units/extreme_mode_bosses.txt,809,1,True,local_definition
units,16_wave_boss_extreme,Ability2,16_wave_slow_extreme,game/scripts/npc/units/extreme_mode_bosses.txt,810,1,True,local_definition
units,17_wave_boss_extreme,Ability1,wave_17_evasion_extreme,game/scripts/npc/units/extreme_mode_bosses.txt,872,1,True,local_definition
units,18_wave_boss_extreme,Ability1,wave_18_bash_extreme,game/scripts/npc/units/extreme_mode_bosses.txt,949,1,True,local_definition
units,19_wave_boss_extreme,Ability1,19_wave_polymorph_extreme,game/scripts/npc/units/extreme_mode_bosses.txt,1013,1,True,local_definition
units,1_wave_creep_extreme,Ability1,wave_1_poison_extreme,game/scripts/npc/units/extreme_mode_creeps.txt,16,1,True,local_definition
units,2_wave_creep_extreme,Ability1,wave_2_centaurs_revenge_extreme,game/scripts/npc/units/extreme_mode_creeps.txt,81,1,True,local_definition
units,3_wave_creep_extreme,Ability1,wave_3_evasion_extreme,game/scripts/npc/units/extreme_mode_creeps.txt,146,1,True,local_definition
units,4_wave_creep_extreme,Ability1,4_wave_true_hit_extreme,game/scripts/npc/units/extreme_mode_creeps.txt,211,1,True,local_definition
units,6_wave_creep_extreme,Ability1,wave_6_assassin_extreme,game/scripts/npc/units/extreme_mode_creeps.txt,273,1,True,local_definition
units,6_wave_creep_extreme,Ability2,wave_6_invisibility,game/scripts/npc/units/extreme_mode_creeps.txt,274,1,True,local_definition
units,7_wave_creep_extreme,Ability1,7_wave_plague,game/scripts/npc/units/extreme_mode_creeps.txt,338,1,True,local_definition
units,7_wave_creep_extreme,Ability2,7_wave_sharp_claws_extreme,game/scripts/npc/units/extreme_mode_creeps.txt,339,1,True,local_definition
units,8_wave_creep_extreme,Ability1,wave_8_cleave,game/scripts/npc/units/extreme_mode_creeps.txt,403,1,True,local_definition
units,8_wave_creep_extreme,Ability2,wave_8_lifesteal_extreme,game/scripts/npc/units/extreme_mode_creeps.txt,404,1,True,local_definition
units,8_wave_creep_extreme,Ability3,custom_spell_immunity,game/scripts/npc/units/extreme_mode_creeps.txt,405,1,True,local_definition
units,11_wave_creep_extreme,Ability1,11_wave_immolation_extreme,game/scripts/npc/units/extreme_mode_creeps.txt,534,1,True,local_definition
units,11_wave_creep_extreme,Ability2,wave_11_mana_break_extreme_creeps,game/scripts/npc/units/extreme_mode_creeps.txt,535,1,True,local_definition
units,11_wave_creep_extreme,Ability3,wave_11_cleave,game/scripts/npc/units/extreme_mode_creeps.txt,536,1,True,local_definition
units,12_wave_creep_extreme,Ability1,12_wave_stomp,game/scripts/npc/units/extreme_mode_creeps.txt,599,1,True,local_definition
units,12_wave_creep_extreme,Ability2,wave_12_crit_extreme,game/scripts/npc/units/extreme_mode_creeps.txt,600,1,True,local_definition
units,13_wave_creep_extreme,Ability1,13_wave_hurl_boulder,game/scripts/npc/units/extreme_mode_creeps.txt,662,1,True,local_definition
units,13_wave_creep_extreme,Ability2,custom_spell_immunity,game/scripts/npc/units/extreme_mode_creeps.txt,663,1,True,local_definition
units,14_wave_creep_extreme,Ability1,14_wave_shadow_strike_extreme,game/scripts/npc/units/extreme_mode_creeps.txt,730,1,True,local_definition
units,16_wave_creep_extreme,Ability1,wave_16_mana_burn_extreme,game/scripts/npc/units/extreme_mode_creeps.txt,802,1,True,local_definition
units,16_wave_creep_extreme,Ability2,wave_16_evasion_extreme,game/scripts/npc/units/extreme_mode_creeps.txt,803,1,True,local_definition
units,17_wave_creep_extreme,Ability1,17_wave_purge_extreme,game/scripts/npc/units/extreme_mode_creeps.txt,865,1,True,local_definition
units,18_wave_creep_extreme,Ability1,18_wave_silence_extreme,game/scripts/npc/units/extreme_mode_creeps.txt,931,1,True,local_definition
units,19_wave_creep_extreme,Ability1,19_wave_faerie_fire_extreme,game/scripts/npc/units/extreme_mode_creeps.txt,1004,1,True,local_definition
units,npc_serpent_ward_1,Ability1,neutral_spell_immunity,game/scripts/npc/units/firelord_units.txt,215,0,False,engine_or_missing_unresolved
units,npc_serpent_ward_2,Ability1,neutral_spell_immunity,game/scripts/npc/units/firelord_units.txt,295,0,False,engine_or_missing_unresolved
units,npc_serpent_ward_3,Ability1,neutral_spell_immunity,game/scripts/npc/units/firelord_units.txt,375,0,False,engine_or_missing_unresolved
units,npc_serpent_ward_4,Ability1,neutral_spell_immunity,game/scripts/npc/units/firelord_units.txt,455,0,False,engine_or_missing_unresolved
units,npc_water_elemental_4,Ability1,water_elemental_4_orb,game/scripts/npc/units/hermit_water_elementals.txt,288,1,True,local_definition
units,item_lia_healing_ward_unit,Ability1,healing_ward_ability,game/scripts/npc/units/item_lia_healing_ward_unit.txt,19,1,True,local_definition
units,keeper_of_the_grove_treant_2,Ability1,keeper_of_the_grove_treants_unity,game/scripts/npc/units/keeper_of_the_grove_units.txt,76,1,True,local_definition
units,keeper_of_the_grove_treant_2,Ability2,keeper_of_the_grove_treants_cyclone,game/scripts/npc/units/keeper_of_the_grove_units.txt,77,1,True,local_definition
units,keeper_of_the_grove_treant_3,Ability1,keeper_of_the_grove_treants_unity,game/scripts/npc/units/keeper_of_the_grove_units.txt,138,1,True,local_definition
units,keeper_of_the_grove_treant_3,Ability2,keeper_of_the_grove_treants_cyclone,game/scripts/npc/units/keeper_of_the_grove_units.txt,139,1,True,local_definition
units,keeper_of_the_grove_treant_3,Ability3,keeper_of_the_grove_treants_reborn,game/scripts/npc/units/keeper_of_the_grove_units.txt,140,1,True,local_definition
units,keeper_of_the_grove_guardian_spirit,Ability1,keeper_of_the_grove_guardian_spirit_narure_forces,game/scripts/npc/units/keeper_of_the_grove_units.txt,263,1,True,local_definition
units,necromancer_skeleton4,Ability1,necromancer_skel_return,game/scripts/npc/units/necromancer_creeps.txt,180,1,True,local_definition
units,1_wave_boss,Ability1,1_wave_stomp,game/scripts/npc/units/normal_mode_bosses.txt,17,1,True,local_definition
units,1_wave_boss,Ability2,wave_1_poison,game/scripts/npc/units/normal_mode_bosses.txt,18,1,True,local_definition
units,2_wave_boss,Ability1,second_wave_wave_of_force,game/scripts/npc/units/normal_mode_bosses.txt,81,1,True,local_definition
units,2_wave_boss,Ability2,wave_2_aura_of_vengeance,game/scripts/npc/units/normal_mode_bosses.txt,82,1,True,local_definition
units,2_wave_boss,Ability3,wave_2_centaurs_revenge,game/scripts/npc/units/normal_mode_bosses.txt,83,1,True,local_definition
units,3_wave_boss,Ability1,wave_3_evasion,game/scripts/npc/units/normal_mode_bosses.txt,145,1,True,local_definition
units,3_wave_boss,Ability2,3_wave_rejuvenation,game/scripts/npc/units/normal_mode_bosses.txt,146,1,True,local_definition
units,4_wave_boss,Ability1,4_wave_death_coil,game/scripts/npc/units/normal_mode_bosses.txt,208,1,True,local_definition
units,6_wave_boss,Ability1,6_wave_cripple,game/scripts/npc/units/normal_mode_bosses.txt,267,1,True,local_definition
units,6_wave_boss,Ability2,wave_6_invisibility,game/scripts/npc/units/normal_mode_bosses.txt,268,1,True,local_definition
units,7_wave_boss,Ability1,7_wave_howl_of_terror,game/scripts/npc/units/normal_mode_bosses.txt,332,1,True,local_definition
units,7_wave_boss,Ability2,7_wave_plague,game/scripts/npc/units/normal_mode_bosses.txt,333,1,True,local_definition
units,8_wave_boss,Ability1,wave_8_cleave,game/scripts/npc/units/normal_mode_bosses.txt,397,1,True,local_definition
units,8_wave_boss,Ability2,custom_spell_immunity,game/scripts/npc/units/normal_mode_bosses.txt,398,1,True,local_definition
units,8_wave_boss,Ability3,wave_8_lifesteal_aura,game/scripts/npc/units/normal_mode_bosses.txt,399,1,True,local_definition
units,8_wave_boss,Ability4,8_wave_storm_bolt,game/scripts/npc/units/normal_mode_bosses.txt,400,1,True,local_definition
units,9_wave_boss,Ability1,9_wave_frost_nova,game/scripts/npc/units/normal_mode_bosses.txt,480,1,True,local_definition
units,9_wave_boss,Ability2,wave_9_morphallaxis,game/scripts/npc/units/normal_mode_bosses.txt,481,1,True,local_definition
units,11_wave_boss,Ability1,wave_11_mana_break,game/scripts/npc/units/normal_mode_bosses.txt,542,1,True,local_definition
units,12_wave_boss,Ability1,wave_12_bash,game/scripts/npc/units/normal_mode_bosses.txt,606,1,True,local_definition
units,12_wave_boss,Ability2,12_wave_bloodlust,game/scripts/npc/units/normal_mode_bosses.txt,607,1,True,local_definition
units,12_wave_boss,Ability3,12_wave_roots,game/scripts/npc/units/normal_mode_bosses.txt,608,1,True,local_definition
units,13_wave_boss,Ability1,custom_spell_immunity,game/scripts/npc/units/normal_mode_bosses.txt,671,1,True,local_definition
units,13_wave_boss,Ability2,wave_13_command_aura,game/scripts/npc/units/normal_mode_bosses.txt,672,1,True,local_definition
units,14_wave_boss,Ability1,14_wave_storm_bolt,game/scripts/npc/units/normal_mode_bosses.txt,739,1,True,local_definition
units,16_wave_boss,Ability1,wave_16_mana_burn,game/scripts/npc/units/normal_mode_bosses.txt,811,1,True,local_definition
units,16_wave_boss,Ability2,16_wave_slow,game/scripts/npc/units/normal_mode_bosses.txt,812,1,True,local_definition
units,17_wave_boss,Ability1,wave_17_evasion,game/scripts/npc/units/normal_mode_bosses.txt,874,1,True,local_definition
units,18_wave_boss,Ability1,wave_18_bash,game/scripts/npc/units/normal_mode_bosses.txt,951,1,True,local_definition
units,19_wave_boss,Ability1,19_wave_polymorph,game/scripts/npc/units/normal_mode_bosses.txt,1015,1,True,local_definition
units,1_wave_creep,Ability1,wave_1_poison,game/scripts/npc/units/normal_mode_creeps.txt,17,1,True,local_definition
units,2_wave_creep,Ability1,wave_2_centaurs_revenge,game/scripts/npc/units/normal_mode_creeps.txt,82,1,True,local_definition
units,3_wave_creep,Ability1,wave_3_evasion,game/scripts/npc/units/normal_mode_creeps.txt,147,1,True,local_definition
units,4_wave_creep,Ability1,4_wave_true_hit,game/scripts/npc/units/normal_mode_creeps.txt,212,1,True,local_definition
units,6_wave_creep,Ability1,wave_6_assassin,game/scripts/npc/units/normal_mode_creeps.txt,272,1,True,local_definition
units,6_wave_creep,Ability2,wave_6_invisibility,game/scripts/npc/units/normal_mode_creeps.txt,273,1,True,local_definition
units,7_wave_creep,Ability1,7_wave_plague,game/scripts/npc/units/normal_mode_creeps.txt,337,1,True,local_definition
units,7_wave_creep,Ability2,7_wave_sharp_claws,game/scripts/npc/units/normal_mode_creeps.txt,338,1,True,local_definition
units,8_wave_creep,Ability1,wave_8_cleave,game/scripts/npc/units/normal_mode_creeps.txt,402,1,True,local_definition
units,11_wave_creep,Ability1,11_wave_immolation,game/scripts/npc/units/normal_mode_creeps.txt,533,1,True,local_definition
units,11_wave_creep,Ability2,wave_11_cleave,game/scripts/npc/units/normal_mode_creeps.txt,534,1,True,local_definition
units,12_wave_creep,Ability1,12_wave_stomp,game/scripts/npc/units/normal_mode_creeps.txt,598,1,True,local_definition
units,12_wave_creep,Ability2,wave_12_crit,game/scripts/npc/units/normal_mode_creeps.txt,599,1,True,local_definition
units,13_wave_creep,Ability1,13_wave_hurl_boulder,game/scripts/npc/units/normal_mode_creeps.txt,664,1,True,local_definition
units,14_wave_creep,Ability1,14_wave_shadow_strike,game/scripts/npc/units/normal_mode_creeps.txt,732,1,True,local_definition
units,16_wave_creep,Ability1,wave_16_mana_burn,game/scripts/npc/units/normal_mode_creeps.txt,805,1,True,local_definition
units,17_wave_creep,Ability1,17_wave_purge,game/scripts/npc/units/normal_mode_creeps.txt,868,1,True,local_definition
units,18_wave_creep,Ability1,18_wave_silence,game/scripts/npc/units/normal_mode_creeps.txt,936,1,True,local_definition
units,19_wave_creep,Ability1,19_wave_faerie_fire,game/scripts/npc/units/normal_mode_creeps.txt,1009,1,True,local_definition
units,orn_megaboss,Ability1,true_sight,game/scripts/npc/units/orn_megaboss.txt,42,1,True,local_definition
units,orn_megaboss,Ability2,orn_all_bonuses,game/scripts/npc/units/orn_megaboss.txt,43,1,True,local_definition
units,orn_megaboss,Ability3,orn_cleave_manabreak_lifesteal,game/scripts/npc/units/orn_megaboss.txt,44,1,True,local_definition
units,orn_megaboss,Ability4,orn_return,game/scripts/npc/units/orn_megaboss.txt,45,1,True,local_definition
units,orn_megaboss,Ability5,orn_bash,game/scripts/npc/units/orn_megaboss.txt,46,1,True,local_definition
units,orn_megaboss,Ability6,orn_crit,game/scripts/npc/units/orn_megaboss.txt,47,1,True,local_definition
units,orn_megaboss,Ability7,orn_mana_break,game/scripts/npc/units/orn_megaboss.txt,48,1,True,local_definition
units,npc_lia_troll_defender,Ability1,invulnerability,game/scripts/npc/units/purchasable_units.txt,153,1,True,local_definition
units,npc_lia_troll_defender,Ability2,troll_defender_armor_aura,game/scripts/npc/units/purchasable_units.txt,154,1,True,local_definition
units,npc_lia_troll_healer,Ability1,spell_immunity,game/scripts/npc/units/purchasable_units.txt,221,1,True,local_definition
units,npc_lia_troll_healer,Ability2,troll_healer_heal,game/scripts/npc/units/purchasable_units.txt,222,1,True,local_definition
units,npc_doom_guard_spawn,Ability1,doom_spawn_cripple,game/scripts/npc/units/purchasable_units.txt,280,1,True,local_definition
units,npc_doom_guard_spawn,Ability2,doom_spawn_stomp,game/scripts/npc/units/purchasable_units.txt,281,1,True,local_definition
units,hell_beast,Ability1,hell_beast_bloodlust,game/scripts/npc/units/purchasable_units.txt,386,1,True,local_definition
units,hell_beast,Ability2,hell_beast_sleep,game/scripts/npc/units/purchasable_units.txt,387,1,True,local_definition
units,spherical_staff_fire_golem,Ability1,spell_immunity,game/scripts/npc/units/purchasable_units.txt,455,1,True,local_definition
units,spherical_staff_fire_golem,Ability2,spherical_staff_fire_golem_immolation,game/scripts/npc/units/purchasable_units.txt,456,1,True,local_definition
units,npc_lia_boar,Ability1,invulnerability,game/scripts/npc/units/purchasable_units.txt,511,1,True,local_definition
units,npc_lia_boar,Ability2,boar_poison,game/scripts/npc/units/purchasable_units.txt,512,1,True,local_definition
units,shadow_master_shadow,Ability1,shadow_return_to_owner,game/scripts/npc/units/shadow_master_shadow.txt,11,1,True,local_definition
units,shadow_master_shadow,Ability2,shadow_shadow_mastery,game/scripts/npc/units/shadow_master_shadow.txt,12,1,True,local_definition
units,shadow_master_shadow,Ability3,shadow_world_of_shadows,game/scripts/npc/units/shadow_master_shadow.txt,13,1,True,local_definition
units,spirit_of_the_plains1,Ability1,spirit_of_the_plains_fog,game/scripts/npc/units/wanderer_creeps.txt,23,1,True,local_definition
units,spirit_of_the_plains2,Ability1,spirit_of_the_plains_fog,game/scripts/npc/units/wanderer_creeps.txt,98,1,True,local_definition
units,spirit_of_the_plains2,Ability2,neutral_spell_immunity,game/scripts/npc/units/wanderer_creeps.txt,99,0,False,engine_or_missing_unresolved
units,spirit_of_the_plains3,Ability1,spirit_of_the_plains_fog,game/scripts/npc/units/wanderer_creeps.txt,171,1,True,local_definition
units,spirit_of_the_plains3,Ability2,neutral_spell_immunity,game/scripts/npc/units/wanderer_creeps.txt,172,0,False,engine_or_missing_unresolved
units,spirit_of_the_plains3,Ability3,spirit_of_the_plains_slow,game/scripts/npc/units/wanderer_creeps.txt,173,1,True,local_definition
units,ghost_1,Ability1,essence_of_the_ghost_aura1,game/scripts/npc/units/wanderer_creeps.txt,253,1,True,local_definition
units,ghost_2,Ability1,essence_of_the_ghost_aura2,game/scripts/npc/units/wanderer_creeps.txt,331,1,True,local_definition
units,ghost_3,Ability1,essence_of_the_ghost_aura3,game/scripts/npc/units/wanderer_creeps.txt,411,1,True,local_definition
units,ghost_4,Ability1,essence_of_the_ghost_aura4,game/scripts/npc/units/wanderer_creeps.txt,492,1,True,local_definition
