id,name_ru,source,line,included_from_engine_root,override_hero,Role,Rolelevels,Complexity,Ability1,Ability2,Ability3,Ability4,Ability5,Ability6,Ability7,Ability8,Ability9,Ability10,Ability11,Ability12,Ability13,Ability14,Ability15,Ability16,Ability17,Ability25,Facets,ArmorPhysical,MagicalResistance,AttackCapabilities,AttackDamageMin,AttackDamageMax,AttackRate,AttackAnimationPoint,AttackAcquisitionRange,AttackRange,AttributePrimary,AttributeBaseStrength,AttributeStrengthGain,AttributeBaseIntelligence,AttributeIntelligenceGain,AttributeBaseAgility,AttributeAgilityGain,BountyXP,BountyGoldMin,BountyGoldMax,MovementCapabilities,MovementSpeed,MovementTurnRate,StatusHealth,StatusHealthRegen,StatusMana,StatusManaRegen,TeamName,CombatClassAttack,CombatClassDefend,UnitRelationshipClass,AttackType,ArmorType,VisionDaytimeRange,VisionNighttimeRange,HasInventory,ProjectileSpeed,ProjectileModel,AbilityLayout,Model,ModelScale,SoundSet,IdleSoundLoop,VoiceFile,DisableWearables,vscripts
npc_dota_hero_alchemist,Алхимик,game/scripts/npc/heroes/npc_lia_hero_alchemist.txt,3,True,npc_dota_hero_alchemist,"Nuker,Disabler,Pusher","2,1,1",1,alchemist_fire_potion,alchemist_swiftness_potion,alchemist_unity,generic_hidden,generic_hidden,alchemist_side_effect,,,,,,,,,,,,,,0,25,DOTA_UNIT_CAP_MELEE_ATTACK,3,10,1.85,0.53,800,120,DOTA_ATTRIBUTE_INTELLECT,0,0.0,21,4.0,14,2.5,0,0,0,DOTA_UNIT_CAP_MOVE_GROUND,250,0.6,480,1.25,75,0.25,DOTA_TEAM_GOODGUYS,DOTA_COMBAT_CLASS_ATTACK_HERO,DOTA_COMBAT_CLASS_DEFEND_HERO,DOTA_NPC_UNIT_RELATIONSHIP_TYPE_HERO,hero,hero,900,800,1,,,,,,,,,,
npc_dota_hero_mirana,Древняя Жрица,game/scripts/npc/heroes/npc_lia_hero_ancient_priestess.txt,3,True,npc_dota_hero_mirana,"Nuker,Escape,Durable","2,3,1",2,ancient_priestess_surge_of_intelligence,ancient_priestess_spirit_link,ancient_priestess_mana_shield,generic_hidden,generic_hidden,ancient_priestess_ritual_protection,,,,,,,,,,,,,,0,25,DOTA_UNIT_CAP_RANGED_ATTACK,9,19,1.9,0.3,800,525,DOTA_ATTRIBUTE_INTELLECT,6,2.1,18,2.9,11,2,0,0,0,DOTA_UNIT_CAP_MOVE_GROUND,260,0.4,525,1.15,75,0.25,DOTA_TEAM_GOODGUYS,DOTA_COMBAT_CLASS_ATTACK_HERO,DOTA_COMBAT_CLASS_DEFEND_HERO,DOTA_NPC_UNIT_RELATIONSHIP_TYPE_HERO,hero,hero,900,800,1,900,,,,,,,,,
npc_dota_hero_shredder,Андроид,game/scripts/npc/heroes/npc_lia_hero_android.txt,3,True,npc_dota_hero_shredder,"Nuker,Disabler,Durable,Jungler","3,3,1,1",2,android_war_stomp,android_pocket_factory,android_armor,generic_hidden,generic_hidden,android_cluster_rockets,,,,,,,,,,,,,,4,25,DOTA_UNIT_CAP_RANGED_ATTACK,2,24,1.95,0.3,800,250,DOTA_ATTRIBUTE_STRENGTH,19,3,11,2,5,2,0,0,0,DOTA_UNIT_CAP_MOVE_GROUND,245,0.5,460,1.2,75,0.25,DOTA_TEAM_GOODGUYS,DOTA_COMBAT_CLASS_ATTACK_HERO,DOTA_COMBAT_CLASS_DEFEND_HERO,DOTA_NPC_UNIT_RELATIONSHIP_TYPE_HERO,hero,hero,900,800,1,900,particles/econ/items/gyrocopter/hero_gyrocopter_gyrotechnics/gyro_base_attack.vpcf,,,,,,,,
npc_dota_hero_night_stalker,Воин Плети,game/scripts/npc/heroes/npc_lia_hero_araman.txt,3,True,npc_dota_hero_night_stalker,"Pusher,Nuker,Disabler,Durable","3,1,1,2",1,araman_curse,araman_armor_of_darkness,araman_morale,generic_hidden,generic_hidden,araman_power_of_scourge,,,,,,,,,,,,,,4,25,DOTA_UNIT_CAP_MELEE_ATTACK,2,16,1.95,0.55,800,100,DOTA_ATTRIBUTE_STRENGTH,19,3.0,5,2.0,11,2.0,0,0,0,DOTA_UNIT_CAP_MOVE_GROUND,245,0.5,450,1.2,75,0.25,DOTA_TEAM_GOODGUYS,DOTA_COMBAT_CLASS_ATTACK_HERO,DOTA_COMBAT_CLASS_DEFEND_HERO,DOTA_NPC_UNIT_RELATIONSHIP_TYPE_HERO,hero,hero,1400,1400,1,,,,,,,,,,
npc_dota_hero_keeper_of_the_light,Архимаг,game/scripts/npc/heroes/npc_lia_hero_archmage.txt,3,True,npc_dota_hero_keeper_of_the_light,"Nuker,Escape,Disabler","2,1,1",2,archmage_shooting_star,archmage_polymorph,archmage_magic_barrier,generic_hidden,generic_hidden,archmage_anomaly,,,,,,,,,,,,,,0,25,DOTA_UNIT_CAP_RANGED_ATTACK,4,20,1.9,0.55,900,600,DOTA_ATTRIBUTE_INTELLECT,7,2.1,19,3.2,9,2.2,0,0,0,DOTA_UNIT_CAP_MOVE_GROUND,265,0.5,500,1.15,75,0.25,DOTA_TEAM_GOODGUYS,DOTA_COMBAT_CLASS_ATTACK_HERO,DOTA_COMBAT_CLASS_DEFEND_HERO,DOTA_NPC_UNIT_RELATIONSHIP_TYPE_HERO,hero,hero,900,800,1,900,,4,,,,,,,
npc_dota_hero_beastmaster,Повелитель Зверей,game/scripts/npc/heroes/npc_lia_hero_beastmaster.txt,3,True,npc_dota_hero_beastmaster,"Pusher,Nuker,Durable,Jungler,Escape","2,1,1,3,1",3,beastmaster_dominate,beastmaster_brutality,beastmaster_help,generic_hidden,generic_hidden,beastmaster_beasts,,,,,,,,,,,,,,4,25,DOTA_UNIT_CAP_MELEE_ATTACK,2,22,1.9,0.3,800,115,DOTA_ATTRIBUTE_STRENGTH,19,3.0,9,2.0,7,2.0,0,0,0,DOTA_UNIT_CAP_MOVE_GROUND,245,0.5,460,1.25,75,0.25,DOTA_TEAM_GOODGUYS,DOTA_COMBAT_CLASS_ATTACK_HERO,DOTA_COMBAT_CLASS_DEFEND_HERO,DOTA_NPC_UNIT_RELATIONSHIP_TYPE_HERO,hero,hero,900,800,1,,,4,,,,,,,
npc_dota_hero_huskar,Берсеркер,game/scripts/npc/heroes/npc_lia_hero_berserker.txt,3,True,npc_dota_hero_huskar,"Pusher,Nuker,Escape","2,1,1",1,berserker_fire_spear,berserker_frenzy_aura,berserker_desperation,generic_hidden,generic_hidden,berserker_madness,,,,,,,,,,,,,,0,25,DOTA_UNIT_CAP_RANGED_ATTACK,1,11,1.85,0.31,800,425,DOTA_ATTRIBUTE_AGILITY,7,2.0,7,2.0,21,2.8,0,0,0,DOTA_UNIT_CAP_MOVE_GROUND,280,0.6,510,1,75,0.25,DOTA_TEAM_GOODGUYS,DOTA_COMBAT_CLASS_ATTACK_HERO,DOTA_COMBAT_CLASS_DEFEND_HERO,DOTA_NPC_UNIT_RELATIONSHIP_TYPE_HERO,hero,hero,1400,1400,1,1200,particles/units/heroes/hero_huskar/huskar_base_attack.vpcf,,,,,,,,
npc_dota_hero_brewmaster,Пивовар,game/scripts/npc/heroes/npc_lia_hero_brewmaster.txt,3,True,npc_dota_hero_brewmaster,"Pusher,Durable","3,2",1,brewmaster_might,brewmaster_ferocity,brewmaster_punisment,generic_hidden,generic_hidden,brewmaster_avatar,,,,,,,,,,,,,,2,25,DOTA_UNIT_CAP_MELEE_ATTACK,2,16,1.9,0.35,800,110,DOTA_ATTRIBUTE_STRENGTH,23,2.8,10,2.0,7,2.0,0,0,0,DOTA_UNIT_CAP_MOVE_GROUND,245,0.6,450,1.2,75,0.25,DOTA_TEAM_GOODGUYS,DOTA_COMBAT_CLASS_ATTACK_HERO,DOTA_COMBAT_CLASS_DEFEND_HERO,DOTA_NPC_UNIT_RELATIONSHIP_TYPE_HERO,hero,hero,900,800,1,,,,,,,,,,
npc_dota_hero_pudge,Мясник,game/scripts/npc/heroes/npc_lia_hero_butcher.txt,3,True,npc_dota_hero_pudge,"Pusher,Durable,Jungler,Escape","2,3,1,1",1,butcher_rage,butcher_skin,butcher_zombie,generic_hidden,generic_hidden,butcher_howl_of_terror,,,,,,,,,,,,,,4,25,DOTA_UNIT_CAP_MELEE_ATTACK,2,18,1.95,0.5,800,120,DOTA_ATTRIBUTE_STRENGTH,19,3.0,9,2.0,7,2.0,0,0,0,DOTA_UNIT_CAP_MOVE_GROUND,240,0.4,455,1.25,75,0.25,DOTA_TEAM_GOODGUYS,DOTA_COMBAT_CLASS_ATTACK_HERO,DOTA_COMBAT_CLASS_DEFEND_HERO,DOTA_NPC_UNIT_RELATIONSHIP_TYPE_HERO,hero,hero,900,800,1,,,,,,,,,,
npc_dota_hero_abaddon,Темный Рыцарь,game/scripts/npc/heroes/npc_lia_hero_dark_knight.txt,3,True,npc_dota_hero_abaddon,"Pusher,Nuker","2,3",1,dark_knight_dark_forces,dark_knight_dark_energy_zone,dark_knight_incinerate,generic_hidden,generic_hidden,dark_knight_speed,,,,,,,,,,,,,,2,25,DOTA_UNIT_CAP_MELEE_ATTACK,2,18,1.8,0.433,800,100,DOTA_ATTRIBUTE_AGILITY,7,2.4,5,2.6,23,3.2,0,0,0,DOTA_UNIT_CAP_MOVE_GROUND,280,0.6,565,1.0,125,0.25,DOTA_TEAM_GOODGUYS,DOTA_COMBAT_CLASS_ATTACK_HERO,DOTA_COMBAT_CLASS_DEFEND_HERO,DOTA_NPC_UNIT_RELATIONSHIP_TYPE_HERO,chaos,hero,900,800,1,,,,,,,,,,
npc_dota_hero_drow_ranger,Темная Лучница,game/scripts/npc/heroes/npc_lia_hero_dark_ranger.txt,3,True,npc_dota_hero_drow_ranger,"Pusher,Nuker,Jungler,Escape","3,1,2,1",1,dark_ranger_black_arrow,dark_ranger_magic_arrow,dark_ranger_spiked_charm,generic_hidden,generic_hidden,dark_ranger_fury,,,,,,,,,,,,,,1,25,DOTA_UNIT_CAP_RANGED_ATTACK,1,9,1.9,0.7,800,550,DOTA_ATTRIBUTE_AGILITY,4,2.3,8,2.2,23,3.1,0,0,0,DOTA_UNIT_CAP_MOVE_GROUND,275,0.5,500,1,75,0.25,DOTA_TEAM_GOODGUYS,DOTA_COMBAT_CLASS_ATTACK_HERO,DOTA_COMBAT_CLASS_DEFEND_HERO,DOTA_NPC_UNIT_RELATIONSHIP_TYPE_HERO,hero,hero,900,800,1,1200,,,,,,,,,
npc_dota_hero_shadow_demon,Демонолог,game/scripts/npc/heroes/npc_lia_hero_demonologist.txt,3,True,npc_dota_hero_shadow_demon,"Nuker,Jungler,Escape,Pusher","1,3,2,1",1,demonologist_demonic_seal,demonologist_touch_of_darkness,demonologist_mastery_of_demonology,generic_hidden,generic_hidden,demonologist_ritual_of_summoning,,,,,,,,,,,,,,0,25,DOTA_UNIT_CAP_RANGED_ATTACK,8,14,1.9,0.5,900,450,DOTA_ATTRIBUTE_INTELLECT,13,2.1,16,3.1,6,1.9,0,0,0,DOTA_UNIT_CAP_MOVE_GROUND,255,0.5,525,1.15,75,0.25,DOTA_TEAM_GOODGUYS,DOTA_COMBAT_CLASS_ATTACK_HERO,DOTA_COMBAT_CLASS_DEFEND_HERO,DOTA_NPC_UNIT_RELATIONSHIP_TYPE_HERO,hero,hero,900,800,1,900,,4,,,,,,,
npc_dota_hero_axe,Вождь Орков,game/scripts/npc/heroes/npc_lia_hero_dice.txt,3,True,npc_dota_hero_axe,"Nuker,Escape,Pusher,Disabler","1,1,2,1",1,dice_rage,dice_bash,dice_endurance_aura,generic_hidden,generic_hidden,dice_steelstorm,,,,,,,,,,,,,,2,25,DOTA_UNIT_CAP_MELEE_ATTACK,2,24,1.9,0.5,800,100,DOTA_ATTRIBUTE_AGILITY,8,2.0,5,2.0,22,3.0,0,0,0,DOTA_UNIT_CAP_MOVE_GROUND,270,0.6,530,1.0,75,0.25,DOTA_TEAM_GOODGUYS,DOTA_COMBAT_CLASS_ATTACK_HERO,DOTA_COMBAT_CLASS_DEFEND_HERO,DOTA_NPC_UNIT_RELATIONSHIP_TYPE_HERO,hero,hero,900,800,1,,,,,,,,,,
npc_dota_hero_warlock,Повелитель Земли,game/scripts/npc/heroes/npc_lia_hero_earth_lord.txt,3,True,npc_dota_hero_warlock,"Nuker,Escape,Disabler","3,1,1",1,earth_lord_earth_burn,earth_lord_split_earth,earth_lord_stone_skin,generic_hidden,generic_hidden,earth_lord_might_of_the_earth,,,,,,,,,,,,,,0,25,DOTA_UNIT_CAP_RANGED_ATTACK,4,20,1.95,0.53,800,450,DOTA_ATTRIBUTE_INTELLECT,6,2.2,22,3,7,2.1,0,0,0,DOTA_UNIT_CAP_MOVE_GROUND,245,0.5,500,1.15,75,0.25,DOTA_TEAM_GOODGUYS,DOTA_COMBAT_CLASS_ATTACK_HERO,DOTA_COMBAT_CLASS_DEFEND_HERO,DOTA_NPC_UNIT_RELATIONSHIP_TYPE_HERO,hero,hero,900,800,1,1100,,,,,,,,,
npc_dota_hero_nyx_assassin,Падший Воитель,game/scripts/npc/heroes/npc_lia_hero_fallen_champion.txt,3,True,npc_dota_hero_nyx_assassin,"Nuker,Pusher,Disabler,Durable","2,1,2,2",2,fallen_champion_shell,fallen_champion_return,fallen_champion_absorption,generic_hidden,generic_hidden,fallen_champion_roar,,,,,,,,,,,,,,4,25,DOTA_UNIT_CAP_MELEE_ATTACK,2,8,1.9,0.46,800,128,DOTA_ATTRIBUTE_STRENGTH,18,3.1,10,2.1,7,2.0,0,0,0,DOTA_UNIT_CAP_MOVE_GROUND,240,0.5,450,1.15,75,0.25,DOTA_TEAM_GOODGUYS,DOTA_COMBAT_CLASS_ATTACK_HERO,DOTA_COMBAT_CLASS_DEFEND_HERO,DOTA_NPC_UNIT_RELATIONSHIP_TYPE_HERO,hero,hero,900,800,1,,,,,,,,,,
npc_dota_hero_invoker,Повелитель Огня,game/scripts/npc/heroes/npc_lia_hero_firelord.txt,3,True,npc_dota_hero_invoker,"Nuker,Jungler,Disabler","1,3,1",3,firelord_flame_strike,firelord_summon_lava_spawn,firelord_fire_trap,generic_hidden,generic_hidden,firelord_fire_serpent,,,,,,,,,,,,,,0,25,DOTA_UNIT_CAP_RANGED_ATTACK,16,36,1.9,0.55,800,600,DOTA_ATTRIBUTE_INTELLECT,6,2.2,21,3,8,2.1,0,0,0,DOTA_UNIT_CAP_MOVE_GROUND,250,0.6,525,1.15,75,0.25,DOTA_TEAM_GOODGUYS,DOTA_COMBAT_CLASS_ATTACK_HERO,DOTA_COMBAT_CLASS_DEFEND_HERO,DOTA_NPC_UNIT_RELATIONSHIP_TYPE_HERO,hero,hero,900,800,1,,,4,,,,,,,
npc_dota_hero_lich,Повелитель Холода,game/scripts/npc/heroes/npc_lia_hero_frost_lord.txt,3,True,npc_dota_hero_lich,Nuker,3,1,frost_lord_frost_breath,frost_lord_cold,frost_lord_freezing,generic_hidden,generic_hidden,frost_lord_ice,,,,,,,,,,,,,,0,25,DOTA_UNIT_CAP_RANGED_ATTACK,2,18,1.9,0.46,800,575,DOTA_ATTRIBUTE_INTELLECT,9,2.1,18,3.15,8,2.2,0,0,0,DOTA_UNIT_CAP_MOVE_GROUND,260,0.5,525,1.2,75,0.25,DOTA_TEAM_GOODGUYS,DOTA_COMBAT_CLASS_ATTACK_HERO,DOTA_COMBAT_CLASS_DEFEND_HERO,DOTA_NPC_UNIT_RELATIONSHIP_TYPE_HERO,hero,hero,900,800,1,900,,4,,,,,,,
npc_dota_hero_ursa,Беорн-Воитель,game/scripts/npc/heroes/npc_lia_hero_furbolg_champion.txt,3,True,npc_dota_hero_ursa,"Pusher,Disabler,Durable","3,2,2",1,furbolg_champion_furious_clap,furbolg_champion_sharp_claws,furbolg_champion_swelling_rage,generic_hidden,generic_hidden,furbolg_champion_bears_agility,,,,,,,,,,,,,,5,25,DOTA_UNIT_CAP_MELEE_ATTACK,1,16,1.75,0.3,800,120,DOTA_ATTRIBUTE_AGILITY,14,2.8,5,1.0,16,3.0,0,0,0,DOTA_UNIT_CAP_MOVE_GROUND,280,0.5,550,1.0,50,0.25,DOTA_TEAM_GOODGUYS,DOTA_COMBAT_CLASS_ATTACK_HERO,DOTA_COMBAT_CLASS_DEFEND_HERO,DOTA_NPC_UNIT_RELATIONSHIP_TYPE_HERO,hero,hero,900,800,1,,,,,,,,,,
npc_dota_hero_chaos_knight,Генерал,game/scripts/npc/heroes/npc_lia_hero_general.txt,3,True,npc_dota_hero_chaos_knight,"Nuker,Pusher,Durable,Disabler","1,2,2,1",1,general_rumble,general_dark_magic_flow,general_furious_strike,generic_hidden,generic_hidden,general_magic_armor,,,,,,,,,,,,,,4,25,DOTA_UNIT_CAP_MELEE_ATTACK,2,18,1.85,0.433,800,110,DOTA_ATTRIBUTE_STRENGTH,20,3.0,5,2.0,10,2.0,0,0,0,DOTA_UNIT_CAP_MOVE_GROUND,250,0.6,445,1.25,75,0.25,DOTA_TEAM_GOODGUYS,DOTA_COMBAT_CLASS_ATTACK_HERO,DOTA_COMBAT_CLASS_DEFEND_HERO,DOTA_NPC_UNIT_RELATIONSHIP_TYPE_HERO,hero,hero,900,800,1,,,,,,,,,,
npc_dota_hero_life_stealer,Вурдалак,game/scripts/npc/heroes/npc_lia_hero_ghoul.txt,3,True,npc_dota_hero_life_stealer,"Pusher,Durable","3,2",1,ghoul_blood_thirst,ghoul_devour,ghoul_mortal_strike,generic_hidden,generic_hidden,ghoul_persistence,,,,,,,,,,,,,,3,25,DOTA_UNIT_CAP_MELEE_ATTACK,2,14,1.95,0.39,800,100,DOTA_ATTRIBUTE_STRENGTH,24,2.9,4,1.9,7,1.9,0,0,0,DOTA_UNIT_CAP_MOVE_GROUND,245,0.5,475,1.25,75,0.25,DOTA_TEAM_GOODGUYS,DOTA_COMBAT_CLASS_ATTACK_HERO,DOTA_COMBAT_CLASS_DEFEND_HERO,DOTA_NPC_UNIT_RELATIONSHIP_TYPE_HERO,hero,hero,900,800,1,,,,,,,,,,
npc_dota_hero_wisp,Голем,game/scripts/npc/heroes/npc_lia_hero_golem.txt,3,True,npc_dota_hero_wisp,"Nuker,Durable","1,3",1,akron_explosion,acron_battle_fevor,akron_firerage,generic_hidden,generic_hidden,acron_molten_fury,,,,,,,,,,,,,,5,25,DOTA_UNIT_CAP_MELEE_ATTACK,2,20,2,0.26,800,100,DOTA_ATTRIBUTE_STRENGTH,21,3.2,8,2,6,2,0,0,0,DOTA_UNIT_CAP_MOVE_GROUND,240,0.4,450,1.2,75,0.25,DOTA_TEAM_GOODGUYS,DOTA_COMBAT_CLASS_ATTACK_HERO,DOTA_COMBAT_CLASS_DEFEND_HERO,DOTA_NPC_UNIT_RELATIONSHIP_TYPE_HERO,hero,hero,900,800,1,,,,models/items/warlock/golem/ti9_cache_warlock_tribal_warlock_golem/ti9_cache_warlock_tribal_golem_alt.vmdl,0.8,Hero_WarlockGolem,Hero_WarlockGolem.Spawn_Loop,soundevents/voscripts/game_sounds_vo_warlock_golem.vsndevts,1,
npc_dota_hero_bane,Пустынник,game/scripts/npc/heroes/npc_lia_hero_hermit.txt,3,True,npc_dota_hero_bane,"Nuker,Pusher,Disabler,Jungler","1,1,2,1",2,hermit_summon_water_elemental,hermit_astral,hermit_frost_arrows,generic_hidden,generic_hidden,hermit_storm,,,,,,,,,,,,,,0,25,DOTA_UNIT_CAP_RANGED_ATTACK,3,21,1.9,0.3,600,475,DOTA_ATTRIBUTE_INTELLECT,7,2.3,20,3.0,8,2.0,0,0,0,DOTA_UNIT_CAP_MOVE_GROUND,255,0.5,525,1.15,75,0.25,DOTA_TEAM_GOODGUYS,DOTA_COMBAT_CLASS_ATTACK_HERO,DOTA_COMBAT_CLASS_DEFEND_HERO,DOTA_NPC_UNIT_RELATIONSHIP_TYPE_HERO,magic,hero,900,800,1,900,,,,,,,,,
npc_dota_hero_tusk,Горец,game/scripts/npc/heroes/npc_lia_hero_highlander.txt,3,True,npc_dota_hero_tusk,"Nuker,Pusher,Disabler,Durable","2,2,1,1",1,highlander_storm_bolt,highlander_heavy_axe,highlander_improved_armor,generic_hidden,generic_hidden,highlander_might_of_the_highlander,,,,,,,,,,,,,,3,25,DOTA_UNIT_CAP_MELEE_ATTACK,2,16,1.9,0.35,800,110,DOTA_ATTRIBUTE_STRENGTH,21,3,6,2,8,2,0,0,0,DOTA_UNIT_CAP_MOVE_GROUND,250,0.6,465,1.2,75,0.25,DOTA_TEAM_GOODGUYS,DOTA_COMBAT_CLASS_ATTACK_HERO,DOTA_COMBAT_CLASS_DEFEND_HERO,DOTA_NPC_UNIT_RELATIONSHIP_TYPE_HERO,hero,hero,900,800,1,,,,,,,,,,
npc_dota_hero_luna,Охотница,game/scripts/npc/heroes/npc_lia_hero_huntress.txt,3,True,npc_dota_hero_luna,"Nuker,Pusher","1,3",1,huntress_curse_of_elune,huntress_power_of_the_moon,huntress_moon_glaive,generic_hidden,generic_hidden,huntress_moon_rite,,,,,,,,,,,,,,0,25,DOTA_UNIT_CAP_RANGED_ATTACK,6,9,1.85,0.46,800,375,DOTA_ATTRIBUTE_AGILITY,8,2.0,9,1.9,18,3.0,0,0,0,DOTA_UNIT_CAP_MOVE_GROUND,265,0.6,520,1.15,75,0.25,DOTA_TEAM_GOODGUYS,DOTA_COMBAT_CLASS_ATTACK_HERO,DOTA_COMBAT_CLASS_DEFEND_HERO,DOTA_NPC_UNIT_RELATIONSHIP_TYPE_HERO,hero,hero,900,800,1,900,,,,,,,,,
npc_dota_hero_arc_warden,Иллюзионист,game/scripts/npc/heroes/npc_lia_hero_illusionist.txt,3,True,npc_dota_hero_arc_warden,"Nuker,Pusher,Durable,Jungler","1,1,2,2",2,illusionist_whiff_of_deception,illusionist_mastery_of_deception,illusionist_agility_paws,generic_hidden,generic_hidden,illusionist_mastery_of_illusions,,,,,,,,,,,,,,1,25,DOTA_UNIT_CAP_MELEE_ATTACK,17,27,1.85,0.43,800,100,DOTA_ATTRIBUTE_AGILITY,13,2.15,8,2.0,14,3.1,0,0,0,DOTA_UNIT_CAP_MOVE_GROUND,275,0.6,500,1.0,75,0.25,DOTA_TEAM_GOODGUYS,DOTA_COMBAT_CLASS_ATTACK_HERO,DOTA_COMBAT_CLASS_DEFEND_HERO,DOTA_NPC_UNIT_RELATIONSHIP_TYPE_HERO,hero,hero,900,800,1,,,,,,,,,,
npc_dota_hero_leshrac,Хранитель Рощи,game/scripts/npc/heroes/npc_lia_hero_keeper_of_the_grove.txt,3,True,npc_dota_hero_leshrac,"Nuker,Jungler,Disabler,Escape","2,2,2,1",3,keeper_of_the_grove_roots,keeper_of_the_grove_treants,keeper_of_the_grove_guardian_spirit,generic_hidden,generic_hidden,keeper_of_the_grove_natures_curse,,,,,,,,,,,,,,0,25,DOTA_UNIT_CAP_RANGED_ATTACK,6,12,1.85,0.4,800,610,DOTA_ATTRIBUTE_INTELLECT,7,2,19,2.9,9,1.9,0,0,0,DOTA_UNIT_CAP_MOVE_GROUND,265,0.4,525,1.15,75,0.25,DOTA_TEAM_GOODGUYS,DOTA_COMBAT_CLASS_ATTACK_HERO,DOTA_COMBAT_CLASS_DEFEND_HERO,DOTA_NPC_UNIT_RELATIONSHIP_TYPE_HERO,hero,hero,900,800,1,900,,4,,,,,,,
npc_dota_hero_dragon_knight,Рыцарь,game/scripts/npc/heroes/npc_lia_hero_knight.txt,3,True,npc_dota_hero_dragon_knight,"Nuker,Jungler,Durable,Pusher","1,1,3,2",2,knight_illusions,knight_ancient_shield,knight_dark_shield,generic_hidden,generic_hidden,knight_dark_gifts,,,,,,,,,,,,,,4,25,DOTA_UNIT_CAP_MELEE_ATTACK,2,22,1.85,0.5,800,100,DOTA_ATTRIBUTE_STRENGTH,22,3.0,7,2.0,6,2.0,0,0,0,DOTA_UNIT_CAP_MOVE_GROUND,250,0.6,455,1.3,75,0.25,DOTA_TEAM_GOODGUYS,DOTA_COMBAT_CLASS_ATTACK_HERO,DOTA_COMBAT_CLASS_DEFEND_HERO,DOTA_NPC_UNIT_RELATIONSHIP_TYPE_HERO,hero,hero,900,800,1,,,,,,,,,,
npc_dota_hero_slark,Морлок,game/scripts/npc/heroes/npc_lia_hero_kret.txt,3,True,npc_dota_hero_slark,"Nuker,Durable","1,3",1,kret_acid,kret_poisoning,kret_lust_for_life,generic_hidden,generic_hidden,kret_virus,,,,,,,,,,,,,,3,25,DOTA_UNIT_CAP_MELEE_ATTACK,2,12,1.95,0.6,800,105,DOTA_ATTRIBUTE_STRENGTH,22,3.0,6,1.9,7,1.9,0,0,0,DOTA_UNIT_CAP_MOVE_GROUND,250,0.5,475,1.15,75,0.25,DOTA_TEAM_GOODGUYS,DOTA_COMBAT_CLASS_ATTACK_HERO,DOTA_COMBAT_CLASS_DEFEND_HERO,DOTA_NPC_UNIT_RELATIONSHIP_TYPE_HERO,hero,hero,900,800,1,,,,,,,,,,
npc_dota_hero_disruptor,Владыка Молний,game/scripts/npc/heroes/npc_lia_hero_lord_of_lightning.txt,3,True,npc_dota_hero_disruptor,"Nuker,Disabler","3,1",1,lord_of_lightning_chain_lightning,lord_of_lightning_lightning_shield,lord_of_lightning_holy_wrath,generic_hidden,generic_hidden,lord_of_lightning_brain_storm,,,,,,,,,,,,,,0,25,DOTA_UNIT_CAP_RANGED_ATTACK,14,30,1.9,0.3,800,500,DOTA_ATTRIBUTE_INTELLECT,11,2.1,17,3.2,7,2.2,0,0,0,DOTA_UNIT_CAP_MOVE_GROUND,280,0.4,530,1.25,75,0.25,DOTA_TEAM_GOODGUYS,DOTA_COMBAT_CLASS_ATTACK_HERO,DOTA_COMBAT_CLASS_DEFEND_HERO,DOTA_NPC_UNIT_RELATIONSHIP_TYPE_HERO,magic,hero,900,800,1,1200,,4,,,,,,,
npc_dota_hero_sniper,Стрелок,game/scripts/npc/heroes/npc_lia_hero_marksman.txt,3,True,npc_dota_hero_sniper,"Nuker,Pusher","1,3",1,marksman_explosive_rounds,marksman_ricochet,marksman_marksmans_mastery,generic_hidden,generic_hidden,marksman_dragon_breath,,,,,,,,,,,,,,-2,25,DOTA_UNIT_CAP_RANGED_ATTACK,2,4,1.7,0.3,800,400,DOTA_ATTRIBUTE_AGILITY,6,1.9,5,1.8,24,3.0,0,0,0,DOTA_UNIT_CAP_MOVE_GROUND,280,0.6,455,0.25,25,0.25,DOTA_TEAM_GOODGUYS,DOTA_COMBAT_CLASS_ATTACK_HERO,DOTA_COMBAT_CLASS_DEFEND_HERO,DOTA_NPC_UNIT_RELATIONSHIP_TYPE_HERO,hero,hero,900,800,1,2000,,,,,,,,,
npc_dota_hero_elder_titan,Вождь Минотавров,game/scripts/npc/heroes/npc_lia_hero_minotaur.txt,3,True,npc_dota_hero_elder_titan,"Pusher,Nuker,Jungler,Escape","3,1,1,1",1,minotaur_thunder_strike,minotaur_fear,minotaur_demonic_power,generic_hidden,generic_hidden,minotaur_guardian_spirits,,,,,,,,,,,,,,4,25,DOTA_UNIT_CAP_MELEE_ATTACK,2,22,1.9,0.36,800,110,DOTA_ATTRIBUTE_STRENGTH,20,3.0,10,2.0,5,2.0,0,0,0,DOTA_UNIT_CAP_MOVE_GROUND,240,0.4,465,1.2,75,0.25,DOTA_TEAM_GOODGUYS,DOTA_COMBAT_CLASS_ATTACK_HERO,DOTA_COMBAT_CLASS_DEFEND_HERO,DOTA_NPC_UNIT_RELATIONSHIP_TYPE_HERO,hero,hero,900,800,1,,,,,,,,,,
npc_dota_hero_slardar,Нага-Гвардеец,game/scripts/npc/heroes/npc_lia_hero_naga_royal_guard.txt,3,True,npc_dota_hero_slardar,"Pusher,Nuker,Durable,Disabler","2,2,1,1",1,royal_naga_guard_sea_wave,naga_royal_guard_persistence,naga_royal_guard_bash,generic_hidden,generic_hidden,naga_royal_guard_crush,,,,,,,,,,,,,,4,25,DOTA_UNIT_CAP_MELEE_ATTACK,2,11,1.9,0.36,800,120,DOTA_ATTRIBUTE_STRENGTH,21,3.0,5,2.0,9,2.0,0,0,0,DOTA_UNIT_CAP_MOVE_GROUND,245,0.6,440,1.2,75,0.25,DOTA_TEAM_GOODGUYS,DOTA_COMBAT_CLASS_ATTACK_HERO,DOTA_COMBAT_CLASS_DEFEND_HERO,DOTA_NPC_UNIT_RELATIONSHIP_TYPE_HERO,hero,hero,900,800,1,,,,,,,,,,
npc_dota_hero_naga_siren,Нага-Сирена,game/scripts/npc/heroes/npc_lia_hero_naga_siren.txt,3,True,npc_dota_hero_naga_siren,"Pusher,Disabler,Durable","3,1,1",1,naga_siren_fury,naga_siren_eating,naga_siren_art_of_battle,generic_hidden,generic_hidden,naga_siren_song,,,,,,,,,,,,,,0,25,DOTA_UNIT_CAP_MELEE_ATTACK,2,20,1.9,0.5,800,100,DOTA_ATTRIBUTE_AGILITY,10,2.0,5,2.0,20,3.0,0,0,0,DOTA_UNIT_CAP_MOVE_GROUND,270,0.6,500,1.0,75,0.25,DOTA_TEAM_GOODGUYS,DOTA_COMBAT_CLASS_ATTACK_HERO,DOTA_COMBAT_CLASS_DEFEND_HERO,DOTA_NPC_UNIT_RELATIONSHIP_TYPE_HERO,hero,hero,900,800,1,,,,,,,,,,
npc_dota_hero_abyssal_underlord,Некромант,game/scripts/npc/heroes/npc_lia_hero_necromancer.txt,3,True,npc_dota_hero_abyssal_underlord,"Nuker,Disabler,Jungler,Durable","1,1,3,1",3,necromancer_stabbing_death,necromancer_walking_corpses,necromancer_reincarnation,generic_hidden,generic_hidden,necromancer_galvanization,,,,,,,,,,,,,,0,25,DOTA_UNIT_CAP_MELEE_ATTACK,5,25,1.95,0.8,800,130,DOTA_ATTRIBUTE_INTELLECT,6,2.2,20,3.0,9,2.1,0,0,0,DOTA_UNIT_CAP_MOVE_GROUND,255,0.4,500,1.15,75,0.25,DOTA_TEAM_GOODGUYS,DOTA_COMBAT_CLASS_ATTACK_HERO,DOTA_COMBAT_CLASS_DEFEND_HERO,DOTA_NPC_UNIT_RELATIONSHIP_TYPE_HERO,hero,hero,900,800,1,,,,,,,,,,
npc_dota_hero_chen,Святой Рыцарь,game/scripts/npc/heroes/npc_lia_hero_paladin.txt,3,True,npc_dota_hero_chen,"Nuker,Disabler,Escape","1,1,3",2,paladin_blizzard,paladin_grace,paladin_elect,generic_hidden,generic_hidden,paladin_impregnability,,,,,,,,,,,,,,0,25,DOTA_UNIT_CAP_MELEE_ATTACK,9,29,1.9,0.433,800,100,DOTA_ATTRIBUTE_INTELLECT,8,2.3,21,3.2,6,2.2,0,0,0,DOTA_UNIT_CAP_MOVE_GROUND,250,0.6,530,1.1,75,0.25,DOTA_TEAM_GOODGUYS,DOTA_COMBAT_CLASS_ATTACK_HERO,DOTA_COMBAT_CLASS_DEFEND_HERO,DOTA_NPC_UNIT_RELATIONSHIP_TYPE_HERO,hero,hero,900,800,1,,,4,,,,,,,
npc_dota_hero_antimage,Пират,game/scripts/npc/heroes/npc_lia_hero_pirate.txt,3,True,npc_dota_hero_antimage,"Pusher,Nuker,Durable","3,1,1",1,pirate_magic_rum,pirate_poisoned_weapon,pirate_evasion,generic_hidden,generic_hidden,pirate_metamorphosis,,,,,,,,,,,,,,0,25,DOTA_UNIT_CAP_MELEE_ATTACK,2,26,1.85,0.3,800,100,DOTA_ATTRIBUTE_AGILITY,11,2.0,6,2.0,18,3.0,0,0,0,DOTA_UNIT_CAP_MOVE_GROUND,265,0.5,500,1.0,75,0.25,DOTA_TEAM_GOODGUYS,DOTA_COMBAT_CLASS_ATTACK_HERO,DOTA_COMBAT_CLASS_DEFEND_HERO,DOTA_NPC_UNIT_RELATIONSHIP_TYPE_HERO,hero,hero,900,800,1,900,,,,,,,,,
npc_dota_hero_windrunner,Егерь,game/scripts/npc/heroes/npc_lia_hero_ranger.txt,3,True,npc_dota_hero_windrunner,"Nuker,Pusher","1,3",1,ranger_steel_hail,ranger_trap,ranger_aimed_shot,generic_hidden,generic_hidden,ranger_volley_of_arrows,,,,,,,,,,,,,,2,25,DOTA_UNIT_CAP_RANGED_ATTACK,2,18,1.9,0.5,800,525,DOTA_ATTRIBUTE_AGILITY,5,2.1,7,1.6,23,2.3,0,0,0,DOTA_UNIT_CAP_MOVE_GROUND,270,0.6,475,1.0,50,0.25,DOTA_TEAM_GOODGUYS,DOTA_COMBAT_CLASS_ATTACK_HERO,DOTA_COMBAT_CLASS_DEFEND_HERO,DOTA_NPC_UNIT_RELATIONSHIP_TYPE_HERO,hero,hero,900,800,1,900,,,,,,,,,
npc_dota_hero_medusa,Королева Змей,game/scripts/npc/heroes/npc_lia_hero_serpent_queen.txt,3,True,npc_dota_hero_medusa,"Pusher,Nuker,Disabler","3,1,1",1,serpent_queen_ball_lightning,serpent_queen_heavenly_power,serpent_queen_accuracy,generic_hidden,generic_hidden,serpent_queen_anger,,,,,,,,,,,,,,0,25,DOTA_UNIT_CAP_RANGED_ATTACK,2,20,1.9,0.73,800,400,DOTA_ATTRIBUTE_AGILITY,7,2.0,9,2.0,19,3.0,0,0,0,DOTA_UNIT_CAP_MOVE_GROUND,270,0.6,515,1,75,0.25,DOTA_TEAM_GOODGUYS,DOTA_COMBAT_CLASS_ATTACK_HERO,DOTA_COMBAT_CLASS_DEFEND_HERO,DOTA_NPC_UNIT_RELATIONSHIP_TYPE_HERO,hero,hero,900,800,1,1200,,,,,,,,,
npc_dota_hero_terrorblade,Мастер Теней,game/scripts/npc/heroes/npc_lia_hero_shadow_master.txt,3,True,npc_dota_hero_terrorblade,"Pusher,Nuker,Jungler","3,1,2",2,shadow_master_shadow,shadow_master_steal_shadow,shadow_master_art_of_shadows,generic_hidden,generic_hidden,shadow_master_agility_of_shadows,,,,,,,,,,,,,,0,25,DOTA_UNIT_CAP_MELEE_ATTACK,2,24,1.85,0.3,800,100,DOTA_ATTRIBUTE_AGILITY,8,2.3,5,2.1,22,3.3,0,0,0,DOTA_UNIT_CAP_MOVE_GROUND,275,0.5,530,1.0,75,0.25,DOTA_TEAM_GOODGUYS,DOTA_COMBAT_CLASS_ATTACK_HERO,DOTA_COMBAT_CLASS_DEFEND_HERO,DOTA_NPC_UNIT_RELATIONSHIP_TYPE_HERO,hero,hero,900,800,1,,,,,,,,,,
npc_dota_hero_bloodseeker,Шаман,game/scripts/npc/heroes/npc_lia_hero_shaman.txt,3,True,npc_dota_hero_bloodseeker,"Pusher,Nuker","3,1",1,shaman_starfall_datadriven,shaman_madness_datadriven,shaman_resourcefulness,generic_hidden,generic_hidden,shaman_ancient_forces,,,,,,,,,,,,,,0,25,DOTA_UNIT_CAP_MELEE_ATTACK,2,16,1.85,0.43,800,105,DOTA_ATTRIBUTE_AGILITY,8,2.0,13,2.7,14,2.7,0,0,0,DOTA_UNIT_CAP_MOVE_GROUND,270,0.5,500,1.0,75,0.25,DOTA_TEAM_GOODGUYS,DOTA_COMBAT_CLASS_ATTACK_HERO,DOTA_COMBAT_CLASS_DEFEND_HERO,DOTA_NPC_UNIT_RELATIONSHIP_TYPE_HERO,hero,hero,900,800,1,,,,,,,,,,
npc_dota_hero_pugna,Скелет-Маг,game/scripts/npc/heroes/npc_lia_hero_skeleton_mage.txt,3,True,npc_dota_hero_pugna,"Nuker,Escape","3,2",2,skeleton_mage_aqua_vitae,skeleton_mage_light_magic,skeleton_mage_dark_magic,generic_hidden,generic_hidden,skeleton_mage_death_energy,,,,,,,,,,,,,,0,25,DOTA_UNIT_CAP_RANGED_ATTACK,2,18,2.0,0.5,800,500,DOTA_ATTRIBUTE_INTELLECT,7,2.0,19,2.9,9,2.1,0,0,0,DOTA_UNIT_CAP_MOVE_GROUND,270,0.4,475,1.15,75,0.25,DOTA_TEAM_GOODGUYS,DOTA_COMBAT_CLASS_ATTACK_HERO,DOTA_COMBAT_CLASS_DEFEND_HERO,DOTA_NPC_UNIT_RELATIONSHIP_TYPE_HERO,hero,hero,900,800,1,1000,particles/units/heroes/hero_pugna/pugna_base_attack.vpcf,,,,,,,,
npc_dota_hero_skeleton_king,Король Вор,game/scripts/npc/heroes/npc_lia_hero_skeleton_thief.txt,3,True,npc_dota_hero_skeleton_king,Pusher,3,1,skeleton_thief_wind_walk,skeleton_thief_fury,skeleton_thief_concentration,generic_hidden,generic_hidden,skeleton_thief_obsession,,,,,,,,,,,,,,0,25,DOTA_UNIT_CAP_MELEE_ATTACK,2,18,1.85,0.56,800,100,DOTA_ATTRIBUTE_AGILITY,11,2.0,5,2.0,19,3.0,0,0,0,DOTA_UNIT_CAP_MOVE_GROUND,275,0.5,500,1.0,75,0.25,DOTA_TEAM_GOODGUYS,DOTA_COMBAT_CLASS_ATTACK_HERO,DOTA_COMBAT_CLASS_DEFEND_HERO,DOTA_NPC_UNIT_RELATIONSHIP_TYPE_HERO,hero,hero,900,800,1,,,,,,,,,,
npc_dota_hero_faceless_void,Хранитель Скорости,game/scripts/npc/heroes/npc_lia_hero_speedwarden.txt,3,True,npc_dota_hero_faceless_void,"Nuker,Pusher","1,3",1,speedwarden_speed_burst,speedwarden_mad_charge,speedwarden_time_strike,generic_hidden,generic_hidden,speedwarden_wardens_swiftness,,,,,,,,,,,,,,2,25,DOTA_UNIT_CAP_MELEE_ATTACK,2,11,1.7,0.5,800,120,DOTA_ATTRIBUTE_AGILITY,10,2.0,5,2.0,20,3.0,0,0,0,DOTA_UNIT_CAP_MOVE_GROUND,260,0.6,500,1.15,75,0.25,DOTA_TEAM_GOODGUYS,DOTA_COMBAT_CLASS_ATTACK_HERO,DOTA_COMBAT_CLASS_DEFEND_HERO,DOTA_NPC_UNIT_RELATIONSHIP_TYPE_HERO,hero,hero,900,800,1,0,,,,,,,,,
npc_dota_hero_broodmother,Королева Пауков,game/scripts/npc/heroes/npc_lia_hero_spider_queen.txt,3,True,npc_dota_hero_broodmother,"Pusher,Nuker,Durable,Jungler","2,1,1,1",1,spider_queen_killer_instinct,spider_queen_spider_yarn,spider_queen_infection,generic_hidden,generic_hidden,spider_queen_thick_cover,,,,,,,,,,,,,,0,25,DOTA_UNIT_CAP_MELEE_ATTACK,2,22,1.9,0.5,800,110,DOTA_ATTRIBUTE_AGILITY,12,1.9,6,1.9,17,2.9,0,0,0,DOTA_UNIT_CAP_MOVE_GROUND,270,0.5,500,1.0,75,0.25,DOTA_TEAM_GOODGUYS,DOTA_COMBAT_CLASS_ATTACK_HERO,DOTA_COMBAT_CLASS_DEFEND_HERO,DOTA_NPC_UNIT_RELATIONSHIP_TYPE_HERO,hero,hero,900,800,1,,,,,,,,,,
npc_dota_hero_earthshaker,Минотавр-Чемпион,game/scripts/npc/heroes/npc_lia_hero_tauren_champion.txt,3,True,npc_dota_hero_earthshaker,"Pusher,Disabler,Durable","3,2,2",1,tauren_champion_crushing_totem,tauren_champion_champions_jump,tauren_champion_accumulated_rage,generic_hidden,generic_hidden,tauren_champion_finish_off,,,,,,,,,,,,,,4,25,DOTA_UNIT_CAP_MELEE_ATTACK,2,22,1.9,0.6,800,110,DOTA_ATTRIBUTE_STRENGTH,22,3.0,5,2.0,8,2.0,0,0,0,DOTA_UNIT_CAP_MOVE_GROUND,245,0.6,465,1.25,75,0.25,DOTA_TEAM_GOODGUYS,DOTA_COMBAT_CLASS_ATTACK_HERO,DOTA_COMBAT_CLASS_DEFEND_HERO,DOTA_NPC_UNIT_RELATIONSHIP_TYPE_HERO,hero,hero,900,800,1,,,,,,,,,,
npc_dota_hero_spirit_breaker,Повелитель Времени,game/scripts/npc/heroes/npc_lia_hero_time_lord.txt,3,True,npc_dota_hero_spirit_breaker,"Nuker,Disabler,Pusher","2,1,1",2,time_lord_death,time_lord_timelapse,time_lord_wisdom_flow,generic_hidden,generic_hidden,time_lord_stop_time,,,,,,,,,,,,,,0,25,DOTA_UNIT_CAP_MELEE_ATTACK,8,30,1.95,0.5,800,100,DOTA_ATTRIBUTE_INTELLECT,13,2.55,18,3.0,4,1.85,0,0,0,DOTA_UNIT_CAP_MOVE_GROUND,260,0.5,525,1.15,75,0.25,DOTA_TEAM_GOODGUYS,DOTA_COMBAT_CLASS_ATTACK_HERO,DOTA_COMBAT_CLASS_DEFEND_HERO,DOTA_NPC_UNIT_RELATIONSHIP_TYPE_HERO,hero,hero,900,800,1,,,,,,,,,,
npc_dota_hero_treant,Энт-Защитник,game/scripts/npc/heroes/npc_lia_hero_treant.txt,3,True,npc_dota_hero_treant,"Nuker,Durable","3,1",3,treant_butterfly_flock,treant_take_root,treant_craving_for_nature,generic_hidden,generic_hidden,treant_sharp_thorns,,,,,,,,,,,,,,0,25,DOTA_UNIT_CAP_MELEE_ATTACK,12,21,2,0.3,800,110,DOTA_ATTRIBUTE_STRENGTH,17,2.9,15,2.1,3,2,0,0,0,DOTA_UNIT_CAP_MOVE_GROUND,265,0.4,500,1.15,75,0.25,DOTA_TEAM_GOODGUYS,DOTA_COMBAT_CLASS_ATTACK_HERO,DOTA_COMBAT_CLASS_DEFEND_HERO,DOTA_NPC_UNIT_RELATIONSHIP_TYPE_HERO,hero,hero,900,800,1,900,,,,,,,,,
npc_dota_hero_troll_warlord,Тролль-Головорез,game/scripts/npc/heroes/npc_lia_hero_troll_cutthroat.txt,3,True,npc_dota_hero_troll_warlord,"Pusher,Nuker","3,1",2,troll_cutthroat_boomeang_axe,troll_cutthroat_vulnerability,troll_cutthroat_enchanted_axes,generic_hidden,generic_hidden,troll_cutthroat_battle_trance,troll_cutthroat_boomeang_axe_return,,,,,,,,,,,,,1,25,DOTA_UNIT_CAP_MELEE_ATTACK,13,23,1.85,0.3,800,120,DOTA_ATTRIBUTE_STRENGTH,18,3.1,3,2.2,14,2.2,0,0,0,DOTA_UNIT_CAP_MOVE_GROUND,270,0.6,470,1.0,100,0.25,DOTA_TEAM_GOODGUYS,DOTA_COMBAT_CLASS_ATTACK_HERO,DOTA_COMBAT_CLASS_DEFEND_HERO,DOTA_NPC_UNIT_RELATIONSHIP_TYPE_HERO,hero,hero,1400,1400,1,,,,,,,,,,heroes/TrollCutthroat/MeleeAnimation.lua
npc_dota_hero_phantom_assassin,Валькирия,game/scripts/npc/heroes/npc_lia_hero_valkyrie.txt,3,True,npc_dota_hero_phantom_assassin,"Pusher,Escape","3,1",1,valkyrie_rage,valkyrie_true_hit,valkyrie_agility,generic_hidden,generic_hidden,valkyrie_fury,,,,,,,,,,,,,,0,25,DOTA_UNIT_CAP_MELEE_ATTACK,2,22,1.9,0.3,800,100,DOTA_ATTRIBUTE_AGILITY,8,2.0,6,2.0,21,3.0,0,0,0,DOTA_UNIT_CAP_MOVE_GROUND,275,0.4,640,1.0,75,0.25,DOTA_TEAM_GOODGUYS,DOTA_COMBAT_CLASS_ATTACK_HERO,DOTA_COMBAT_CLASS_DEFEND_HERO,DOTA_NPC_UNIT_RELATIONSHIP_TYPE_HERO,hero,hero,900,800,1,,,,,,,,,,
npc_dota_hero_lycan,Вампир,game/scripts/npc/heroes/npc_lia_hero_vampire.txt,3,True,npc_dota_hero_lycan,"Pusher,Nuker,Durable","2,1,1",1,vampire_life_drain,vampire_lifesteal,vampire_thirst,generic_hidden,generic_hidden,vampire_transformation,,,,,,,,,,,,,,0,25,DOTA_UNIT_CAP_MELEE_ATTACK,2,12,1.85,0.55,800,100,DOTA_ATTRIBUTE_AGILITY,11,2.2,6,2.2,18,3.1,0,0,0,DOTA_UNIT_CAP_MOVE_GROUND,275,0.5,490,1.0,75,0.25,DOTA_TEAM_GOODGUYS,DOTA_COMBAT_CLASS_ATTACK_HERO,DOTA_COMBAT_CLASS_DEFEND_HERO,DOTA_NPC_UNIT_RELATIONSHIP_TYPE_HERO,hero,hero,900,800,1,900,,,,,,,,,
npc_dota_hero_nevermore,Сотканный из Крови,game/scripts/npc/heroes/npc_lia_hero_vowen_from_blood.txt,3,True,npc_dota_hero_nevermore,"Nuker,Escape,Pusher","2,1,2",2,vowen_from_blood_steal_blood,vowen_from_blood_spiritual_flame,vowen_from_blood_soul_burn,generic_hidden,generic_hidden,vowen_from_blood_chaos,,,,,,,,,,,,,,0,25,DOTA_UNIT_CAP_RANGED_ATTACK,7,27,1.85,0.5,800,600,DOTA_ATTRIBUTE_INTELLECT,5,2.4,15,2.8,15,2.4,0,0,0,DOTA_UNIT_CAP_MOVE_GROUND,260,0.6,525,1.15,75,0.25,DOTA_TEAM_GOODGUYS,DOTA_COMBAT_CLASS_ATTACK_HERO,DOTA_COMBAT_CLASS_DEFEND_HERO,DOTA_NPC_UNIT_RELATIONSHIP_TYPE_HERO,hero,hero,900,800,1,900,particles/econ/items/shadow_fiend/sf_desolation/sf_base_attack_desolation.vpcf,4,,,,,,,
npc_dota_hero_undying,Ходячий Мертвец,game/scripts/npc/heroes/npc_lia_hero_walking_dead.txt,3,True,npc_dota_hero_undying,"Durable,Nuker","3,1",2,walking_dead_decay,walking_dead_rot_curse,walking_dead_vitality,generic_hidden,generic_hidden,walking_dead_cemetery_power,,,,,,,,,,,,,,0,25,DOTA_UNIT_CAP_MELEE_ATTACK,3,10,1.95,0.29,800,120,DOTA_ATTRIBUTE_STRENGTH,20,3.0,7,2.0,8,2.1,0,0,0,DOTA_UNIT_CAP_MOVE_GROUND,245,0.6,475,1.2,75,0.25,DOTA_TEAM_GOODGUYS,DOTA_COMBAT_CLASS_ATTACK_HERO,DOTA_COMBAT_CLASS_DEFEND_HERO,DOTA_NPC_UNIT_RELATIONSHIP_TYPE_HERO,hero,hero,900,800,1,,,,,,,,,,
npc_dota_hero_silencer,Странник,game/scripts/npc/heroes/npc_lia_hero_wanderer.txt,3,True,npc_dota_hero_silencer,"Disabler,Escape,Jungler","2,3,2",3,wanderer_spirit_of_the_plains,wanderer_the_flow_of_life,wanderer_arcane_aura,generic_hidden,generic_hidden,wanderer_ghosts,,,,,,,,,,,,,,0,25,DOTA_UNIT_CAP_RANGED_ATTACK,6,22,1.9,0.5,800,610,DOTA_ATTRIBUTE_INTELLECT,6,2.1,24,3.0,5,2.2,0,0,0,DOTA_UNIT_CAP_MOVE_GROUND,255,0.5,520,1.15,75,0.25,DOTA_TEAM_GOODGUYS,DOTA_COMBAT_CLASS_ATTACK_HERO,DOTA_COMBAT_CLASS_DEFEND_HERO,DOTA_NPC_UNIT_RELATIONSHIP_TYPE_HERO,hero,hero,900,800,1,900,,,,,,,,,heroes/Wanderer/cancel.lua
npc_dota_hero_lion,Колдун,game/scripts/npc/heroes/npc_lia_hero_warlock.txt,3,True,npc_dota_hero_lion,"Nuker,Escape","3,1",2,warlock_storm,warlock_sacrifice,warlock_magic_splash,generic_hidden,generic_hidden,warlock_firestorm,,,,,,,,,,,,,,0,25,DOTA_UNIT_CAP_RANGED_ATTACK,5,23,1.9,0.43,800,400,DOTA_ATTRIBUTE_INTELLECT,9,2.1,20,3.0,6,2.2,0,0,0,DOTA_UNIT_CAP_MOVE_GROUND,250,0.5,525,1.15,75,0.25,DOTA_TEAM_GOODGUYS,DOTA_COMBAT_CLASS_ATTACK_HERO,DOTA_COMBAT_CLASS_DEFEND_HERO,DOTA_NPC_UNIT_RELATIONSHIP_TYPE_HERO,hero,hero,900,800,1,,,,,,,,,,
npc_dota_hero_omniknight,Воин Света,game/scripts/npc/heroes/npc_lia_hero_warrior_of_light.txt,3,True,npc_dota_hero_omniknight,"Nuker,Durable,Escape","1,3,1",1,warrior_of_light_fetters,warrior_of_light_will_light,warrior_of_light_holy_power,generic_hidden,generic_hidden,warrior_of_light_divine_protection,,,,,,,,,,,,,,4,25,DOTA_UNIT_CAP_MELEE_ATTACK,14,24,1.85,0.433,800,100,DOTA_ATTRIBUTE_STRENGTH,19,3.1,12,2.2,4,2.2,0,0,0,DOTA_UNIT_CAP_MOVE_GROUND,255,0.6,460,1.0,75,0.25,DOTA_TEAM_GOODGUYS,DOTA_COMBAT_CLASS_ATTACK_HERO,DOTA_COMBAT_CLASS_DEFEND_HERO,DOTA_NPC_UNIT_RELATIONSHIP_TYPE_HERO,hero,hero,900,800,1,,,,,,,,,,
npc_dota_hero_shadow_shaman,Знахарь,game/scripts/npc/heroes/npc_lia_hero_witch_doctor.txt,3,True,npc_dota_hero_shadow_shaman,"Nuker,Disabler,Escape","2,1,3",1,witch_doctor_negative_energy,witch_doctor_frost_armor,witch_doctor_discharge,generic_hidden,generic_hidden,witch_doctor_regeneration,,,,,,,,,,,,,,0,25,DOTA_UNIT_CAP_RANGED_ATTACK,5,25,1.95,0.3,800,575,DOTA_ATTRIBUTE_INTELLECT,8,2,20,3,7,2.3,0,0,0,DOTA_UNIT_CAP_MOVE_GROUND,250,0.4,525,1.15,75,0.25,DOTA_TEAM_GOODGUYS,DOTA_COMBAT_CLASS_ATTACK_HERO,DOTA_COMBAT_CLASS_DEFEND_HERO,DOTA_NPC_UNIT_RELATIONSHIP_TYPE_HERO,hero,hero,900,800,1,900,,4,,,,,,,
