id,name_ru,source,line,included_from_engine_root,AbilityTextureName,Model,BaseClass,ItemCost,ItemShopTags,ItemKillable,ItemRecipe,ItemResult,listed_in_main_shop,ScriptFile,ItemDroppable,ItemSellable,ItemPurchasable,ItemQuality,ItemAliases,AbilityBehavior,ItemShareability,AbilityCooldown,AbilityUnitTargetTeam,AbilityUnitTargetType,ItemPermanent,ItemStackable,ItemInitialCharges,Effect,AbilityManaCost,AbilitySharedCooldown,AbilityCastRange,ID,ItemStockMax,ItemStockTime,ItemStockInitial,AbilityUnitDamageType,AbilityCastPoint,SideShop,ItemAlertable,UpgradesItems,UpgradeRecipe,MaxUpgradeLevel,ItemBaseLevel,AoERadius,AbilityManacost,AbilityUnitTargetFlags,SpellImmunityType,AbilityDamage,ItemRequiresCharges,CastFilterRejectCaster,ItemCastOnPickup,ScriptFIle,ItemDeclarations,ShouldBeSuggested
item_recipe_lia_alanith_spear,Рецепт,game/scripts/npc/items/item_lia_alanith_spear.txt,3,True,recipe,models/props_gameplay/recipe.vmdl,item_datadriven,180,damage;lifesteal,0,1,item_lia_alanith_spear,False,,,,,,,,,,,,,,,,,,,,,,,,,,,,,,,,,,,,,,,,,
item_lia_alanith_spear,Копьё Аланита,game/scripts/npc/items/item_lia_alanith_spear.txt,24,True,lia_alanith_spear,,item_lua,490,,0,,,True,items/item_lia_alanith_spear,1,1,1,common,ка;копье аланита;копьё аланита;as,DOTA_ABILITY_BEHAVIOR_PASSIVE | DOTA_ABILITY_BEHAVIOR_ATTACK,,,,,,,,,,,,,,,,,,,,,,,,,,,,,,,,,,
item_lia_amulet,Амулет,game/scripts/npc/items/item_lia_amulet.txt,3,True,lia_amulet,models/props_gameplay/red_box.vmdl,item_datadriven,120,health_pool,0,,,True,,1,1,1,component,амулет;amulet,DOTA_ABILITY_BEHAVIOR_PASSIVE,ITEM_FULLY_SHAREABLE,,,,,,,,,,,,,,,,,,,,,,,,,,,,,,,,,
item_lia_amulet_of_spell_shield,Амулет Защиты,game/scripts/npc/items/item_lia_amulet_of_spell_shield.txt,3,True,lia_amulet_of_spell_shield,,item_datadriven,300,,0,,,True,,1,1,1,component,амулет защиты;аз;amulet of spell shield;aoss,DOTA_ABILITY_BEHAVIOR_PASSIVE,ITEM_FULLY_SHAREABLE,30.0,,,,,,,,,,,,,,,,,,,,,,,,,,,,,,,,
item_lia_ancient_glove,Древняя Перчатка,game/scripts/npc/items/item_lia_ancient_glove.txt,3,True,lia_ancient_glove,models/props_gameplay/red_box.vmdl,item_datadriven,150,hard_to_tag,0,,,True,,1,1,1,component,ag;ancient glove;дп;древняя перчатка,DOTA_ABILITY_BEHAVIOR_PASSIVE,ITEM_FULLY_SHAREABLE,,,,,,,,,,,,,,,,,,,,,,,,,,,,,,,,,
item_lia_anti_magic_potion,Антимагический Эликсир,game/scripts/npc/items/item_lia_anti_magic_potion.txt,3,True,lia_anti_magic_potion,,item_datadriven,80,common,0,,,True,,1,1,,common,аэ;антимагический эликсир;ame;ae;antimagic exlixir;anti-magic elixir,DOTA_ABILITY_BEHAVIOR_NO_TARGET | DOTA_ABILITY_BEHAVIOR_IMMEDIATE | DOTA_ABILITY_BEHAVIOR_DONT_RESUME_ATTACK,ITEM_FULLY_SHAREABLE_STACKING,18,DOTA_UNIT_TARGET_TEAM_FRIENDLY,DOTA_UNIT_TARGET_HERO,0,1,1,,,,,,,,,,,,,,,,,,,,,,,,,,,
item_recipe_lia_armor_of_the_red_mist,Рецепт,game/scripts/npc/items/item_lia_armor_of_the_red_mist.txt,3,True,recipe,models/props_gameplay/recipe.vmdl,item_datadriven,450,health;armor;hard_to_tag,0,1,item_lia_armor_of_the_red_mist,False,,,,,,,,,,,,,,,,,,,,,,,,,,,,,,,,,,,,,,,,,
item_lia_armor_of_the_red_mist,Доспехи Красного Тумана,game/scripts/npc/items/item_lia_armor_of_the_red_mist.txt,22,True,lia_armor_of_the_red_mist,models/props_gameplay/red_box.vmdl,item_lua,2555,health;armor;hard_to_tag,0,,,True,items\item_lia_armor_of_the_red_mist.lua,,,,epic,basher,DOTA_ABILITY_BEHAVIOR_NO_TARGET | DOTA_ABILITY_BEHAVIOR_DONT_RESUME_MOVEMENT,,14.0,,,,,,particles/generic_gameplay/dropped_item.vpcf,120,Taunt,400,,,,,,,,,,,,,,,,,,,,,,,
item_lia_axe,Топор,game/scripts/npc/items/item_lia_axe.txt,3,True,lia_axe,models/props_gameplay/red_box.vmdl,item_datadriven,85,,0,,,True,,1,1,1,component,axe;топор,DOTA_ABILITY_BEHAVIOR_PASSIVE,ITEM_FULLY_SHAREABLE,,,,,,,,,,,,,,,,,,,,,,,,,,,,,,,,,
item_recipe_lia_banner_of_victory,Рецепт,game/scripts/npc/items/item_lia_banner_of_victory.txt,3,True,recipe,models/props_gameplay/recipe.vmdl,item_datadriven,320,damage;lifesteal,0,1,item_lia_banner_of_victory,False,,,,,,,,,,,,,,,,,,,,,,,,,,,,,,,,,,,,,,,,,
item_lia_banner_of_victory,Знамя Победы,game/scripts/npc/items/item_lia_banner_of_victory.txt,22,True,lia_banner_of_victory,,item_lua,715,,0,,,True,items\item_lia_banner_of_victory.lua,1,1,1,common,bov;bv;banner of victory;зп;знамя победы,DOTA_ABILITY_BEHAVIOR_PASSIVE | DOTA_ABILITY_BEHAVIOR_AURA,,,,,,,,,,,,,,,,,,,,,,,,,,,,,,,,,,
item_recipe_lia_battle_axe,Рецепт,game/scripts/npc/items/item_lia_battle_axe.txt,3,True,recipe,models/props_gameplay/recipe.vmdl,item_datadriven,220,str;damage;armor;hard_to_tag,0,1,item_lia_battle_axe,False,,,,,,,,,,,,,,,,,,,,,,,,,,,,,,,,,,,,,,,,,
item_lia_battle_axe,Боевой Топор,game/scripts/npc/items/item_lia_battle_axe.txt,23,True,lia_battle_axe,models/props_gameplay/red_box.vmdl,item_datadriven,585,str;damage;armor;hard_to_tag,0,,,True,,,,,epic,basher;боевой топор;бт;ba;battle axe,DOTA_ABILITY_BEHAVIOR_PASSIVE,,,,,,,,particles/generic_gameplay/dropped_item.vpcf,,,,,,,,,,,,,,,,,,,,,,,,,,
item_recipe_lia_battle_javelin,Рецепт,game/scripts/npc/items/item_lia_battle_javelin.txt,3,True,recipe,models/props_gameplay/recipe.vmdl,item_datadriven,415,damage;attack_speed,0,1,item_lia_battle_javelin,False,,,,,,,,,,,,,,,,,,,1367,,,,,,,,,,,,,,,,,,,,,,
item_lia_battle_javelin,Боевой Дротик,game/scripts/npc/items/item_lia_battle_javelin.txt,22,True,lia_battle_javelin,,item_lua,800,,0,,,True,items\item_lia_battle_javelin.lua,1,1,1,common,bj;battle javelin;бд;боевой дротик,DOTA_ABILITY_BEHAVIOR_PASSIVE,,,,,,,,,,,,,,,,,,,,,,,,,,,,,,,,,,
item_recipe_lia_blade_of_incorporeality,Рецепт,game/scripts/npc/items/item_lia_blade_of_incorporeality.txt,3,True,recipe,models/props_gameplay/recipe.vmdl,item_datadriven,500,damage;attack_speed;evasion,0,1,item_lia_blade_of_incorporeality,False,,,,,,,,,,,,,,,,,,,,,,,,,,,,,,,,,,,,,,,,,
item_lia_blade_of_incorporeality,Клинок Бестелесности,game/scripts/npc/items/item_lia_blade_of_incorporeality.txt,22,True,lia_blade_of_incorporeality,,item_lua,1495,,0,,,True,items\item_lia_blade_of_incorporeality.lua,1,1,1,common,boi;blade of incorporeality;кб;клинок бестелесности,DOTA_ABILITY_BEHAVIOR_NO_TARGET,,16,,,,,,,80,,,,,,,,,,,,,,,,,,,,,,,,,
item_recipe_lia_blood_blade,Рецепт,game/scripts/npc/items/item_lia_blood_blade.txt,3,True,recipe,models/props_gameplay/recipe.vmdl,item_datadriven,365,damage;lifesteal;hard_to_tag,0,1,item_lia_blood_blade,False,,,,,,,,,,,,,,,,,,,,,,,,,,,,,,,,,,,,,,,,,
item_lia_blood_blade,Меч Крови,game/scripts/npc/items/item_lia_blood_blade.txt,23,True,lia_blood_blade,,item_lua,900,,0,,,True,items/item_lia_blood_blade,1,1,1,rare,bb;blood blade;lifesteal;меч крови;мк,DOTA_ABILITY_BEHAVIOR_NO_TARGET | DOTA_ABILITY_BEHAVIOR_IMMEDIATE | DOTA_ABILITY_BEHAVIOR_ATTACK,,13,,,,,,,100,,,,,,,,,,,,,,,,,,,,,,,,,
item_recipe_lia_blood_moon,Рецепт,game/scripts/npc/items/item_lia_blood_moon.txt,3,True,recipe,models/props_gameplay/recipe.vmdl,item_datadriven,750,str;damage;attack_speed;hard_to_tag,0,1,item_lia_blood_moon,False,,,,,,,,,,,,,,,,,,,,,,,,,,,,,,,,,,,,,,,,,
item_lia_blood_moon,Кровавая Луна,game/scripts/npc/items/item_lia_blood_moon.txt,23,True,lia_blood_moon,,item_lua,2135,,0,,,True,items\item_lia_blood_moon.lua,1,1,1,epic,кл;кровавая луна;bm;blood moon;cleave,DOTA_ABILITY_BEHAVIOR_PASSIVE,,,,,,,,,,,,,,,,,,,,,,,,,,,,,,,,,,
item_lia_boar,,game/scripts/npc/items/item_lia_boar.txt,3,True,lia_boar,,item_datadriven,75,consumable,0,,,True,,1,1,,consumable,кабан;boar,DOTA_ABILITY_BEHAVIOR_NO_TARGET,ITEM_FULLY_SHAREABLE_STACKING,20,,,0,1,1,,,,,,,,,,,,,,,,,,,,,,,,,,,
item_lia_book_of_the_dead,Книга Мёртвых,game/scripts/npc/items/item_lia_book_of_the_dead.txt,3,True,lia_book_of_the_dead,,item_datadriven,40,epic,0,,,True,,1,1,,epic,botd;bd;book of the dead;км;книга мертвых,DOTA_ABILITY_BEHAVIOR_NO_TARGET,ITEM_FULLY_SHAREABLE_STACKING,20,,,0,1,1,,0,,400,,1,20,1,,,,,,,,,,,,,,,,,,,
item_lia_boots,Сапоги,game/scripts/npc/items/item_lia_boots.txt,3,True,lia_boots,,item_datadriven,90,,0,,,True,,1,1,1,component,сапоги;boots,DOTA_ABILITY_BEHAVIOR_NO_TARGET | DOTA_ABILITY_BEHAVIOR_PASSIVE,ITEM_FULLY_SHAREABLE,,,,,,,,,,,,,,,,,,,,,,,,,,,,,,,,,
item_recipe_lia_boots_of_invisibility,Рецепт,game/scripts/npc/items/item_lia_boots_of_invisibility.txt,3,True,recipe,models/props_gameplay/recipe.vmdl,item_datadriven,300,damage;attack_speed,0,1,item_lia_boots_of_invisibility,False,,,,,,,,,,,,,,,,,,,,,,,,,,,,,,,,,,,,,,,,,
item_lia_boots_of_invisibility,Сапоги-Невидимки,game/scripts/npc/items/item_lia_boots_of_invisibility.txt,23,True,lia_boots_of_invisibility,,item_lua,390,,0,,,True,items\item_lia_boots_of_invisibility.lua,1,1,1,common,сн;сапоги-невидимки;сапоги невидимости;boi;bi;boots of invisibility,DOTA_ABILITY_BEHAVIOR_NO_TARGET | DOTA_ABILITY_BEHAVIOR_IMMEDIATE | DOTA_ABILITY_BEHAVIOR_IGNORE_BACKSWING | DOTA_ABILITY_BEHAVIOR_IGNORE_CHANNEL,,18.0,,,,,,,70,,,,,,,DAMAGE_TYPE_PHYSICAL,0,,,,,,,,,,,,,,,,,
item_recipe_lia_bounty_hunters_crossbow,Рецепт,game/scripts/npc/items/item_lia_bounty_hunters_crossbow.txt,3,True,recipe,models/props_gameplay/recipe.vmdl,item_datadriven,650,damage;attack_speed,0,1,item_lia_bounty_hunters_crossbow,False,,,,,,,,,,,,,,,,,,,,,,,,,,,,,,,,,,,,,,,,,
item_lia_bounty_hunters_crossbow,Арбалет Охотника за Головами,game/scripts/npc/items/item_lia_bounty_hunters_crossbow.txt,22,True,lia_bounty_hunters_crossbow,,item_lua,1900,,0,,,True,items\item_lia_bounty_hunters_crossbow.lua,1,1,1,common,bhc;bounty hunters crossbow;аозг;арбалет охотника за головами,DOTA_ABILITY_BEHAVIOR_NO_TARGET,,16,,,,,,,,,,,,,,,,,,,,,,,,,,,,,,,,
item_lia_claws,Когти,game/scripts/npc/items/item_lia_claws.txt,3,True,lia_claws,models/props_gameplay/red_box.vmdl,item_datadriven,65,damage,0,,,True,,1,1,1,component,claws;когти,DOTA_ABILITY_BEHAVIOR_PASSIVE,ITEM_FULLY_SHAREABLE,,,,,,,particles/generic_gameplay/dropped_item.vpcf,,,,,,,,,,1,,,,,,,,,,,,,,,,
item_recipe_lia_crown_of_death,Рецепт,game/scripts/npc/items/item_lia_crown_of_death.txt,3,True,recipe,models/props_gameplay/recipe.vmdl,item_datadriven,200,int,0,1,item_lia_crown_of_death,False,,,,,,,,,,,,,,,,,,,,,,,,,,,,,,,,,,,,,,,,,
item_lia_crown_of_death,Корона Смерти,game/scripts/npc/items/item_lia_crown_of_death.txt,23,True,lia_crown_of_death,,item_datadriven,540,,0,,,True,,1,1,1,common,кс;корона смерти;cd;cod;crown of death,DOTA_ABILITY_BEHAVIOR_UNIT_TARGET,,12.0,DOTA_UNIT_TARGET_TEAM_ENEMY,DOTA_UNIT_TARGET_HERO | DOTA_UNIT_TARGET_BASIC,,,,,80,,500,,,,,,0.0,,,,,,,,,,,,,,,,,
item_recipe_lia_crusher,Рецепт,game/scripts/npc/items/item_lia_crusher.txt,3,True,recipe,models/props_gameplay/recipe.vmdl,item_datadriven,650,crit;damage;hard_to_tag,0,1,item_lia_crusher,False,,,,,,,,,,,,,,,,,,,,,,,,,,,,,,,,,,,,,,,,,
item_lia_crusher,Сокрушитель,game/scripts/npc/items/item_lia_crusher.txt,23,True,lia_crusher,,item_datadriven,2050,,0,,,True,,1,1,1,rare,crusher;сокрушитель,DOTA_ABILITY_BEHAVIOR_UNIT_TARGET,,8.0,DOTA_UNIT_TARGET_TEAM_ENEMY,DOTA_UNIT_TARGET_HERO | DOTA_UNIT_TARGET_BASIC,,,,,100,ItemChainLigtning,700,,,,,DAMAGE_TYPE_MAGICAL,,,,,,,,,,,,,,,,,,
item_recipe_lia_demon_edge,Рецепт,game/scripts/npc/items/item_lia_demon_edge.txt,3,True,recipe,models/props_gameplay/recipe.vmdl,item_datadriven,230,damage,0,1,item_lia_demon_edge,False,,,,,,,,,,,,,,,,,,,,,,,,,,,,,,,,,,,,,,,,,
item_lia_demon_edge,Лезвие Демона,game/scripts/npc/items/item_lia_demon_edge.txt,23,True,lia_demon_edge,,item_datadriven,550,,0,,,True,,1,1,1,common,de;demon edge;лезвие демона;лд,DOTA_ABILITY_BEHAVIOR_PASSIVE,,,,,,,,,,,,,,,,,,,,,,,,,,,,,,,,,,
item_lia_demonic_figurine,Статуэтка Демона,game/scripts/npc/items/item_lia_demonic_figure.txt,3,True,lia_demonic_figurine,,item_datadriven,150,epic,0,,,True,,1,1,,epic,статуэтка демона;сд;дум;demonic figurine;df;doom,DOTA_ABILITY_BEHAVIOR_NO_TARGET,ITEM_FULLY_SHAREABLE_STACKING,30,,,0,1,1,,0,,400,,1,30,1,,,,,,,,,,,,,,,,,,,
item_recipe_lia_divine_armor,Рецепт,game/scripts/npc/items/item_lia_divine_armor.txt,3,True,recipe,models/props_gameplay/recipe.vmdl,item_datadriven,700,armor;regen_health;health_pool;hard_to_tag,0,1,item_lia_divine_armor,False,,,,,,,,,,,,,,,,,,,,,,,,,,,,,,,,,,,,,,,,,
item_lia_divine_armor,Доспехи Бога,game/scripts/npc/items/item_lia_divine_armor.txt,23,True,lia_divine_armor,,item_datadriven,2315,,0,,,True,,1,1,1,rare,дб;доспехи бога;da;divine armor,DOTA_ABILITY_BEHAVIOR_PASSIVE,,,,,,,,,,,,,,,,,,,,,,,,,,,,,,,,,,
item_lia_dust_of_appearance,Порошок Прозрения,game/scripts/npc/items/item_lia_dust_of_appearance.txt,3,True,lia_dust_of_appearance,models/props_gameplay/dust.vmdl,item_dust,45,invis,0,,,True,,1,1,,common,dust of appearance;doa;пп;порошок прозрения,DOTA_ABILITY_BEHAVIOR_IMMEDIATE | DOTA_ABILITY_BEHAVIOR_NO_TARGET,ITEM_FULLY_SHAREABLE,14,,,0,1,3,particles/generic_gameplay/dropped_dust.vpcf,0,dust,,,,,,,,,1,,,,,,,,,,,,,,,
item_recipe_lia_dwarf_armor,Рецепт,game/scripts/npc/items/item_lia_dwarf_armor.txt,3,True,recipe,models/props_gameplay/recipe.vmdl,item_datadriven,200,armor;health_pool,0,1,item_lia_dwarf_armor,False,,,,,,,,,,,,,,,,,,,,,,,,,,,,,,,,,,,,,,,,,
item_lia_dwarf_armor,Гномья Броня,game/scripts/npc/items/item_lia_dwarf_armor.txt,23,True,lia_dwarf_armor,,item_datadriven,515,,0,,,True,,1,1,1,common,da;dwarf armor;гб;шгомья броня,DOTA_ABILITY_BEHAVIOR_PASSIVE,,,,,,,,,,,,,,,,,,,,,,,,,,,,,,,,,,
item_recipe_lia_enchanted_shield,Рецепт,game/scripts/npc/items/item_lia_enchanted_shield.txt,3,True,recipe,models/props_gameplay/recipe.vmdl,item_datadriven,275,health;armor;hard_to_tag,0,1,item_lia_enchanted_shield,False,,,,,,,,,,,,,,,,,,,,,,,,,,,,,,,,,,,,,,,,,
item_recipe_lia_enchanted_shield_2,,game/scripts/npc/items/item_lia_enchanted_shield.txt,23,True,recipe,models/props_gameplay/recipe.vmdl,item_datadriven,0,health;armor;hard_to_tag,,1,item_lia_enchanted_shield_2,False,,,,,,,,,,,,,,,,,,,,,,,,,,,,,,,,,,,,,,,,,
item_lia_enchanted_shield,Заколдованный Щит,game/scripts/npc/items/item_lia_enchanted_shield.txt,41,True,lia_enchanted_shield,models/props_gameplay/red_box.vmdl,item_lua,910,health;armor;hard_to_tag,0,,,True,items\item_lia_enchanted_shield.lua,,,,epic,es;enchanted shield;зщ;заколдованный щит,DOTA_ABILITY_BEHAVIOR_PASSIVE,,,,,,,,particles/generic_gameplay/dropped_item.vpcf,,,,,,,,,,,,item_lia_enchanted_shield;item_lia_enchanted_shield_2,item_recipe_lia_enchanted_shield,2,1,,,,,,,,,,,
item_lia_enchanted_shield_2,Заколдованный Щит,game/scripts/npc/items/item_lia_enchanted_shield.txt,73,True,lia_enchanted_shield_2,models/props_gameplay/red_box.vmdl,item_lua,1185,health;armor;hard_to_tag,0,,,False,items\item_lia_enchanted_shield.lua,,,,epic,es;enchanted shield;зщ;заколдованный щит,DOTA_ABILITY_BEHAVIOR_PASSIVE,,,,,,,,particles/generic_gameplay/dropped_item.vpcf,,,,,,,,,,,,item_lia_enchanted_shield;item_lia_enchanted_shield_2,item_recipe_lia_enchanted_shield,2,2,,,,,,,,,,,
item_recipe_lia_ferus_shield,Рецепт,game/scripts/npc/items/item_lia_ferus_shield.txt,3,True,recipe,models/props_gameplay/recipe.vmdl,item_datadriven,750,damage;armor;lifesteal,0,1,item_lia_ferus_shield,False,,,,,,,,,,,,,,,,,,,,,,,,,,,,,,,,,,,,,,,,,
item_lia_ferus_shield,Щит Феруса,game/scripts/npc/items/item_lia_ferus_shield.txt,23,True,lia_ferus_shield,,item_lua,2090,,0,,,True,items\item_lia_ferus_shield.lua,1,1,1,common,ferus shield;fs;lifesteal;щф;щит феруса,DOTA_ABILITY_BEHAVIOR_NO_TARGET | DOTA_ABILITY_BEHAVIOR_AOE,,25,,,,,,,,,350,,,,,,,,,,,,,350,250,,,,,,,,,
item_recipe_lia_fire_gloves,Рецепт,game/scripts/npc/items/item_lia_fire_gloves.txt,3,True,recipe,models/props_gameplay/recipe.vmdl,item_datadriven,350,mana;hard_to_tag,0,1,item_lia_fire_gloves,False,,,,,,,,,,,,,,,,,,,,,,,,,,,,,,,,,,,,,,,,,
item_recipe_lia_fire_gloves_2,,game/scripts/npc/items/item_lia_fire_gloves.txt,23,True,recipe,models/props_gameplay/recipe.vmdl,item_datadriven,0,mana;hard_to_tag,,1,item_lia_fire_gloves_2,False,,,,,,,,,,,,,,,,,,,,,,,,,,,,,,,,,,,,,,,,,
item_lia_fire_gloves,Перчатки Огня,game/scripts/npc/items/item_lia_fire_gloves.txt,41,True,lia_fire_gloves,models/props_gameplay/red_box.vmdl,item_lua,690,mana;hard_to_tag,0,,,True,items\item_lia_fire_gloves.lua,,,,epic,по;перчатки огня;fg;fire gloves,DOTA_ABILITY_BEHAVIOR_NO_TARGET | DOTA_ABILITY_BEHAVIOR_AOE | DOTA_ABILITY_BEHAVIOR_TOGGLE,,,DOTA_UNIT_TARGET_TEAM_ENEMY,DOTA_UNIT_TARGET_HERO | DOTA_UNIT_TARGET_BASIC,,,,particles/generic_gameplay/dropped_item.vpcf,"[20, 30]",,220,,,,,DAMAGE_TYPE_MAGICAL,,,,item_lia_fire_gloves;item_lia_fire_gloves_2,item_recipe_lia_fire_gloves,2,1,,,,,,,,,,,
item_lia_fire_gloves_2,Перчатки Огня,game/scripts/npc/items/item_lia_fire_gloves.txt,87,True,lia_fire_gloves_2,models/props_gameplay/red_box.vmdl,item_lua,1040,mana;hard_to_tag,0,,,False,items\item_lia_fire_gloves.lua,,,,epic,по;перчатки огня;fg;fire gloves,DOTA_ABILITY_BEHAVIOR_NO_TARGET | DOTA_ABILITY_BEHAVIOR_TOGGLE,,,DOTA_UNIT_TARGET_TEAM_ENEMY,DOTA_UNIT_TARGET_HERO | DOTA_UNIT_TARGET_BASIC,,,,particles/generic_gameplay/dropped_item.vpcf,30,,220,,,,,DAMAGE_TYPE_MAGICAL,,,,item_lia_fire_gloves;item_lia_fire_gloves_2,item_recipe_lia_fire_gloves,2,2,,,,,,,,,,,
item_recipe_lia_fire_rod,Рецепт,game/scripts/npc/items/item_lia_fire_rod.txt,3,True,recipe,models/props_gameplay/recipe.vmdl,item_datadriven,730,damage;hard_to_tag,0,1,item_lia_fire_rod,False,,,,,,,,,,,,,,,,,,,,,,,,,,,,,,,,,,,,,,,,,
item_lia_fire_rod,Жезл Огня,game/scripts/npc/items/item_lia_fire_rod.txt,23,True,lia_fire_rod,,item_lua,1070,,0,,,True,items/item_lia_fire_rod,1,1,1,rare,жо;жезл огня;fr;fire rod,DOTA_ABILITY_BEHAVIOR_DIRECTIONAL | DOTA_ABILITY_BEHAVIOR_POINT | DOTA_ABILITY_BEHAVIOR_UNIT_TARGET,,18,DOTA_UNIT_TARGET_TEAM_ENEMY,DOTA_UNIT_TARGET_HERO | DOTA_UNIT_TARGET_BASIC,,,,,400,,700,,,,,DAMAGE_TYPE_MAGICAL,0.0,,,,,,,,,DOTA_UNIT_TARGET_FLAG_MAGIC_IMMUNE_ENEMIES,SPELL_IMMUNITY_ENEMIES_NO,600,,,,,,
item_recipe_lia_fire_sword,Рецепт,game/scripts/npc/items/item_lia_fire_sword.txt,3,True,recipe,models/props_gameplay/recipe.vmdl,item_datadriven,200,damage;hard_to_tag,0,1,item_lia_fire_sword,False,,,,,,,,,,,,,,,,,,,,,,,,,,,,,,,,,,,,,,,,,
item_lia_fire_sword,Огненный Меч,game/scripts/npc/items/item_lia_fire_sword.txt,23,True,lia_fire_sword,,item_datadriven,395,,0,,,True,,1,1,1,common,fs;fire sword;огненный меч;ом,DOTA_ABILITY_BEHAVIOR_PASSIVE,,,,,,,,,,,,,,,,,,,,,,,,,,,,,,,,,,
item_recipe_lia_ghost_blade,Рецепт,game/scripts/npc/items/item_lia_ghost_blade.txt,3,True,recipe,models/props_gameplay/recipe.vmdl,item_datadriven,700,str;agi;attack;armor;hard_to_tag,0,1,item_lia_ghost_blade,False,,,,,,,,,,,,,,,,,,,,,,,,,,,,,,,,,,,,,,,,,
item_lia_ghost_blade,Призрачный Меч,game/scripts/npc/items/item_lia_ghost_blade.txt,24,True,lia_ghost_blade,models/props_gameplay/red_box.vmdl,item_datadriven,1805,str;agi;attack;armor;hard_to_tag,0,,,True,,,,,epic,basher;пм;призрачный меч;ghost blade,DOTA_ABILITY_BEHAVIOR_PASSIVE,,,,,,,,particles/generic_gameplay/dropped_item.vpcf,,,,,,,,,,,,,,,,,,,,,,,,,,
item_recipe_lia_glove_of_pain,Рецепт,game/scripts/npc/items/item_lia_glove_of_pain.txt,3,True,recipe,models/props_gameplay/recipe.vmdl,item_datadriven,800,int,0,1,item_lia_glove_of_pain,False,,,,,,,,,,,,,,,,,,,,,,,,,,,,,,,,,,,,,,,,,
item_lia_glove_of_pain,Перчатка Боли,game/scripts/npc/items/item_lia_glove_of_pain.txt,23,True,lia_glove_of_pain,,item_datadriven,1590,,0,,,True,,1,1,1,common,gop;glove of pain;перчатка боли;пб,DOTA_ABILITY_BEHAVIOR_UNIT_TARGET,,25.0,DOTA_UNIT_TARGET_TEAM_BOTH,DOTA_UNIT_TARGET_HERO | DOTA_UNIT_TARGET_CREEP,,,,,350,,800,,,,,DAMAGE_TYPE_MAGICAL,0.0,,,,,,,,,DOTA_UNIT_TARGET_FLAG_NOT_CREEP_HERO,SPELL_IMMUNITY_ENEMIES_NO,,,,,,,
item_lia_gloves_of_haste,Перчатки Скорости,game/scripts/npc/items/item_lia_gloves_of_haste.txt,3,True,lia_gloves_of_haste,,item_datadriven,55,,0,,,True,,1,1,1,component,пс;перчатки скорости;gos;gloves of haste,DOTA_ABILITY_BEHAVIOR_NO_TARGET | DOTA_ABILITY_BEHAVIOR_PASSIVE,ITEM_FULLY_SHAREABLE,,,,,,,,,,,,,,,,,,,,,,,,,,,,,,,,,
item_lia_gloves_of_strength,Перчатки Силы,game/scripts/npc/items/item_lia_gloves_of_strength.txt,3,True,lia_gloves_of_strength,,item_datadriven,200,,0,,,True,,1,1,1,component,пс;перчатки силы;gos;gloves of strength,DOTA_ABILITY_BEHAVIOR_NO_TARGET | DOTA_ABILITY_BEHAVIOR_PASSIVE,ITEM_FULLY_SHAREABLE,,,,,,,,,,,,,,,,,,,,,,,,,,,,,,,,,
item_recipe_lia_hammer,Рецепт,game/scripts/npc/items/item_lia_hammer.txt,3,True,recipe,models/props_gameplay/recipe.vmdl,item_datadriven,600,str;damage;health_pool;hard_to_tag,0,1,item_lia_hammer,False,,,,,,,,,,,,,,,,,,,,,,,,,,,,,,,,,,,,,,,,,
item_lia_hammer,Молот Превосходства,game/scripts/npc/items/item_lia_hammer.txt,24,True,lia_hammer,models/props_gameplay/red_box.vmdl,item_datadriven,965,str;agi;int;damage;hard_to_tag,0,,,True,,,,,epic,basher;молот;hammer,DOTA_ABILITY_BEHAVIOR_PASSIVE,,,,,,,,particles/generic_gameplay/dropped_item.vpcf,,,,,,,,,,,,,,,,,,,,,,,,,,
item_recipe_lia_hammer_of_titans,Рецепт,game/scripts/npc/items/item_lia_hammer_of_titans.txt,3,True,recipe,models/props_gameplay/recipe.vmdl,item_datadriven,650,str;damage;hard_to_tag,0,1,item_lia_hammer_of_titans,False,,,,,,,,,,,,,,,,,,,,,,,,,,,,,,,,,,,,,,,,,
item_lia_hammer_of_titans,Молот Титанов,game/scripts/npc/items/item_lia_hammer_of_titans.txt,23,True,lia_hammer_of_titans,,item_lua,2130,,0,,,True,items\item_lia_hammer_of_titans.lua,1,1,1,rare,мт;молот титанов;hot;hammer of titans,DOTA_ABILITY_BEHAVIOR_PASSIVE,,,,,,,,,,,,,,,,,,,,,,,,,,,,,,,,,,
item_lia_healing_ward,Духи-Целители,game/scripts/npc/items/item_lia_healing_ward.txt,3,True,lia_healing_ward,models/props_gameplay/red_box.vmdl,item_lua,30,regen_health,0,,,True,items\item_lia_healing_ward.lua,,,,consumable,healing ward;hw;дц;духи-целители;вард,DOTA_ABILITY_BEHAVIOR_POINT,,0,,,0,1,1,,0,,500,,,,,,0.0,,,,,,,,,,,,1,,,,,
item_lia_health_elixir,Эликсир Здоровья,game/scripts/npc/items/item_lia_health_elixir.txt,3,True,lia_health_elixir,,item_lua,45,consumable,0,,,True,items\item_lia_health_elixir.lua,1,1,,consumable,he;hs;health elixir;healing salve;эз;эликсир здоровья,DOTA_ABILITY_BEHAVIOR_NO_TARGET | DOTA_ABILITY_BEHAVIOR_IMMEDIATE | DOTA_ABILITY_BEHAVIOR_DONT_RESUME_ATTACK,ITEM_FULLY_SHAREABLE_STACKING,40.0,DOTA_UNIT_TARGET_TEAM_FRIENDLY,DOTA_UNIT_TARGET_HERO,0,1,2,,,Heal,100,,,,,,0.0,,,,,,,,,,,,,,,,,
item_lia_health_stone_potion,Отвар Здоровья,game/scripts/npc/items/item_lia_health_stone_potion.txt,3,True,lia_health_stone_potion,,item_lua,15,consumable,0,,,True,items\item_lia_health_stone_potion.lua,,1,,consumable,hsp;health stone potion;оз;отвар здоровья,DOTA_ABILITY_BEHAVIOR_NO_TARGET | DOTA_ABILITY_BEHAVIOR_IMMEDIATE | DOTA_ABILITY_BEHAVIOR_DONT_RESUME_ATTACK,ITEM_FULLY_SHAREABLE_STACKING,40.0,DOTA_UNIT_TARGET_TEAM_FRIENDLY,DOTA_UNIT_TARGET_HERO,0,1,2,,,Heal,100,,,,,,0.0,,,,,,,,,,,,,,,,,
item_recipe_lia_hell_gloves,Рецепт,game/scripts/npc/items/item_lia_hell_gloves.txt,3,True,recipe,models/props_gameplay/recipe.vmdl,item_datadriven,450,str;damage;attack_speed,0,1,item_lia_hell_gloves,False,,,,,,,,,,,,,,,,,,,,,,,,,,,,,,,,,,,,,,,,,
item_lia_hell_gloves,Адские Перчатки,game/scripts/npc/items/item_lia_hell_gloves.txt,23,True,lia_hell_gloves,,item_datadriven,870,,0,,,True,,1,1,1,rare,hg;hell gloves;адские перчатки;ап,DOTA_ABILITY_BEHAVIOR_PASSIVE,,,,,,,,,,,,,,,,,,,,,,,,,,,,,,,,,,
item_recipe_lia_hell_mask,Рецепт,game/scripts/npc/items/item_lia_hell_mask.txt,3,True,recipe,models/props_gameplay/recipe.vmdl,item_datadriven,265,int,0,1,item_lia_hell_mask,False,,,,,,,,,,,,,,,,,,,,,,,,,,,,,,,,,,,,,,,,,
item_lia_hell_mask,Адская Маска,game/scripts/npc/items/item_lia_hell_mask.txt,23,True,lia_hell_mask,,item_datadriven,420,,0,,,True,,1,1,1,common,hell mask;hm;адская маска;ам,DOTA_ABILITY_BEHAVIOR_NO_TARGET,,30.0,,,,,,,100,,,,,,,,,,,,,,,,,,,,,,,,,
item_lia_helm,Шлем,game/scripts/npc/items/item_lia_helm.txt,3,True,lia_helm,,item_datadriven,195,,0,,,True,,1,1,1,component,шлем;helm,DOTA_ABILITY_BEHAVIOR_NO_TARGET | DOTA_ABILITY_BEHAVIOR_PASSIVE,ITEM_FULLY_SHAREABLE,,,,,,,,,,,,,,,,,,,,,,,,,,,,,,,,,
item_recipe_lia_huge_axe,Рецепт,game/scripts/npc/items/item_lia_huge_axe.txt,3,True,recipe,models/props_gameplay/recipe.vmdl,item_datadriven,265,str;damage;hard_to_tag,0,1,item_lia_huge_axe,False,,,,,,,,,,,,,,,,,,,,,,,,,,,,,,,,,,,,,,,,,
item_lia_huge_axe,Огромный Топор,game/scripts/npc/items/item_lia_huge_axe.txt,23,True,lia_huge_axe,,item_lua,515,,0,,,True,items\item_lia_huge_axe.lua,1,1,1,common,ha;huge axe;cleave;огромный топор;от,DOTA_ABILITY_BEHAVIOR_PASSIVE,,,,,,,,,,,,,,,,,,,,,,,,,,,,,,,,,,
item_recipe_lia_hyper_boots,,game/scripts/npc/items/item_lia_hyper_boots.txt,3,True,recipe,models/props_gameplay/recipe.vmdl,item_datadriven,400,movement_speed,0,1,item_lia_hyper_boots,False,,,,,,,,,,,,,,,,,,,,,,,,,,,,,,,,,,,,,,,,,
item_lia_hyper_boots,Гиперсапоги,game/scripts/npc/items/item_lia_hyper_boots.txt,23,True,lia_hyper_boots,,item_lua,490,,0,,,True,items\item_lia_hyper_boots.lua,1,1,1,common,гиперсапоги;гс;hyperboots;hb,DOTA_ABILITY_BEHAVIOR_UNIT_TARGET,,18.0,DOTA_UNIT_TARGET_TEAM_BOTH,DOTA_UNIT_TARGET_HERO | DOTA_UNIT_TARGET_BASIC,,,,,50,,500,,,,,DAMAGE_TYPE_MAGICAL,0,,,,,,,,,,,,,1,,,,
item_lia_hyper_boots_old,,game/scripts/npc/items/item_lia_hyper_boots.txt,67,True,lia_hyper_boots,,item_datadriven,490,,0,,,False,,1,1,1,common,гиперсапоги;гс;hyperboots;hb,DOTA_ABILITY_BEHAVIOR_UNIT_TARGET,,18.0,DOTA_UNIT_TARGET_TEAM_BOTH,DOTA_UNIT_TARGET_HERO | DOTA_UNIT_TARGET_BASIC,,,,,50,,500,,,,,DAMAGE_TYPE_MAGICAL,0,,,,,,,,,,,,,1,,,,
item_recipe_lia_ice_sword,Рецепт,game/scripts/npc/items/item_lia_ice_sword.txt,3,True,recipe,models/props_gameplay/recipe.vmdl,item_datadriven,500,int,0,1,item_lia_ice_sword,False,,,,,,,,,,,,,,,,,,,,,,,,,,,,,,,,,,,,,,,,,
item_lia_ice_sword,Ледяной Меч,game/scripts/npc/items/item_lia_ice_sword.txt,23,True,lia_ice_sword,,item_lua,1315,,0,,,True,items/item_lia_ice_sword,1,1,1,rare,лм;ледяной меч;is;ice sword,DOTA_ABILITY_BEHAVIOR_NO_TARGET,,14.0,,,,,,,275,,,,,,,DAMAGE_TYPE_MAGICAL,,,,,,,,500,,,SPELL_IMMUNITY_ENEMIES_NO,,,,,,,
item_recipe_lia_knight_cuirass,Рецепт,game/scripts/npc/items/item_lia_knight_cuirass.txt,3,True,recipe,models/props_gameplay/recipe.vmdl,item_datadriven,1050,armor;regen_health;health_pool,0,1,item_lia_knight_cuirass,False,,,,,,,,,,,,,,,,,,,,,,,,,,,,,,,,,,,,,,,,,
item_lia_knight_cuirass,Кираса Рыцаря,game/scripts/npc/items/item_lia_knight_cuirass.txt,23,True,lia_knight_cuirass,,item_lua,2240,,0,,,True,items\item_lia_knight_cuirass.lua,1,1,1,rare,кираса рыцаря;кр;knights cuirass;kc,DOTA_ABILITY_BEHAVIOR_NO_TARGET | DOTA_ABILITY_BEHAVIOR_IMMEDIATE,,30,,,,,,,85,,,,,,,,,,,,,,,,,,,,,,,,,
item_recipe_lia_knight_shield,Рецепт,game/scripts/npc/items/item_lia_knight_shield.txt,3,True,recipe,models/props_gameplay/recipe.vmdl,item_datadriven,300,armor;health_pool;hard_to_tag,0,1,item_lia_knight_shield,False,,,,,,,,,,,,,,,,,,,,,,,,,,,,,,,,,,,,,,,,,
item_lia_knight_shield,Рыцарский Щит,game/scripts/npc/items/item_lia_knight_shield.txt,23,True,lia_knight_shield,,item_lua,565,,0,,,True,items\item_lia_knight_shield.lua,1,1,1,common,рыцарский щит;рщ;ks;knights shield,DOTA_ABILITY_BEHAVIOR_PASSIVE,,,,,,,,,,,,,,,,,,,,,,,,,,,,,,,,,,
item_recipe_lia_lightning_bow,Рецепт,game/scripts/npc/items/item_lia_lightning_bow.txt,3,True,recipe,models/props_gameplay/recipe.vmdl,item_datadriven,900,crit;damage;hard_to_tag,0,1,item_lia_lightning_bow,False,,,,,,,,,,,,,,,,,,,,,,,,,,,,,,,,,,,,,,,,,
item_lia_lightning_bow,Лук Молний,game/scripts/npc/items/item_lia_lightning_bow.txt,23,True,lia_lightning_bow,,item_datadriven,2960,,0,,,True,,1,1,1,epic,lb;lightning bow;лм;лук молний,DOTA_ABILITY_BEHAVIOR_NO_TARGET,,30.0,DOTA_UNIT_TARGET_TEAM_ENEMY,DOTA_UNIT_TARGET_HERO | DOTA_UNIT_TARGET_BASIC,,,,,120,,,,,,,DAMAGE_TYPE_MAGICAL,,,,,,,,,,,,,,,,,,
item_recipe_lia_lightning_spear,Рецепт,game/scripts/npc/items/item_lia_lightning_spear.txt,3,True,recipe,models/props_gameplay/recipe.vmdl,item_datadriven,230,crit;damage;hard_to_tag,0,1,item_lia_lightning_spear,False,,,,,,,,,,,,,,,,,,,,,,,,,,,,,,,,,,,,,,,,,
item_lia_lightning_spear,Копьё Молний,game/scripts/npc/items/item_lia_lightning_spear.txt,23,True,lia_lightning_spear,,item_datadriven,880,,0,,,True,,1,1,1,rare,ls;lightning spear;км;копье молний;копьё молний,DOTA_ABILITY_BEHAVIOR_UNIT_TARGET,,8.0,DOTA_UNIT_TARGET_TEAM_ENEMY,DOTA_UNIT_TARGET_HERO | DOTA_UNIT_TARGET_BASIC,,,,,100,ItemChainLigtning,700,,,,,DAMAGE_TYPE_MAGICAL,,,,,,,,,,,,,,,,,,
item_recipe_lia_lunar_necklace,Рецепт,game/scripts/npc/items/item_lia_lunar_necklace.txt,3,True,recipe,models/props_gameplay/recipe.vmdl,item_datadriven,500,agi;str;int,0,1,item_lia_lunar_necklace,False,,,,,,,,,,,,,,,,,,,,,,,,,,,,,,,,,,,,,,,,,
item_lia_lunar_necklace,Лунное Колье,game/scripts/npc/items/item_lia_lunar_necklace.txt,23,True,lia_lunar_necklace,,item_lua,1690,,0,,,True,items\item_lia_lunar_necklace.lua,1,1,1,rare,ln;lunar necklace;лк;лунное колье,DOTA_ABILITY_BEHAVIOR_UNIT_TARGET,,24,DOTA_UNIT_TARGET_TEAM_FRIENDLY,DOTA_UNIT_TARGET_HERO,,,,,,,,,,,,,,,,,,,,,60,,,,,,,,,
item_recipe_lia_magic_bow,Рецепт,game/scripts/npc/items/item_lia_magic_bow.txt,3,True,recipe,models/props_gameplay/recipe.vmdl,item_datadriven,650,damage;attack_speed;agi,0,1,item_lia_magic_bow,False,,,,,,,,,,,,,,,,,,,,,,,,,,,,,,,,,,,,,,,,,
item_lia_magic_bow,Волшебный Лук,game/scripts/npc/items/item_lia_magic_bow.txt,23,True,lia_magic_bow,,item_datadriven,1180,,0,,,True,,1,1,1,rare,волшебный лук;вл;mb;magic bow,DOTA_ABILITY_BEHAVIOR_PASSIVE,,,,,,,,,,,,,,,,,,,,,,,,,,,,,,,,,,
item_recipe_lia_magic_helm,Рецепт,game/scripts/npc/items/item_lia_magic_helm.txt,3,True,recipe,models/props_gameplay/recipe.vmdl,item_datadriven,280,armor,0,1,item_lia_magic_helm,False,,,,,,,,,,,,,,,,,,,,,,,,,,,,,,,,,,,,,,,,,
item_lia_magic_helm,Магический Шлем,game/scripts/npc/items/item_lia_magic_helm.txt,23,True,lia_magic_helm,,item_datadriven,475,,0,,,True,,1,1,1,common,magic helm;mh;магический шлем;мш,DOTA_ABILITY_BEHAVIOR_PASSIVE,,,,,,,,,,,,,,,,,,,,,,,,,,,,,,,,,,
item_recipe_lia_magic_necklace,Рецепт,game/scripts/npc/items/item_lia_magic_necklace.txt,3,True,recipe,models/props_gameplay/recipe.vmdl,item_datadriven,450,str;agi;int,0,1,item_lia_magic_necklace,False,,,,,,,,,,,,,,,,,,,,,,,,,,,,,,,,,,,,,,,,,
item_lia_magic_necklace,Магическое Ожерелье,game/scripts/npc/items/item_lia_magic_necklace.txt,23,True,lia_magic_necklace,,item_datadriven,1050,,0,,,True,,1,1,1,rare,ожерелье;necklace,DOTA_ABILITY_BEHAVIOR_PASSIVE,,,,,,,,,,,,,,,,,,,,,,,,,,,,,,,,,,
item_recipe_lia_magic_staff,Рецепт,game/scripts/npc/items/item_lia_magic_staff.txt,3,True,recipe,models/props_gameplay/recipe.vmdl,item_datadriven,300,int,0,1,item_lia_magic_staff,False,,,,,,,,,,,,,,,,,,,,,,,,,,,,,,,,,,,,,,,,,
item_lia_magic_staff,Волшебный Посох,game/scripts/npc/items/item_lia_magic_staff.txt,23,True,lia_magic_staff,,item_datadriven,770,,0,,,True,,1,1,1,common,ms;magic staff;мп;магический посох,DOTA_ABILITY_BEHAVIOR_PASSIVE,,,,,,,,,,,,,,,,,,,,,,,,,,,,,,,,,,
item_recipe_lia_magician_armor,,game/scripts/npc/items/item_lia_magician_armor.txt,3,True,recipe,models/props_gameplay/recipe.vmdl,item_datadriven,800,int;health;armor;hard_to_tag,0,1,item_lia_magician_armor,False,,,,,,,,,,,,,,,,,,,,,,,,,,,,,,,,,,,,,,,,,
item_lia_magician_armor,Доспехи Заклинателя,game/scripts/npc/items/item_lia_magician_armor.txt,23,True,lia_magician_armor,,item_lua,2205,,0,,,True,items\item_lia_magician_armor.lua,1,1,1,rare,дз;доспехи заклинателя;броня заклинателя;ma;magician armor,DOTA_ABILITY_BEHAVIOR_PASSIVE,,,,,,,,,,,,,,,,,,,,,,,,,,,,,,,,,,
item_lia_mana_elixir,Эликсир Маны,game/scripts/npc/items/item_lia_mana_elixir.txt,3,True,lia_mana_elixir,,item_lua,45,consumable,0,,,True,items\item_lia_mana_elixir.lua,1,1,,consumable,эликсир маны;эм;mana elixir;mana salve;me,DOTA_ABILITY_BEHAVIOR_NO_TARGET | DOTA_ABILITY_BEHAVIOR_IMMEDIATE | DOTA_ABILITY_BEHAVIOR_DONT_RESUME_ATTACK,ITEM_FULLY_SHAREABLE_STACKING,40,DOTA_UNIT_TARGET_TEAM_FRIENDLY,DOTA_UNIT_TARGET_HERO,0,1,2,,,ReplenishMana,100,,,,,,0.0,,,,,,,,,,,,,,,,,
item_recipe_lia_mana_staff,Рецепт,game/scripts/npc/items/item_lia_mana_staff.txt,3,True,recipe,models/props_gameplay/recipe.vmdl,item_datadriven,400,int,0,1,item_lia_mana_staff,False,,,,,,,,,,,,,,,,,,,,,,,,,,,,,,,,,,,,,,,,,
item_lia_mana_staff,Посох Маны,game/scripts/npc/items/item_lia_mana_staff.txt,23,True,lia_mana_staff,,item_datadriven,720,,0,,,True,,1,1,1,common,mana staff;ms;посох маны;пм,DOTA_ABILITY_BEHAVIOR_PASSIVE,,,,,,,,,,,,,,,,,,,,,,,,,,,,,,,,,,
item_lia_mana_stone,Камень Маны,game/scripts/npc/items/item_lia_mana_stone.txt,3,True,lia_mana_stone,,item_datadriven,120,,0,,,True,,1,1,1,component,камень маны;км;mana stone;ms,DOTA_ABILITY_BEHAVIOR_NO_TARGET | DOTA_ABILITY_BEHAVIOR_PASSIVE,ITEM_FULLY_SHAREABLE,,,,,,,,,,,,,,,,,,,,,,,,,,,,,,,,,
item_lia_mana_stone_potion,Отвар Маны,game/scripts/npc/items/item_lia_mana_stone_potion.txt,3,True,lia_mana_stone_potion,,item_lua,15,consumable,0,,,True,items\item_lia_mana_stone_potion.lua,,1,,consumable,ом;отвар маны;msp;mana stone potion,DOTA_ABILITY_BEHAVIOR_NO_TARGET | DOTA_ABILITY_BEHAVIOR_IMMEDIATE | DOTA_ABILITY_BEHAVIOR_DONT_RESUME_ATTACK,ITEM_FULLY_SHAREABLE_STACKING,40.0,DOTA_UNIT_TARGET_TEAM_FRIENDLY,DOTA_UNIT_TARGET_HERO,0,1,2,,,ReplenishMana,100,,,,,,0.0,,,,,,,,,,,,,,,,,
item_lia_mantle,Мантия,game/scripts/npc/items/item_lia_mantle.txt,3,True,lia_mantle,,item_datadriven,85,,0,,,True,,1,1,1,component,mantle;мантия,DOTA_ABILITY_BEHAVIOR_NO_TARGET | DOTA_ABILITY_BEHAVIOR_PASSIVE,ITEM_FULLY_SHAREABLE,,,,,,,,,,,,,,,,,,,,,,,,,,,,,,,,,
item_lia_mask,Маска,game/scripts/npc/items/item_lia_mask.txt,3,True,lia_mask,,item_datadriven,70,,0,,,True,,1,1,1,component,mask;маска,DOTA_ABILITY_BEHAVIOR_NO_TARGET | DOTA_ABILITY_BEHAVIOR_PASSIVE,ITEM_FULLY_SHAREABLE,,,,,,,,,,,,,,,,,,,,,,,,,,,,,,,,,
item_lia_mask_of_death,Маска Смерти,game/scripts/npc/items/item_lia_mask_of_death.txt,3,True,lia_mask_of_death,,item_lua,200,,0,,,True,items/item_lia_mask_of_death,1,1,1,common,mod;mask of death;lifesteal;маска смерти;мс,DOTA_ABILITY_BEHAVIOR_PASSIVE | DOTA_ABILITY_BEHAVIOR_ATTACK,,,,,,,,,,,,,,,,,,,,,,,,,,,,,,,,,,
item_recipe_lia_mithril_armor,Рецепт,game/scripts/npc/items/item_lia_mithril_armor.txt,3,True,recipe,models/props_gameplay/recipe.vmdl,item_datadriven,330,health;armor;hard_to_tag,0,1,item_lia_mithril_armor,False,,,,,,,,,,,,,,,,,,,,,,,,,,,,,,,,,,,,,,,,,
item_lia_mithril_armor,Мифриловый Доспех,game/scripts/npc/items/item_lia_mithril_armor.txt,23,True,lia_mithril_armor,models/props_gameplay/red_box.vmdl,item_lua,1045,health;armor;hard_to_tag,0,,,True,items\item_lia_mithril_armor.lua,,,,epic,мд;мифриловый доспех;ma;mithril armor,DOTA_ABILITY_BEHAVIOR_NO_TARGET | DOTA_ABILITY_BEHAVIOR_DONT_RESUME_MOVEMENT,,14.0,,,,,,particles/generic_gameplay/dropped_item.vpcf,80,Taunt,400,,,,,,,,,,,,,,,,,,,,,,,
item_lia_necklace,Ожерелье,game/scripts/npc/items/item_lia_necklace.txt,3,True,lia_necklace,models/props_gameplay/red_box.vmdl,item_datadriven,85,,0,,,True,,1,1,1,component,necklace; ожерелье,DOTA_ABILITY_BEHAVIOR_PASSIVE,ITEM_FULLY_SHAREABLE,,,,,,,,,,,,,,,,,,,,,,,,,,,,,,,,,
item_lia_orb_of_fire,Сфера Огня,game/scripts/npc/items/item_lia_orb_of_fire.txt,3,True,lia_orb_of_fire,models/props_gameplay/red_box.vmdl,item_lua,110,,0,,,True,items/item_lia_orb_of_fire,1,1,1,component,orb of fire;oof;сфера огня;со,DOTA_ABILITY_BEHAVIOR_NO_TARGET | DOTA_ABILITY_BEHAVIOR_PASSIVE,ITEM_FULLY_SHAREABLE,,,,,,,,,,,,,,,,,,,,,,,,,,,,,,,,,
item_recipe_lia_orb_of_frost,Рецепт,game/scripts/npc/items/item_lia_orb_of_frost.txt,3,True,recipe,models/props_gameplay/recipe.vmdl,item_datadriven,400,int,0,1,item_lia_orb_of_frost,False,,,,,,,,,,,,,,,,,,,,,,,,,,,,,,,,,,,,,,,,,
item_lia_orb_of_frost,Сфера Льда,game/scripts/npc/items/item_lia_orb_of_frost.txt,23,True,lia_orb_of_frost,,item_lua,770,,0,,,True,items/item_lia_orb_of_frost,1,1,1,common,oof;orb of frost;сл;сфера льда,DOTA_ABILITY_BEHAVIOR_PASSIVE,,,,,,,,,,,,,,,,,,,,,,,,,,,,,,,,,,
item_recipe_lia_pantilus_blade,Рецепт,game/scripts/npc/items/item_lia_pantilus_blade.txt,3,True,recipe,models/props_gameplay/recipe.vmdl,item_datadriven,280,agi;damage;attack_speed,0,1,item_lia_pantilus_blade,False,,,,,,,,,,,,,,,,,,,,,,,,,,,,,,,,,,,,,,,,,
item_lia_pantilus_blade,Меч Пантилуса,game/scripts/npc/items/item_lia_pantilus_blade.txt,23,True,lia_pantilus_blade,,item_datadriven,520,,0,,,True,,1,1,1,common,мп;меч пантилуса;pb;pantilus blade,DOTA_ABILITY_BEHAVIOR_PASSIVE,,,,,,,,,,,,,,,,,,,,,,,,,,,,,,,,,,
item_recipe_lia_poleaxe_of_rage,Рецепт,game/scripts/npc/items/item_lia_poleaxe_of_rage.txt,3,True,recipe,models/props_gameplay/recipe.vmdl,item_datadriven,600,int,0,1,item_lia_poleaxe_of_rage,False,,,,,,,,,,,,,,,,,,,,,,,,,,,,,,,,,,,,,,,,,
item_lia_poleaxe_of_rage,Секира Ярости,game/scripts/npc/items/item_lia_poleaxe_of_rage.txt,23,True,lia_poleaxe_of_rage,,item_datadriven,1390,,0,,,True,,1,1,1,rare,секира ярости;ся;poleaxe of rage;por,DOTA_ABILITY_BEHAVIOR_IMMEDIATE | DOTA_ABILITY_BEHAVIOR_NO_TARGET | DOTA_ABILITY_BEHAVIOR_IGNORE_CHANNEL,,16.0,,,,,,,90,,,,,,,,0.0,,,,,,,,,,,,,,,,,
item_lia_potion_of_invisibility,Зелье Невидимости,game/scripts/npc/items/item_lia_potion_of_invisibility.txt,3,True,lia_potion_of_invisibility,,item_datadriven,60,common,0,,,True,,1,1,,common,зн;зелье невидимости;potion of invisibility;poi,DOTA_ABILITY_BEHAVIOR_NO_TARGET | DOTA_ABILITY_BEHAVIOR_IMMEDIATE | DOTA_ABILITY_BEHAVIOR_DONT_RESUME_ATTACK | DOTA_ABILITY_BEHAVIOR_IGNORE_CHANNEL,ITEM_FULLY_SHAREABLE_STACKING,13,DOTA_UNIT_TARGET_TEAM_FRIENDLY,DOTA_UNIT_TARGET_HERO,0,1,1,,,,,,,,,,,,,,,,,,,,,,,,,,,
item_lia_potion_of_invulnerability,Зелье Неуязвимости,game/scripts/npc/items/item_lia_potion_of_invulnerability.txt,3,True,lia_potion_of_invulnerability,,item_datadriven,80,common,0,,,True,,1,1,,common,poi;potion of invulnerability;зелье неуязвимости;зн,DOTA_ABILITY_BEHAVIOR_NO_TARGET | DOTA_ABILITY_BEHAVIOR_IMMEDIATE | DOTA_ABILITY_BEHAVIOR_DONT_RESUME_ATTACK,ITEM_FULLY_SHAREABLE_STACKING,40,DOTA_UNIT_TARGET_TEAM_FRIENDLY,DOTA_UNIT_TARGET_HERO,0,0,1,,,,,,,,,,,,,,,,,,,,,,,,,,,
item_recipe_lia_pure_light,Рецепт,game/scripts/npc/items/item_lia_pure_light.txt,3,True,recipe,models/props_gameplay/recipe.vmdl,item_datadriven,705,regen,0,1,item_lia_pure_light,False,,,,,,,,,,,,,,,,,,,,,,,,,,,,,,,,,,,,,,,,,
item_lia_pure_light,Чистейший Свет,game/scripts/npc/items/item_lia_pure_light.txt,23,True,lia_pure_light,,item_lua,1500,,0,,,True,items\item_lia_pure_light.lua,1,1,1,rare,чс;чистейший свет;pl;pure light,DOTA_ABILITY_BEHAVIOR_POINT,,30,,,,,,,350,,600,,,,,,,,,,,,,,,,,,,,,,,
item_recipe_lia_blade_of_rage_agi,Рецепт,game/scripts/npc/items/item_lia_rage_sword_agi.txt,3,True,recipe,models/props_gameplay/recipe.vmdl,item_datadriven,600,agi;damage;attack_speed,0,1,item_lia_blade_of_rage_agi,False,,,,,,,,,,,,,,,,,,,,,,,,,,,,,,,,,,,,,,,,,
item_lia_blade_of_rage_agi,Меч Гнева (Ловкость),game/scripts/npc/items/item_lia_rage_sword_agi.txt,23,True,lia_blade_of_rage_agi,,item_lua,1065,,0,,,True,items\item_lia_blade_of_rage_agi.lua,1,1,1,rare,мгл;меч гнева ловкость;rsa;rage sword agility,DOTA_ABILITY_BEHAVIOR_NO_TARGET | DOTA_ABILITY_BEHAVIOR_IMMEDIATE,,16,,,,,,,,,,,,,,,,,,,,,,,90,,,,,,,,,
item_recipe_lia_blade_of_rage_int,Рецепт,game/scripts/npc/items/item_lia_rage_sword_int.txt,3,True,recipe,models/props_gameplay/recipe.vmdl,item_datadriven,600,int;damage;attack_speed,0,1,item_lia_blade_of_rage_int,False,,,,,,,,,,,,,,,,,,,,,,,,,,,,,,,,,,,,,,,,,
item_lia_blade_of_rage_int,Меч Гнева (Интеллект),game/scripts/npc/items/item_lia_rage_sword_int.txt,23,True,lia_blade_of_rage_int,,item_lua,1065,,0,,,True,items\item_lia_blade_of_rage_int.lua,1,1,1,rare,мги;меч гнева интеллект;rsi;rage sword intellect,DOTA_ABILITY_BEHAVIOR_NO_TARGET | DOTA_ABILITY_BEHAVIOR_IMMEDIATE,,16,,,,,,,,,,,,,,,,,,,,,,,90,,,,,,,,,
item_recipe_lia_blade_of_rage_str,Рецепт,game/scripts/npc/items/item_lia_rage_sword_str.txt,3,True,recipe,models/props_gameplay/recipe.vmdl,item_datadriven,600,str;damage;attack_speed,0,1,item_lia_blade_of_rage_str,False,,,,,,,,,,,,,,,,,,,,,,,,,,,,,,,,,,,,,,,,,
item_lia_blade_of_rage_str,Меч Гнева (Сила),game/scripts/npc/items/item_lia_rage_sword_str.txt,23,True,lia_blade_of_rage_str,,item_lua,1065,,0,,,True,items\item_lia_blade_of_rage_str.lua,1,1,1,rare,мгс;меч гнева сила;rss;rage sword strength,DOTA_ABILITY_BEHAVIOR_NO_TARGET | DOTA_ABILITY_BEHAVIOR_IMMEDIATE,,16,,,,,,,,,,,,,,,,,,,,,,,90,,,,,,,,,
item_lia_ring_of_protection,Кольцо Защиты,game/scripts/npc/items/item_lia_ring_of_protection.txt,3,True,lia_ring_of_protection,,item_datadriven,80,,0,,,True,,1,1,1,component,rop;ring of protection;кз;кольцо защиты,DOTA_ABILITY_BEHAVIOR_NO_TARGET | DOTA_ABILITY_BEHAVIOR_PASSIVE,ITEM_FULLY_SHAREABLE,,,,,,,,,,,,,,,,,,,,,,,,,,,,,,,,,
item_lia_ring_of_regeneration,Кольцо Регенерации,game/scripts/npc/items/item_lia_ring_of_regeneration.txt,3,True,lia_ring_of_regeneration,,item_datadriven,75,,0,,,True,,1,1,1,component,ror;ring of regeneration;кр;кольцо регенерации,DOTA_ABILITY_BEHAVIOR_NO_TARGET | DOTA_ABILITY_BEHAVIOR_PASSIVE,ITEM_FULLY_SHAREABLE,,,,,,,,,,,,,,,,,,,,,,,,,,,,,,,,,
item_lia_rune_gold,Монетка,game/scripts/npc/items/item_lia_rune_gold.txt,3,True,,models/props_gameplay/gold_coin001.vmdl,item_datadriven,0,consumable,0,,,False,,1,0,0,consumable,,DOTA_ABILITY_BEHAVIOR_IMMEDIATE | DOTA_ABILITY_BEHAVIOR_IGNORE_BACKSWING,ITEM_FULLY_SHAREABLE_STACKING,0,,,0,0,1,,,,,,,,,,,,,,,,,,,,,,,,1,,,
item_lia_rune_lumber,Дерево,game/scripts/npc/items/item_lia_rune_lumber.txt,3,True,,models/props_gameplay/branch.vmdl,item_datadriven,0,consumable,0,,,False,,1,0,0,consumable,,DOTA_ABILITY_BEHAVIOR_IMMEDIATE | DOTA_ABILITY_BEHAVIOR_IGNORE_BACKSWING,ITEM_FULLY_SHAREABLE_STACKING,0,,,0,0,1,,,,,,,,,,,,,,,,,,,,,,,,1,,,
item_lia_rune_of_agility,Книга Ловкости,game/scripts/npc/items/item_lia_rune_of_agility.txt,3,True,,models/gameplay/attrib_tome_agi.vmdl,item_datadriven,99999,consumable,0,,,False,,1,0,0,consumable,,DOTA_ABILITY_BEHAVIOR_IMMEDIATE | DOTA_ABILITY_BEHAVIOR_IGNORE_BACKSWING,ITEM_FULLY_SHAREABLE_STACKING,0,,,0,0,1,particles/rune_lifeinarena_green.vpcf,,,,,,,,,,,,,,,,,,,,,,,1,,,
item_lia_rune_of_healing,Руна Исцеления,game/scripts/npc/items/item_lia_rune_of_healing.txt,3,True,,models/props_gameplay/rune_regeneration01.vmdl,item_datadriven,0,consumable,0,,,False,,1,0,0,consumable,,DOTA_ABILITY_BEHAVIOR_IMMEDIATE | DOTA_ABILITY_BEHAVIOR_IGNORE_BACKSWING,ITEM_FULLY_SHAREABLE_STACKING,0,,,0,0,1,particles/generic_gameplay/rune_regeneration.vpcf,,,,,,,,,,,,,,,,,,,,,,,1,,,
item_lia_rune_of_intellect,Книга Интеллекта,game/scripts/npc/items/item_lia_rune_of_intellect.txt,3,True,,models/gameplay/attrib_tome_int.vmdl,item_datadriven,0,consumable,0,,,False,,1,0,0,consumable,,DOTA_ABILITY_BEHAVIOR_IMMEDIATE | DOTA_ABILITY_BEHAVIOR_IGNORE_BACKSWING,ITEM_FULLY_SHAREABLE_STACKING,0,,,0,0,1,particles/rune_lifeinarena_blue.vpcf,,,,,,,,,,,,,,,,,,,,,,,1,,,
item_lia_rune_of_lifesteal,Руна Вампиризма,game/scripts/npc/items/item_lia_rune_of_lifesteal.txt,3,True,,models/props_gameplay/rune_haste01.vmdl,item_lua,99999,consumable,0,,,False,,1,0,0,consumable,,DOTA_ABILITY_BEHAVIOR_IMMEDIATE | DOTA_ABILITY_BEHAVIOR_IGNORE_BACKSWING,ITEM_FULLY_SHAREABLE_STACKING,0,,,0,0,1,particles/generic_gameplay/rune_haste.vpcf,,,,,,,,,,,,,,,,,,,,,,,1,items\runes.lua,,
item_lia_rune_of_luck,Руна Удачи,game/scripts/npc/items/item_lia_rune_of_luck.txt,3,True,,models/props_gameplay/rune_goldxp.vmdl,item_datadriven,99999,consumable,0,,,False,,1,0,0,consumable,,DOTA_ABILITY_BEHAVIOR_IMMEDIATE | DOTA_ABILITY_BEHAVIOR_IGNORE_BACKSWING,ITEM_FULLY_SHAREABLE_STACKING,0,,,0,0,1,particles/generic_gameplay/rune_bounty.vpcf,,,,,,,,,,,,,,,,,,,,,,,1,,,
item_lia_rune_of_mana,Руна Маны,game/scripts/npc/items/item_lia_rune_of_mana.txt,3,True,,models/props_gameplay/rune_regeneration01.vmdl,item_datadriven,0,consumable,0,,,False,,1,0,0,consumable,,DOTA_ABILITY_BEHAVIOR_IMMEDIATE | DOTA_ABILITY_BEHAVIOR_IGNORE_BACKSWING,ITEM_FULLY_SHAREABLE_STACKING,0,,,0,0,1,particles/rune_mana.vpcf,,,,,,,,,,,,,,,,,,,,,,,1,,,
item_lia_rune_of_protection,Руна Защиты,game/scripts/npc/items/item_lia_rune_of_protection.txt,3,True,rune_arcane,models/props_gameplay/rune_arcane.vmdl,item_datadriven,99999,consumable,0,,,False,,1,0,0,consumable,,DOTA_ABILITY_BEHAVIOR_IMMEDIATE | DOTA_ABILITY_BEHAVIOR_IGNORE_BACKSWING,ITEM_FULLY_SHAREABLE_STACKING,0,,,0,0,1,particles/generic_gameplay/rune_arcane.vpcf,,,,,,,,,,,,,,,,,,,,,,,1,,,
item_lia_rune_of_restoration,Руна Восстановления,game/scripts/npc/items/item_lia_rune_of_restoration.txt,3,True,,models/props_gameplay/rune_regeneration01.vmdl,item_datadriven,0,consumable,0,,,False,,1,0,0,consumable,,DOTA_ABILITY_BEHAVIOR_IMMEDIATE | DOTA_ABILITY_BEHAVIOR_IGNORE_BACKSWING,ITEM_FULLY_SHAREABLE_STACKING,0,,,0,0,1,particles/rune_restoretion.vpcf,,,,,,,,,,,,,,,,,,,,,,,1,,,
item_lia_rune_of_speed,Руна Скорости,game/scripts/npc/items/item_lia_rune_of_speed.txt,3,True,lia_rune_of_speed,models/props_gameplay/rune_doubledamage01.vmdl,item_datadriven,0,consumable,0,,,False,,1,0,0,consumable,,DOTA_ABILITY_BEHAVIOR_IMMEDIATE | DOTA_ABILITY_BEHAVIOR_IGNORE_BACKSWING,ITEM_FULLY_SHAREABLE_STACKING,0,,,0,0,1,particles/generic_gameplay/rune_doubledamage.vpcf,,,,,,,,,,,,,,,,,,,,,,,1,,,
item_lia_rune_of_strength,Книга Силы,game/scripts/npc/items/item_lia_rune_of_strength.txt,3,True,,models/gameplay/attrib_tome_str.vmdl,item_datadriven,0,consumable,0,,,False,,1,0,0,consumable,,DOTA_ABILITY_BEHAVIOR_IMMEDIATE | DOTA_ABILITY_BEHAVIOR_IGNORE_BACKSWING,ITEM_FULLY_SHAREABLE_STACKING,0,,,0,0,1,particles/rune_lifeinarena_red.vpcf,,,,,,,,,,,,,,,,,,,,,,,1,,,
item_lia_runed_bracers,Рунный Браслет,game/scripts/npc/items/item_lia_runed_bracers.txt,3,True,lia_runed_bracers,,item_datadriven,220,,0,,,True,,1,1,1,component,runed bracers;rb;рунный браслет;рб,DOTA_ABILITY_BEHAVIOR_NO_TARGET | DOTA_ABILITY_BEHAVIOR_PASSIVE,ITEM_FULLY_SHAREABLE,,,,,,,,,,,,,,,,,,,,,,,,,,,,,,,,,
item_recipe_lia_runed_gloves,Рецепт,game/scripts/npc/items/item_lia_runed_gloves.txt,3,True,recipe,models/props_gameplay/recipe.vmdl,item_datadriven,100,damage;attack_speed,0,1,item_lia_runed_gloves,False,,,,,,,,,,,,,,,,,,,,,,,,,,,,,,,,,,,,,,,,,
item_lia_runed_gloves,Рунные Перчатки,game/scripts/npc/items/item_lia_runed_gloves.txt,23,True,lia_runed_gloves,,item_datadriven,220,,0,,,True,,1,1,1,common,рунные перчатки;рп;runed gloves;rg,DOTA_ABILITY_BEHAVIOR_PASSIVE,,,,,,,,,,,,,,,,,,,,,,,,,,,,,,,,,,
item_recipe_lia_staff_of_power,Рецепт,game/scripts/npc/items/item_lia_scepter_of_power.txt,3,True,recipe,models/props_gameplay/recipe.vmdl,item_datadriven,200,armor,0,1,item_lia_staff_of_power,False,,,,,,,,,,,,,,,,,,,,,,,,,,,,,,,,,,,,,,,,,
item_lia_staff_of_power,Скипетр Власти,game/scripts/npc/items/item_lia_scepter_of_power.txt,23,True,lia_staff_of_power,,item_datadriven,790,,0,,,True,,1,1,1,rare,скрипетр власти;св;scepter of power;sop,DOTA_ABILITY_BEHAVIOR_PASSIVE,ITEM_FULLY_SHAREABLE,20,,,,,,,,,,,,,,,,,,,,,,,,,,,,,,,,
item_lia_scroll_of_restoration,Свиток Восстановления,game/scripts/npc/items/item_lia_scroll_of_restoration.txt,3,True,lia_scroll_of_restoration,,item_datadriven,70,rare,0,,,True,,1,1,,rare,scroll of restoration;sor;свиток восстановления;св,DOTA_ABILITY_BEHAVIOR_AOE | DOTA_ABILITY_BEHAVIOR_NO_TARGET,ITEM_FULLY_SHAREABLE,25,DOTA_UNIT_TARGET_TEAM_FRIENDLY,DOTA_UNIT_TARGET_HERO | DOTA_UNIT_TARGET_BASIC,0,1,1,,,,,,,,,,,,,,,,,,,,,,,,,,,
item_lia_scroll_of_secret_knowledge,Свиток Тайного Знания,game/scripts/npc/items/item_lia_scroll_of_secret_knowledge.txt,3,True,lia_scroll_of_secret_knowledge,,item_datadriven,90,rare,0,,,True,,1,1,,rare,scroll of secret knowledge;sosk;свиток тайных знаний;стз,DOTA_ABILITY_BEHAVIOR_AOE | DOTA_ABILITY_BEHAVIOR_NO_TARGET,ITEM_FULLY_SHAREABLE,12,DOTA_UNIT_TARGET_TEAM_FRIENDLY,DOTA_UNIT_TARGET_HERO | DOTA_UNIT_TARGET_BASIC,0,1,1,,,,,,,,,,,,,,,,,,,,,,,,,,,
item_recipe_lia_seal_of_power_shop,Рецепт,game/scripts/npc/items/item_lia_seal_of_power.txt,3,True,recipe,models/props_gameplay/recipe.vmdl,item_datadriven,850,damage;armor,0,1,item_lia_seal_of_power_shop,False,,,,,,,,,,,,,,,,,,,,,,,,,,,,,,,,,,,,,,,,,
item_lia_seal_of_power_shop,Печать Силы,game/scripts/npc/items/item_lia_seal_of_power.txt,22,True,lia_seal_of_power_shop,,item_lua,1155,damage;armor,0,,,True,items/SealOfPower.lua,1,1,1,rare,seal of power;sop;пс;печать силы,DOTA_ABILITY_BEHAVIOR_TOGGLE | DOTA_ABILITY_BEHAVIOR_NO_TARGET,,,,,,,,,,,,,,,,,,,,,,,,,,,,,,,,,,
item_recipe_lia_shield_of_death,Рецепт,game/scripts/npc/items/item_lia_shield_of_death.txt,3,True,recipe,models/props_gameplay/recipe.vmdl,item_datadriven,400,hard_to_tag,0,1,item_lia_shield_of_death,False,,,,,,,,,,,,,,,,,,,,,,,,,,,,,,,,,,,,,,,,,
item_lia_shield_of_death,Щит Смерти,game/scripts/npc/items/item_lia_shield_of_death.txt,23,True,lia_shield_of_death,,item_datadriven,1060,,0,,,True,,1,1,1,common,щит смерти;щс;shield of death;sod,DOTA_ABILITY_BEHAVIOR_NO_TARGET,,14.0,DOTA_UNIT_TARGET_TEAM_ENEMY,DOTA_UNIT_TARGET_HERO | DOTA_UNIT_TARGET_BASIC,,,,,120,,300,,,,,DAMAGE_TYPE_MAGICAL,0.0,,,,,,,,,,SPELL_IMMUNITY_ENEMIES_NO,,,,,,,
item_recipe_lia_shield_of_endurance,Рецепт,game/scripts/npc/items/item_lia_shield_of_endurance.txt,3,True,recipe,models/props_gameplay/recipe.vmdl,item_datadriven,350,armor;regen_health;health_pool,0,1,item_lia_shield_of_endurance,False,,,,,,,,,,,,,,,,,,,,,,,,,,,,,,,,,,,,,,,,,
item_lia_shield_of_endurance,Щит Выносливости,game/scripts/npc/items/item_lia_shield_of_endurance.txt,23,True,lia_shield_of_endurance,,item_datadriven,625,,0,,,True,,1,1,1,common,щв;щит выносливости;soe;shield of endurance,DOTA_ABILITY_BEHAVIOR_PASSIVE,,,,,,,,,,,,,,,,,,,,,,,,,,,,,,,,,,
item_lia_spear,Копьё,game/scripts/npc/items/item_lia_spear.txt,3,True,lia_spear,models/props_gameplay/red_box.vmdl,item_datadriven,110,damage,0,,,True,,1,1,1,component,spear;копьё;копье,DOTA_ABILITY_BEHAVIOR_PASSIVE,ITEM_FULLY_SHAREABLE,,,,,,,,,,,,,,,,,,,,,,,,,,,,,,,,,
item_recipe_lia_spellbreaker,Рецепт,game/scripts/npc/items/item_lia_spellbreaker.txt,3,True,recipe,models/props_gameplay/recipe.vmdl,item_datadriven,500,health;armor;hard_to_tag,0,1,item_lia_spellbreaker,False,,,,,,,,,,,,,,,,,,,,,,,,,,,,,,,,,,,,,,,,,
item_lia_spellbreaker,Разрушитель Заклинаний,game/scripts/npc/items/item_lia_spellbreaker.txt,23,True,lia_spellbreaker,models/props_gameplay/red_box.vmdl,item_lua,1185,health;armor;hard_to_tag,0,,,True,items\item_lia_spellbreaker.lua,,,,epic,рз;разрушитель заклинаний;spellbreaker;sb,DOTA_ABILITY_BEHAVIOR_PASSIVE,,15.0,,,,,,particles/generic_gameplay/dropped_item.vpcf,,,,,,,,,,,,,,,,,,,,,,,,,,
item_recipe_ultimate_scepter,,game/scripts/npc/items/item_lia_spherical_staff.txt,3,True,recipe,models/props_gameplay/recipe.vmdl,item_datadriven,1000,int;hard_to_tag,0,1,item_ultimate_scepter,False,,,,,,,,,,,,,,,,,,,,,,,,,,,,,,,,,,,,,,,,,
item_ultimate_scepter,Сферический Посох,game/scripts/npc/items/item_lia_spherical_staff.txt,23,True,lia_spherical_staff,,item_lua,1620,,0,,,True,items\item_lia_spherical_staff.lua,1,1,1,rare,ss;spherical staff;сп;сферический посох,DOTA_ABILITY_BEHAVIOR_POINT | DOTA_ABILITY_BEHAVIOR_AOE,,45.0,DOTA_UNIT_TARGET_TEAM_ENEMY,,,,,,250,,800,,,,,DAMAGE_TYPE_MAGICAL,,,,,,,,%radius,,,,,,,,,,0
item_lia_spider_ring,Кольцо Паука,game/scripts/npc/items/item_lia_spider_ring.txt,3,True,lia_spider_ring,models/props_gameplay/red_box.vmdl,item_lua,160,,0,,,True,items/item_lia_spider_ring.lua,1,1,1,component,spider ring;sr;кольцо паука;кп,DOTA_ABILITY_BEHAVIOR_PASSIVE,ITEM_FULLY_SHAREABLE,,,,,,,,,,,,,,,,,,,,,,,,,,,,,,,,,
item_lia_staff,Посох,game/scripts/npc/items/item_lia_staff.txt,3,True,lia_staff,,item_datadriven,200,,0,,,True,,1,1,1,component,посох;staff,DOTA_ABILITY_BEHAVIOR_NO_TARGET | DOTA_ABILITY_BEHAVIOR_PASSIVE,ITEM_FULLY_SHAREABLE,,,,,,,,,,,,,,,,,,,,,,,,,,,,,,,,,
item_recipe_lia_staff_of_help,Рецепт,game/scripts/npc/items/item_lia_staff_of_help.txt,3,True,recipe,models/props_gameplay/recipe.vmdl,item_datadriven,330,int;hard_to_tag,0,1,item_lia_staff_of_help,False,,,,,,,,,,,,,,,,,,,,,,,,,,,,,,,,,,,,,,,,,
item_recipe_lia_staff_of_help_2,,game/scripts/npc/items/item_lia_staff_of_help.txt,23,True,recipe,models/props_gameplay/recipe.vmdl,item_datadriven,0,int;hard_to_tag,,1,item_lia_staff_of_help_2,False,,,,,,,,,,,,,,,,,,,,,,,,,,,,,,,,,,,,,,,,,
item_lia_staff_of_help,Посох Помощи,game/scripts/npc/items/item_lia_staff_of_help.txt,42,True,lia_staff_of_help,models/props_gameplay/red_box.vmdl,item_datadriven,680,mana;hard_to_tag,,,,True,,,,,epic,посох помощи;пп;sop;staff of help,DOTA_ABILITY_BEHAVIOR_AURA | DOTA_ABILITY_BEHAVIOR_UNIT_TARGET,,12.0,DOTA_UNIT_TARGET_TEAM_FRIENDLY,DOTA_UNIT_TARGET_HERO | DOTA_UNIT_TARGET_BASIC,,,,particles/generic_gameplay/dropped_item.vpcf,"[150, 300]",HealingWave,800,,,,,,0.2,,,item_lia_staff_of_help;item_lia_staff_of_help_2,item_recipe_lia_staff_of_help,2,1,,,,,,,,,,,
item_lia_staff_of_help_2,Посох Помощи,game/scripts/npc/items/item_lia_staff_of_help.txt,135,True,lia_staff_of_help_2,models/props_gameplay/red_box.vmdl,item_datadriven,1010,mana;hard_to_tag,,,,False,,,,,epic,посох помощи;пп;sop;staff of help,DOTA_ABILITY_BEHAVIOR_AURA | DOTA_ABILITY_BEHAVIOR_UNIT_TARGET,,12.0,DOTA_UNIT_TARGET_TEAM_FRIENDLY,DOTA_UNIT_TARGET_HERO | DOTA_UNIT_TARGET_BASIC,,,,particles/generic_gameplay/dropped_item.vpcf,300,HealingWave,800,,,,,,0.2,,,item_lia_staff_of_help;item_lia_staff_of_help_2,item_recipe_lia_staff_of_help,2,2,,,DOTA_UNIT_TARGET_FLAG_MAGIC_IMMUNE_ENEMIES | DOTA_UNIT_TARGET_FLAG_INVULNERABLE,,,,,,,,
item_recipe_lia_staff_of_illusions,Рецепт,game/scripts/npc/items/item_lia_staff_of_illusions.txt,3,True,recipe,models/props_gameplay/recipe.vmdl,item_datadriven,600,int;mana;hard_to_tag,0,1,item_lia_staff_of_illusions,False,,,,,,,,,,,,,,,,,,,,,,,,,,,,,,,,,,,,,,,,,
item_lia_staff_of_illusions,Посох Иллюзий,game/scripts/npc/items/item_lia_staff_of_illusions.txt,23,True,lia_staff_of_illusions,,item_datadriven,1490,,0,,,True,,1,1,1,rare,посох иллюзий;пп;soi;staff of illusions,DOTA_ABILITY_BEHAVIOR_UNIT_TARGET,,18.0,DOTA_UNIT_TARGET_TEAM_BOTH,DOTA_UNIT_TARGET_HERO | DOTA_UNIT_TARGET_BASIC,,,,,240,,600,,,,,,,,,,,,,,,DOTA_UNIT_TARGET_FLAG_NOT_ILLUSIONS,,,,,,,,
item_recipe_lia_staff_of_life,,game/scripts/npc/items/item_lia_staff_of_life.txt,3,True,recipe,models/props_gameplay/recipe.vmdl,item_datadriven,500,int,0,1,item_lia_staff_of_life,False,,,,,,,,,,,,,,,,,,,,,,,,,,,,,,,,,,,,,,,,,
item_lia_staff_of_life,Посох Жизни,game/scripts/npc/items/item_lia_staff_of_life.txt,23,True,lia_staff_of_life,,item_lua,1350,,0,,,True,items\item_lia_staff_of_life.lua,1,1,1,rare,посох жизни;пж;sol;staff of life,DOTA_ABILITY_BEHAVIOR_POINT | DOTA_ABILITY_BEHAVIOR_AOE,,15,DOTA_UNIT_TARGET_TEAM_FRIENDLY,DOTA_UNIT_TARGET_HERO | DOTA_UNIT_TARGET_BASIC,,,,,375,,700,,,,,,,,,,,,,%ability_radius,,,,,,,,,,
item_recipe_lia_staff_of_light,Рецепт,game/scripts/npc/items/item_lia_staff_of_light.txt,3,True,recipe,models/props_gameplay/recipe.vmdl,item_datadriven,700,int,0,1,item_lia_staff_of_light,False,,,,,,,,,,,,,,,,,,,,,,,,,,,,,,,,,,,,,,,,,
item_lia_staff_of_light,Посох Света,game/scripts/npc/items/item_lia_staff_of_light.txt,23,True,lia_staff_of_light,,item_datadriven,1545,,0,,,True,,1,1,1,rare,посох света;пс;sol;staff of light,DOTA_ABILITY_BEHAVIOR_POINT | DOTA_ABILITY_BEHAVIOR_AOE,,15,DOTA_UNIT_TARGET_TEAM_ENEMY,DOTA_UNIT_TARGET_HERO | DOTA_UNIT_TARGET_BASIC,,,,,300,,600,,,,,DAMAGE_TYPE_PURE,,,,,,,,%ability_radius,,DOTA_UNIT_TARGET_FLAG_MAGIC_IMMUNE_ENEMIES,,,,,,,,
item_lia_steel_sword,Стальной Меч,game/scripts/npc/items/item_lia_steel_sword.txt,3,True,lia_steel_sword,,item_datadriven,45,,0,,,True,,1,1,1,component,sttel sword;ss;стальной меч;см,DOTA_ABILITY_BEHAVIOR_NO_TARGET | DOTA_ABILITY_BEHAVIOR_PASSIVE,ITEM_FULLY_SHAREABLE,,,,,,,,,,,,,,,,,,,,,,,,,,,,,,,,,
item_lia_stormwind_horn,Рог Ветров,game/scripts/npc/items/item_lia_stormwind_horn.txt,3,True,lia_stormwind_horn,,item_datadriven,250,,0,,,True,,,1,1,component,рог ветров;рв;stormwind horn;sh,DOTA_ABILITY_BEHAVIOR_AURA | DOTA_ABILITY_BEHAVIOR_PASSIVE,ITEM_NOT_SHAREABLE,,DOTA_UNIT_TARGET_TEAM_FRIENDLY,DOTA_UNIT_TARGET_ALL,,,,,,,900,,,,,,0.0,,,,,,,,,,,,,,,,,
item_recipe_lia_sword_of_solidarity,Рецепт,game/scripts/npc/items/item_lia_sword_of_solidarity.txt,3,True,recipe,models/props_gameplay/recipe.vmdl,item_datadriven,550,damage;hard_to_tag,0,1,item_lia_sword_of_solidarity,False,,,,,,,,,,,,,,,,,,,,,,,,,,,,,,,,,,,,,,,,,
item_recipe_lia_sword_of_solidarity_2,,game/scripts/npc/items/item_lia_sword_of_solidarity.txt,23,True,recipe,models/props_gameplay/recipe.vmdl,item_datadriven,0,damage;hard_to_tag,,1,item_lia_sword_of_solidarity_2,False,,,,,,,,,,,,,,,,,,,,,,,,,,,,,,,,,,,,,,,,,
item_lia_sword_of_solidarity,Меч Единства,game/scripts/npc/items/item_lia_sword_of_solidarity.txt,41,True,lia_sword_of_solidarity,,item_datadriven,750,,0,,,True,,1,1,1,rare,меч единства;ме;sword of solidarity;sos,DOTA_ABILITY_BEHAVIOR_IMMEDIATE | DOTA_ABILITY_BEHAVIOR_NO_TARGET,,28,,,,,,,,Salvation,,,,,,,,,,item_lia_sword_of_solidarity;item_lia_sword_of_solidaritys_2,item_recipe_lia_sword_of_solidarity,2,1,,,,,,,,,,,
item_lia_sword_of_solidarity_2,Меч Единства,game/scripts/npc/items/item_lia_sword_of_solidarity.txt,117,True,lia_sword_of_solidarity_2,,item_datadriven,1300,,0,,,False,,1,1,1,rare,меч единства;ме;sword of solidarity;sos,DOTA_ABILITY_BEHAVIOR_IMMEDIATE | DOTA_ABILITY_BEHAVIOR_NO_TARGET,,28,,,,,,,,Salvation,,,,,,,,,,item_lia_sword_of_solidarity;item_lia_sword_of_solidaritys_2,item_recipe_lia_sword_of_solidarity,2,2,,,,,,,,,,,
item_lia_thugs_dagger,Кинжал Разбойника,game/scripts/npc/items/item_lia_thugs_dagger.txt,3,True,lia_thugs_dagger,models/props_gameplay/red_box.vmdl,item_datadriven,200,,0,,,True,,1,1,1,component,td;thugs dagger;кинжал разбойника;кр,DOTA_ABILITY_BEHAVIOR_PASSIVE,ITEM_FULLY_SHAREABLE,,,,,,,,,,,,,,,,,,,,,,,,,,,,,,,,,
item_recipe_lia_totem_of_persistence,Рецепт,game/scripts/npc/items/item_lia_totem_of_persistence.txt,3,True,recipe,models/props_gameplay/recipe.vmdl,item_datadriven,330,armor,0,1,item_lia_totem_of_persistence,False,,,,,,,,,,,,,,,,,,,,,,,,,,,,,,,,,,,,,,,,,
item_lia_totem_of_persistence,Тотем Стойкости,game/scripts/npc/items/item_lia_totem_of_persistence.txt,23,True,lia_totem_of_persistence,,item_datadriven,1635,,0,,,True,,1,1,1,rare,тотем стойкости;тс;totem of persistence;top,DOTA_ABILITY_BEHAVIOR_NO_TARGET | DOTA_ABILITY_BEHAVIOR_IMMEDIATE,ITEM_FULLY_SHAREABLE,22.0,,,,,,,,,,,,,,,,,,,,,,,,,,,,,,,,
item_lia_troll_defender,Тролль-Защитник,game/scripts/npc/items/item_lia_troll_defender.txt,3,True,lia_troll_defender,,item_datadriven,125,consumable,0,,,True,,1,1,,consumable,troll defender;td;тролль-защитник;тз,DOTA_ABILITY_BEHAVIOR_NO_TARGET,ITEM_FULLY_SHAREABLE_STACKING,20,,,0,1,1,,,,,,1,30,1,,,,,,,,,,,,,,,,,,,
item_lia_troll_healer,Тролль-Лекарь,game/scripts/npc/items/item_lia_troll_healer.txt,3,True,lia_troll_healer,,item_datadriven,90,consumable,0,,,True,,1,1,,consumable,troll healer;th;тролль-лекарь;тл,DOTA_ABILITY_BEHAVIOR_NO_TARGET,ITEM_FULLY_SHAREABLE_STACKING,20,,,0,1,1,,,,,,1,20,1,,,,,,,,,,,,,,,,,,,
item_recipe_lia_widow_boots,Рецепт,game/scripts/npc/items/item_lia_widow_boots.txt,3,True,recipe,models/props_gameplay/recipe.vmdl,item_datadriven,200,damage;boots,0,1,item_lia_widow_boots,False,,,,,,,,,,,,,,,,,,,,,,,,,,,,,,,,,,,,,,,,,
item_lia_widow_boots,Сапоги Вдовы,game/scripts/npc/items/item_lia_widow_boots.txt,22,True,lia_widow_boots,,item_lua,1300,,0,,,True,items/item_lia_widow_boots.lua,1,1,1,rare,wb;widow boots;сапоги вдовы;св,DOTA_ABILITY_BEHAVIOR_NO_TARGET | DOTA_ABILITY_BEHAVIOR_IMMEDIATE | DOTA_ABILITY_BEHAVIOR_IGNORE_BACKSWING | DOTA_ABILITY_BEHAVIOR_IGNORE_CHANNEL,,18.0,,,,,,,70,,,,,,,DAMAGE_TYPE_MAGICAL,0,,,,,,,,,,,,,,,,,
