path,encoding,status,tokens
game/addoninfo.txt,utf-8,parsed_kv1,37
game/scripts/custom_net_tables.txt,utf-8,kv3_net_tables_extracted,
game/scripts/kv/damage_table.kv,utf-8,parsed_kv1,93
game/scripts/kv/upgrades.kv,utf-8,parsed_kv1,80
game/scripts/npc/abilities/attribute_bonus.txt,utf-8,parsed_kv1,42
game/scripts/npc/abilities/barrel_no_health_bar.txt,utf-8,parsed_kv1,172
game/scripts/npc/abilities/common_abilities.txt,utf-8,parsed_kv1,36
game/scripts/npc/abilities/dota_items_disable.txt,utf-8,parsed_kv1,1382
game/scripts/npc/abilities/dummy_passive.txt,utf-8,parsed_kv1,62
game/scripts/npc/abilities/extreme_mode_creep_actives.txt,utf-8,parsed_kv1,1746
game/scripts/npc/abilities/extreme_mode_creep_passives.txt,utf-8,parsed_kv1,527
game/scripts/npc/abilities/healing_ward_ability.txt,utf-8,parsed_kv1,67
game/scripts/npc/abilities/normal_mode_creep_actives.txt,utf-8,parsed_kv1,2880
game/scripts/npc/abilities/normal_mode_creep_passives.txt,utf-8,parsed_kv1,1342
game/scripts/npc/abilities/npc_lia_hero_alchemist.txt,utf-8,parsed_kv1,265
game/scripts/npc/abilities/npc_lia_hero_ancient_priestess.txt,utf-8,parsed_kv1,234
game/scripts/npc/abilities/npc_lia_hero_android.txt,utf-8,parsed_kv1,571
game/scripts/npc/abilities/npc_lia_hero_araman.txt,utf-8,parsed_kv1,220
game/scripts/npc/abilities/npc_lia_hero_archmage.txt,utf-8,parsed_kv1,347
game/scripts/npc/abilities/npc_lia_hero_beastmaster.txt,utf-8,parsed_kv1,812
game/scripts/npc/abilities/npc_lia_hero_berserker.txt,utf-8,parsed_kv1,163
game/scripts/npc/abilities/npc_lia_hero_brewmaster.txt,utf-8,parsed_kv1,261
game/scripts/npc/abilities/npc_lia_hero_butcher.txt,utf-8,parsed_kv1,266
game/scripts/npc/abilities/npc_lia_hero_dark_knight.txt,utf-8,parsed_kv1,257
game/scripts/npc/abilities/npc_lia_hero_dark_ranger.txt,utf-8,parsed_kv1,394
game/scripts/npc/abilities/npc_lia_hero_demonologist.txt,utf-8,parsed_kv1,364
game/scripts/npc/abilities/npc_lia_hero_dice.txt,utf-8,parsed_kv1,355
game/scripts/npc/abilities/npc_lia_hero_earth_lord.txt,utf-8,parsed_kv1,383
game/scripts/npc/abilities/npc_lia_hero_fallen_champion.txt,utf-8,parsed_kv1,368
game/scripts/npc/abilities/npc_lia_hero_firelord.txt,utf-8,parsed_kv1,567
game/scripts/npc/abilities/npc_lia_hero_frost_lord.txt,utf-8,parsed_kv1,353
game/scripts/npc/abilities/npc_lia_hero_furbolg_champion.txt,utf-8,parsed_kv1,135
game/scripts/npc/abilities/npc_lia_hero_general.txt,utf-8,parsed_kv1,312
game/scripts/npc/abilities/npc_lia_hero_ghoul.txt,utf-8,parsed_kv1,304
game/scripts/npc/abilities/npc_lia_hero_golem.txt,utf-8,parsed_kv1,514
game/scripts/npc/abilities/npc_lia_hero_hermit.txt,utf-8,parsed_kv1,442
game/scripts/npc/abilities/npc_lia_hero_highlander.txt,utf-8,parsed_kv1,350
game/scripts/npc/abilities/npc_lia_hero_huntress.txt,utf-8,parsed_kv1,154
game/scripts/npc/abilities/npc_lia_hero_illusionist.txt,utf-8,parsed_kv1,376
game/scripts/npc/abilities/npc_lia_hero_keeper_of_the_grove.txt,utf-8,parsed_kv1,607
game/scripts/npc/abilities/npc_lia_hero_knight.txt,utf-8,parsed_kv1,328
game/scripts/npc/abilities/npc_lia_hero_kret.txt,utf-8,parsed_kv1,428
game/scripts/npc/abilities/npc_lia_hero_lord_of_lightning.txt,utf-8,parsed_kv1,317
game/scripts/npc/abilities/npc_lia_hero_marksman.txt,utf-8,parsed_kv1,202
game/scripts/npc/abilities/npc_lia_hero_naga_royal_guard.txt,utf-8,parsed_kv1,324
game/scripts/npc/abilities/npc_lia_hero_naga_siren.txt,utf-8,parsed_kv1,263
game/scripts/npc/abilities/npc_lia_hero_necromancer.txt,utf-8,parsed_kv1,316
game/scripts/npc/abilities/npc_lia_hero_paladin.txt,utf-8,parsed_kv1,331
game/scripts/npc/abilities/npc_lia_hero_pirate.txt,utf-8,parsed_kv1,377
game/scripts/npc/abilities/npc_lia_hero_ranger.txt,utf-8,parsed_kv1,202
game/scripts/npc/abilities/npc_lia_hero_serpent_queen.txt,utf-8,parsed_kv1,422
game/scripts/npc/abilities/npc_lia_hero_shadow_master.txt,utf-8,parsed_kv1,278
game/scripts/npc/abilities/npc_lia_hero_shaman.txt,utf-8,parsed_kv1,317
game/scripts/npc/abilities/npc_lia_hero_skeleton_mage.txt,utf-8,parsed_kv1,403
game/scripts/npc/abilities/npc_lia_hero_skeleton_thief.txt,utf-8,parsed_kv1,470
game/scripts/npc/abilities/npc_lia_hero_speedwarden.txt,utf-8,parsed_kv1,166
game/scripts/npc/abilities/npc_lia_hero_spider_queen.txt,utf-8,parsed_kv1,161
game/scripts/npc/abilities/npc_lia_hero_taur.txt,utf-8,parsed_kv1,263
game/scripts/npc/abilities/npc_lia_hero_tauren_champion.txt,utf-8,parsed_kv1,191
game/scripts/npc/abilities/npc_lia_hero_time_lord.txt,utf-8,parsed_kv1,269
game/scripts/npc/abilities/npc_lia_hero_treant.txt,utf-8,parsed_kv1,229
game/scripts/npc/abilities/npc_lia_hero_troll_cutthroat.txt,utf-8,parsed_kv1,363
game/scripts/npc/abilities/npc_lia_hero_valkyrie.txt,utf-8,parsed_kv1,368
game/scripts/npc/abilities/npc_lia_hero_vampire.txt,utf-8,parsed_kv1,437
game/scripts/npc/abilities/npc_lia_hero_vowen_from_blood.txt,utf-8,parsed_kv1,412
game/scripts/npc/abilities/npc_lia_hero_walking_dead.txt,utf-8,parsed_kv1,205
game/scripts/npc/abilities/npc_lia_hero_wanderer.txt,utf-8,parsed_kv1,296
game/scripts/npc/abilities/npc_lia_hero_warlock.txt,utf-8,parsed_kv1,337
game/scripts/npc/abilities/npc_lia_hero_warrior_of_light.txt,utf-8,parsed_kv1,270
game/scripts/npc/abilities/npc_lia_hero_witch_doctor.txt,utf-8,parsed_kv1,314
game/scripts/npc/abilities/purchasable_units_skills.txt,utf-8,parsed_kv1,571
game/scripts/npc/abilities/shadow_abilities.txt,utf-8,parsed_kv1,246
game/scripts/npc/abilities/spherical_staff_fire_golem_immolation.txt,utf-8,parsed_kv1,78
game/scripts/npc/abilities/stats_bonus_fix.txt,utf-8,parsed_kv1,12
game/scripts/npc/abilities/wanderer_abilities.txt,utf-8,parsed_kv1,384
game/scripts/npc/abilities/water_elemental.txt,utf-8,parsed_kv1,73
game/scripts/npc/activelist.txt,utf-8,parsed_kv1,231
game/scripts/npc/heroes/npc_lia_hero_alchemist.txt,utf-8,parsed_kv1,122
game/scripts/npc/heroes/npc_lia_hero_ancient_priestess.txt,utf-8,parsed_kv1,124
game/scripts/npc/heroes/npc_lia_hero_android.txt,utf-8,parsed_kv1,131
game/scripts/npc/heroes/npc_lia_hero_araman.txt,utf-8,parsed_kv1,120
game/scripts/npc/heroes/npc_lia_hero_archmage.txt,utf-8,parsed_kv1,126
game/scripts/npc/heroes/npc_lia_hero_beastmaster.txt,utf-8,parsed_kv1,124
game/scripts/npc/heroes/npc_lia_hero_berserker.txt,utf-8,parsed_kv1,131
game/scripts/npc/heroes/npc_lia_hero_brewmaster.txt,utf-8,parsed_kv1,122
game/scripts/npc/heroes/npc_lia_hero_butcher.txt,utf-8,parsed_kv1,122
game/scripts/npc/heroes/npc_lia_hero_dark_knight.txt,utf-8,parsed_kv1,122
game/scripts/npc/heroes/npc_lia_hero_dark_ranger.txt,utf-8,parsed_kv1,124
game/scripts/npc/heroes/npc_lia_hero_demonologist.txt,utf-8,parsed_kv1,126
game/scripts/npc/heroes/npc_lia_hero_dice.txt,utf-8,parsed_kv1,122
game/scripts/npc/heroes/npc_lia_hero_earth_lord.txt,utf-8,parsed_kv1,124
game/scripts/npc/heroes/npc_lia_hero_fallen_champion.txt,utf-8,parsed_kv1,122
game/scripts/npc/heroes/npc_lia_hero_firelord.txt,utf-8,parsed_kv1,129
game/scripts/npc/heroes/npc_lia_hero_frost_lord.txt,utf-8,parsed_kv1,126
game/scripts/npc/heroes/npc_lia_hero_furbolg_champion.txt,utf-8,parsed_kv1,122
game/scripts/npc/heroes/npc_lia_hero_general.txt,utf-8,parsed_kv1,122
game/scripts/npc/heroes/npc_lia_hero_ghoul.txt,utf-8,parsed_kv1,122
game/scripts/npc/heroes/npc_lia_hero_golem.txt,utf-8,parsed_kv1,141
game/scripts/npc/heroes/npc_lia_hero_hermit.txt,utf-8,parsed_kv1,124
game/scripts/npc/heroes/npc_lia_hero_highlander.txt,utf-8,parsed_kv1,122
game/scripts/npc/heroes/npc_lia_hero_huntress.txt,utf-8,parsed_kv1,124
game/scripts/npc/heroes/npc_lia_hero_illusionist.txt,utf-8,parsed_kv1,122
game/scripts/npc/heroes/npc_lia_hero_keeper_of_the_grove.txt,utf-8,parsed_kv1,126
game/scripts/npc/heroes/npc_lia_hero_knight.txt,utf-8,parsed_kv1,122
game/scripts/npc/heroes/npc_lia_hero_kret.txt,utf-8,parsed_kv1,122
game/scripts/npc/heroes/npc_lia_hero_lord_of_lightning.txt,utf-8,parsed_kv1,126
game/scripts/npc/heroes/npc_lia_hero_marksman.txt,utf-8,parsed_kv1,124
game/scripts/npc/heroes/npc_lia_hero_minotaur.txt,utf-8,parsed_kv1,122
game/scripts/npc/heroes/npc_lia_hero_naga_royal_guard.txt,utf-8,parsed_kv1,122
game/scripts/npc/heroes/npc_lia_hero_naga_siren.txt,utf-8,parsed_kv1,122
game/scripts/npc/heroes/npc_lia_hero_necromancer.txt,utf-8,parsed_kv1,122
game/scripts/npc/heroes/npc_lia_hero_paladin.txt,utf-8,parsed_kv1,124
game/scripts/npc/heroes/npc_lia_hero_pirate.txt,utf-8,parsed_kv1,124
game/scripts/npc/heroes/npc_lia_hero_ranger.txt,utf-8,parsed_kv1,124
game/scripts/npc/heroes/npc_lia_hero_serpent_queen.txt,utf-8,parsed_kv1,124
game/scripts/npc/heroes/npc_lia_hero_shadow_master.txt,utf-8,parsed_kv1,122
game/scripts/npc/heroes/npc_lia_hero_shaman.txt,utf-8,parsed_kv1,122
game/scripts/npc/heroes/npc_lia_hero_skeleton_mage.txt,utf-8,parsed_kv1,126
game/scripts/npc/heroes/npc_lia_hero_skeleton_thief.txt,utf-8,parsed_kv1,122
game/scripts/npc/heroes/npc_lia_hero_speedwarden.txt,utf-8,parsed_kv1,124
game/scripts/npc/heroes/npc_lia_hero_spider_queen.txt,utf-8,parsed_kv1,122
game/scripts/npc/heroes/npc_lia_hero_tauren_champion.txt,utf-8,parsed_kv1,122
game/scripts/npc/heroes/npc_lia_hero_time_lord.txt,utf-8,parsed_kv1,122
game/scripts/npc/heroes/npc_lia_hero_treant.txt,utf-8,parsed_kv1,124
game/scripts/npc/heroes/npc_lia_hero_troll_cutthroat.txt,utf-8,parsed_kv1,124
game/scripts/npc/heroes/npc_lia_hero_valkyrie.txt,utf-8,parsed_kv1,122
game/scripts/npc/heroes/npc_lia_hero_vampire.txt,utf-8,parsed_kv1,124
game/scripts/npc/heroes/npc_lia_hero_vowen_from_blood.txt,utf-8,parsed_kv1,133
game/scripts/npc/heroes/npc_lia_hero_walking_dead.txt,utf-8,parsed_kv1,122
game/scripts/npc/heroes/npc_lia_hero_wanderer.txt,utf-8,parsed_kv1,126
game/scripts/npc/heroes/npc_lia_hero_warlock.txt,utf-8,parsed_kv1,122
game/scripts/npc/heroes/npc_lia_hero_warrior_of_light.txt,utf-8,parsed_kv1,122
game/scripts/npc/heroes/npc_lia_hero_witch_doctor.txt,utf-8,parsed_kv1,126
game/scripts/npc/items/item_lia_alanith_spear.txt,utf-8,parsed_kv1,61
game/scripts/npc/items/item_lia_amulet.txt,utf-8,parsed_kv1,56
game/scripts/npc/items/item_lia_amulet_of_spell_shield.txt,utf-8,parsed_kv1,81
game/scripts/npc/items/item_lia_ancient_glove.txt,utf-8,parsed_kv1,107
game/scripts/npc/items/item_lia_anti_magic_potion.txt,utf-8,parsed_kv1,92
game/scripts/npc/items/item_lia_armor_of_the_red_mist.txt,utf-8,parsed_kv1,92
game/scripts/npc/items/item_lia_axe.txt,utf-8,parsed_kv1,56
game/scripts/npc/items/item_lia_banner_of_victory.txt,utf-8,parsed_kv1,61
game/scripts/npc/items/item_lia_battle_axe.txt,utf-8,parsed_kv1,108
game/scripts/npc/items/item_lia_battle_javelin.txt,utf-8,parsed_kv1,63
game/scripts/npc/items/item_lia_blade_of_incorporeality.txt,utf-8,parsed_kv1,78
game/scripts/npc/items/item_lia_blood_blade.txt,utf-8,parsed_kv1,78
game/scripts/npc/items/item_lia_blood_moon.txt,utf-8,parsed_kv1,69
game/scripts/npc/items/item_lia_boar.txt,utf-8,parsed_kv1,54
game/scripts/npc/items/item_lia_book_of_the_dead.txt,utf-8,parsed_kv1,64
game/scripts/npc/items/item_lia_boots.txt,utf-8,parsed_kv1,52
game/scripts/npc/items/item_lia_boots_of_invisibility.txt,utf-8,parsed_kv1,78
game/scripts/npc/items/item_lia_bounty_hunters_crossbow.txt,utf-8,parsed_kv1,72
game/scripts/npc/items/item_lia_claws.txt,utf-8,parsed_kv1,62
game/scripts/npc/items/item_lia_crown_of_death.txt,utf-8,parsed_kv1,106
game/scripts/npc/items/item_lia_crusher.txt,utf-8,parsed_kv1,207
game/scripts/npc/items/item_lia_demon_edge.txt,utf-8,parsed_kv1,74
game/scripts/npc/items/item_lia_demonic_figure.txt,utf-8,parsed_kv1,80
game/scripts/npc/items/item_lia_divine_armor.txt,utf-8,parsed_kv1,96
game/scripts/npc/items/item_lia_dust_of_appearance.txt,utf-8,parsed_kv1,55
game/scripts/npc/items/item_lia_dwarf_armor.txt,utf-8,parsed_kv1,78
game/scripts/npc/items/item_lia_enchanted_shield.txt,utf-8,parsed_kv1,137
game/scripts/npc/items/item_lia_ferus_shield.txt,utf-8,parsed_kv1,84
game/scripts/npc/items/item_lia_fire_gloves.txt,utf-8,parsed_kv1,179
game/scripts/npc/items/item_lia_fire_rod.txt,utf-8,parsed_kv1,98
game/scripts/npc/items/item_lia_fire_sword.txt,utf-8,parsed_kv1,130
game/scripts/npc/items/item_lia_ghost_blade.txt,utf-8,parsed_kv1,120
game/scripts/npc/items/item_lia_glove_of_pain.txt,utf-8,parsed_kv1,213
game/scripts/npc/items/item_lia_gloves_of_haste.txt,utf-8,parsed_kv1,52
game/scripts/npc/items/item_lia_gloves_of_strength.txt,utf-8,parsed_kv1,52
game/scripts/npc/items/item_lia_hammer.txt,utf-8,parsed_kv1,119
game/scripts/npc/items/item_lia_hammer_of_titans.txt,utf-8,parsed_kv1,87
game/scripts/npc/items/item_lia_healing_ward.txt,utf-8,parsed_kv1,62
game/scripts/npc/items/item_lia_health_elixir.txt,utf-8,parsed_kv1,53
game/scripts/npc/items/item_lia_health_stone_potion.txt,utf-8,parsed_kv1,53
game/scripts/npc/items/item_lia_hell_gloves.txt,utf-8,parsed_kv1,82
game/scripts/npc/items/item_lia_hell_mask.txt,utf-8,parsed_kv1,94
game/scripts/npc/items/item_lia_helm.txt,utf-8,parsed_kv1,52
game/scripts/npc/items/item_lia_huge_axe.txt,utf-8,parsed_kv1,67
game/scripts/npc/items/item_lia_hyper_boots.txt,utf-8,parsed_kv1,241
game/scripts/npc/items/item_lia_ice_sword.txt,utf-8,parsed_kv1,94
game/scripts/npc/items/item_lia_knight_cuirass.txt,utf-8,parsed_kv1,71
game/scripts/npc/items/item_lia_knight_shield.txt,utf-8,parsed_kv1,61
game/scripts/npc/items/item_lia_lightning_bow.txt,utf-8,parsed_kv1,217
game/scripts/npc/items/item_lia_lightning_spear.txt,utf-8,parsed_kv1,173
game/scripts/npc/items/item_lia_lunar_necklace.txt,utf-8,parsed_kv1,84
game/scripts/npc/items/item_lia_magic_bow.txt,utf-8,parsed_kv1,82
game/scripts/npc/items/item_lia_magic_helm.txt,utf-8,parsed_kv1,78
game/scripts/npc/items/item_lia_magic_necklace.txt,utf-8,parsed_kv1,78
game/scripts/npc/items/item_lia_magic_staff.txt,utf-8,parsed_kv1,78
game/scripts/npc/items/item_lia_magician_armor.txt,utf-8,parsed_kv1,67
game/scripts/npc/items/item_lia_mana_elixir.txt,utf-8,parsed_kv1,53
game/scripts/npc/items/item_lia_mana_staff.txt,utf-8,parsed_kv1,111
game/scripts/npc/items/item_lia_mana_stone.txt,utf-8,parsed_kv1,52
game/scripts/npc/items/item_lia_mana_stone_potion.txt,utf-8,parsed_kv1,53
game/scripts/npc/items/item_lia_mantle.txt,utf-8,parsed_kv1,52
game/scripts/npc/items/item_lia_mask.txt,utf-8,parsed_kv1,52
game/scripts/npc/items/item_lia_mask_of_death.txt,utf-8,parsed_kv1,33
game/scripts/npc/items/item_lia_mithril_armor.txt,utf-8,parsed_kv1,82
game/scripts/npc/items/item_lia_necklace.txt,utf-8,parsed_kv1,54
game/scripts/npc/items/item_lia_orb_of_fire.txt,utf-8,parsed_kv1,44
game/scripts/npc/items/item_lia_orb_of_frost.txt,utf-8,parsed_kv1,71
game/scripts/npc/items/item_lia_pantilus_blade.txt,utf-8,parsed_kv1,82
game/scripts/npc/items/item_lia_poleaxe_of_rage.txt,utf-8,parsed_kv1,190
game/scripts/npc/items/item_lia_potion_of_invisibility.txt,utf-8,parsed_kv1,147
game/scripts/npc/items/item_lia_potion_of_invulnerability.txt,utf-8,parsed_kv1,82
game/scripts/npc/items/item_lia_pure_light.txt,utf-8,parsed_kv1,90
game/scripts/npc/items/item_lia_rage_sword_agi.txt,utf-8,parsed_kv1,74
game/scripts/npc/items/item_lia_rage_sword_int.txt,utf-8,parsed_kv1,74
game/scripts/npc/items/item_lia_rage_sword_str.txt,utf-8,parsed_kv1,74
game/scripts/npc/items/item_lia_ring_of_protection.txt,utf-8,parsed_kv1,52
game/scripts/npc/items/item_lia_ring_of_regeneration.txt,utf-8,parsed_kv1,50
game/scripts/npc/items/item_lia_rune_gold.txt,utf-8,parsed_kv1,51
game/scripts/npc/items/item_lia_rune_lumber.txt,utf-8,parsed_kv1,58
game/scripts/npc/items/item_lia_rune_of_agility.txt,utf-8,parsed_kv1,67
game/scripts/npc/items/item_lia_rune_of_healing.txt,utf-8,parsed_kv1,100
game/scripts/npc/items/item_lia_rune_of_intellect.txt,utf-8,parsed_kv1,67
game/scripts/npc/items/item_lia_rune_of_lifesteal.txt,utf-8,parsed_kv1,56
game/scripts/npc/items/item_lia_rune_of_luck.txt,utf-8,parsed_kv1,60
game/scripts/npc/items/item_lia_rune_of_mana.txt,utf-8,parsed_kv1,102
game/scripts/npc/items/item_lia_rune_of_protection.txt,utf-8,parsed_kv1,60
game/scripts/npc/items/item_lia_rune_of_restoration.txt,utf-8,parsed_kv1,115
game/scripts/npc/items/item_lia_rune_of_speed.txt,utf-8,parsed_kv1,110
game/scripts/npc/items/item_lia_rune_of_strength.txt,utf-8,parsed_kv1,67
game/scripts/npc/items/item_lia_runed_bracers.txt,utf-8,parsed_kv1,50
game/scripts/npc/items/item_lia_runed_gloves.txt,utf-8,parsed_kv1,76
game/scripts/npc/items/item_lia_scepter_of_power.txt,utf-8,parsed_kv1,114
game/scripts/npc/items/item_lia_scroll_of_restoration.txt,utf-8,parsed_kv1,106
game/scripts/npc/items/item_lia_scroll_of_secret_knowledge.txt,utf-8,parsed_kv1,116
game/scripts/npc/items/item_lia_seal_of_power.txt,utf-8,parsed_kv1,77
game/scripts/npc/items/item_lia_shield_of_death.txt,utf-8,parsed_kv1,149
game/scripts/npc/items/item_lia_shield_of_endurance.txt,utf-8,parsed_kv1,80
game/scripts/npc/items/item_lia_spear.txt,utf-8,parsed_kv1,54
game/scripts/npc/items/item_lia_spellbreaker.txt,utf-8,parsed_kv1,69
game/scripts/npc/items/item_lia_spherical_staff.txt,utf-8,parsed_kv1,99
game/scripts/npc/items/item_lia_spider_ring.txt,utf-8,parsed_kv1,44
game/scripts/npc/items/item_lia_staff.txt,utf-8,parsed_kv1,50
game/scripts/npc/items/item_lia_staff_of_help.txt,utf-8,parsed_kv1,301
game/scripts/npc/items/item_lia_staff_of_illusions.txt,utf-8,parsed_kv1,112
game/scripts/npc/items/item_lia_staff_of_life.txt,utf-8,parsed_kv1,90
game/scripts/npc/items/item_lia_staff_of_light.txt,utf-8,parsed_kv1,278
game/scripts/npc/items/item_lia_steel_sword.txt,utf-8,parsed_kv1,50
game/scripts/npc/items/item_lia_stormwind_horn.txt,utf-8,parsed_kv1,81
game/scripts/npc/items/item_lia_sword_of_solidarity.txt,utf-8,parsed_kv1,267
game/scripts/npc/items/item_lia_thugs_dagger.txt,utf-8,parsed_kv1,52
game/scripts/npc/items/item_lia_totem_of_persistence.txt,utf-8,parsed_kv1,133
game/scripts/npc/items/item_lia_troll_defender.txt,utf-8,parsed_kv1,60
game/scripts/npc/items/item_lia_troll_healer.txt,utf-8,parsed_kv1,60
game/scripts/npc/items/item_lia_widow_boots.txt,utf-8,parsed_kv1,88
game/scripts/npc/npc_abilities_custom.txt,utf-8,parsed_kv1,147
game/scripts/npc/npc_heroes_custom.txt,utf-8,parsed_kv1,115
game/scripts/npc/npc_items_custom.txt,utf-8,parsed_kv1,231
game/scripts/npc/npc_units_custom.txt,utf-8,parsed_kv1,57
game/scripts/npc/units/10_wave_megaboss.txt,utf-8,parsed_kv1,306
game/scripts/npc/units/15_wave_megaboss.txt,utf-8,parsed_kv1,127
game/scripts/npc/units/5_wave_megaboss.txt,utf-8,parsed_kv1,179
game/scripts/npc/units/android_units.txt,utf-8,parsed_kv1,537
game/scripts/npc/units/beastmaster_creeps.txt,utf-8,parsed_kv1,447
game/scripts/npc/units/beetle.txt,utf-8,parsed_kv1,76
game/scripts/npc/units/butcher_zombies.txt,utf-8,parsed_kv1,276
game/scripts/npc/units/camera_guy.txt,utf-8,parsed_kv1,14
game/scripts/npc/units/decorations.txt,utf-8,parsed_kv1,1195
game/scripts/npc/units/dummy_unit.txt,utf-8,parsed_kv1,140
game/scripts/npc/units/extreme_mode_bosses.txt,utf-8,parsed_kv1,1648
game/scripts/npc/units/extreme_mode_creeps.txt,utf-8,parsed_kv1,1593
game/scripts/npc/units/firelord_units.txt,utf-8,parsed_kv1,645
game/scripts/npc/units/hermit_water_elementals.txt,utf-8,parsed_kv1,417
game/scripts/npc/units/item_lia_healing_ward_unit.txt,utf-8,parsed_kv1,103
game/scripts/npc/units/keeper_of_the_grove_units.txt,utf-8,parsed_kv1,373
game/scripts/npc/units/necromancer_creeps.txt,utf-8,parsed_kv1,343
game/scripts/npc/units/normal_mode_bosses.txt,utf-8,parsed_kv1,1648
game/scripts/npc/units/normal_mode_creeps.txt,utf-8,parsed_kv1,1595
game/scripts/npc/units/npc_dummy_blank.txt,utf-8,parsed_kv1,108
game/scripts/npc/units/orn_megaboss.txt,utf-8,parsed_kv1,160
game/scripts/npc/units/orn_mutant_boss.txt,utf-8,parsed_kv1,97
game/scripts/npc/units/purchasable_units.txt,utf-8,parsed_kv1,909
game/scripts/npc/units/pure_light_totem.txt,utf-8,parsed_kv1,82
game/scripts/npc/units/shadow_master_shadow.txt,utf-8,parsed_kv1,124
game/scripts/npc/units/spider_queen_spiders.txt,utf-8,parsed_kv1,252
game/scripts/npc/units/wanderer_creeps.txt,utf-8,parsed_kv1,923
game/scripts/shops.txt,utf-8,parsed_kv1,287
