source,line,end_line,function,value
game/scripts/vscripts/abilities/5_wave_firestorm.lua,10,10,RainOfFireStart,dummy_unit_vulnerable
game/scripts/vscripts/abilities/wave_9_morphallaxis.lua,57,57,modifier_wave_9_morphallaxis:OnAttackLanded,9_wave_creep_extreme
game/scripts/vscripts/abilities/wave_9_morphallaxis.lua,59,59,modifier_wave_9_morphallaxis:OnAttackLanded,9_wave_creep
game/scripts/vscripts/addon_game_mode.lua,24,24,Precache,npc_water_elemental_1
game/scripts/vscripts/addon_game_mode.lua,25,25,Precache,npc_water_elemental_2
game/scripts/vscripts/addon_game_mode.lua,26,26,Precache,npc_water_elemental_3
game/scripts/vscripts/addon_game_mode.lua,27,27,Precache,npc_water_elemental_4
game/scripts/vscripts/addon_game_mode.lua,29,29,Precache,spirit_of_the_plains1
game/scripts/vscripts/addon_game_mode.lua,30,30,Precache,spirit_of_the_plains2
game/scripts/vscripts/addon_game_mode.lua,31,31,Precache,spirit_of_the_plains3
game/scripts/vscripts/addon_game_mode.lua,33,33,Precache,ghost_1
game/scripts/vscripts/addon_game_mode.lua,34,34,Precache,ghost_2
game/scripts/vscripts/addon_game_mode.lua,35,35,Precache,ghost_3
game/scripts/vscripts/addon_game_mode.lua,36,36,Precache,ghost_4
game/scripts/vscripts/addon_game_mode.lua,38,38,Precache,necromancer_skeleton1
game/scripts/vscripts/addon_game_mode.lua,39,39,Precache,necromancer_skeleton2
game/scripts/vscripts/addon_game_mode.lua,40,40,Precache,necromancer_skeleton3
game/scripts/vscripts/addon_game_mode.lua,41,41,Precache,necromancer_skeleton4
game/scripts/vscripts/addon_game_mode.lua,43,43,Precache,pure_light_totem
game/scripts/vscripts/addon_game_mode.lua,45,45,Precache,android_pocket_factory_building1
game/scripts/vscripts/addon_game_mode.lua,46,46,Precache,android_pocket_factory_building2
game/scripts/vscripts/addon_game_mode.lua,47,47,Precache,android_pocket_factory_building3
game/scripts/vscripts/addon_game_mode.lua,109,109,Precache,npc_dota_hero_terrorblade
game/scripts/vscripts/addon_game_mode.lua,110,110,Precache,npc_dota_hero_mirana
game/scripts/vscripts/addon_game_mode.lua,112,112,Precache,5_wave_megaboss
game/scripts/vscripts/addon_game_mode.lua,113,113,Precache,10_wave_megaboss
game/scripts/vscripts/addon_game_mode.lua,114,114,Precache,15_wave_megaboss
game/scripts/vscripts/addon_game_mode.lua,115,115,Precache,orn_megaboss
game/scripts/vscripts/addon_game_mode.lua,116,116,Precache,orn_mutant_boss
game/scripts/vscripts/addon_game_mode.lua,117,117,Precache,npc_lia_boar
game/scripts/vscripts/addon_game_mode.lua,118,118,Precache,item_lia_healing_ward_unit
game/scripts/vscripts/addon_game_mode.lua,120,120,Precache,white_wolf_bm
game/scripts/vscripts/addon_game_mode.lua,121,121,Precache,jungle_stalker_bm
game/scripts/vscripts/addon_game_mode.lua,122,122,Precache,phoenix_bm
game/scripts/vscripts/addon_game_mode.lua,123,123,Precache,bear_bm
game/scripts/vscripts/addon_game_mode.lua,124,124,Precache,phoenix_egg_bm
game/scripts/vscripts/addon_game_mode.lua,127,127,Precache,item_lia_lightning_bow
game/scripts/vscripts/addon_game_mode.lua,128,128,Precache,item_lia_staff_of_help
game/scripts/vscripts/addon_game_mode.lua,129,129,Precache,item_lia_staff_of_help_2
game/scripts/vscripts/addon_game_mode.lua,130,130,Precache,item_lia_ice_sword
game/scripts/vscripts/addon_game_mode.lua,131,131,Precache,item_lia_rune_of_lifesteal
game/scripts/vscripts/addon_game_mode.lua,134,134,Precache,spherical_staff_fire_golem
game/scripts/vscripts/AI/11_wave_creeps.lua,11,11,Spawn,11_wave_immolation
game/scripts/vscripts/AI/11_wave_creeps_extreme.lua,11,11,Spawn,11_wave_immolation_extreme
game/scripts/vscripts/AI/12_wave_bosses.lua,11,11,Spawn,12_wave_bloodlust
game/scripts/vscripts/AI/12_wave_bosses.lua,12,12,Spawn,12_wave_roots
game/scripts/vscripts/AI/12_wave_bosses_extreme.lua,11,11,Spawn,12_wave_bloodlust_extreme
game/scripts/vscripts/AI/12_wave_bosses_extreme.lua,12,12,Spawn,12_wave_roots_extreme
game/scripts/vscripts/AI/12_wave_creeps.lua,11,11,Spawn,12_wave_stomp
game/scripts/vscripts/AI/13_wave_creeps.lua,11,11,Spawn,13_wave_hurl_boulder
game/scripts/vscripts/AI/14_wave_bosses.lua,11,11,Spawn,14_wave_storm_bolt
game/scripts/vscripts/AI/14_wave_bosses_extreme.lua,11,11,Spawn,14_wave_storm_bolt_extreme
game/scripts/vscripts/AI/14_wave_creeps.lua,11,11,Spawn,14_wave_shadow_strike
game/scripts/vscripts/AI/14_wave_creeps_extreme.lua,11,11,Spawn,14_wave_shadow_strike_extreme
game/scripts/vscripts/AI/15_megaboss.lua,10,10,Spawn,15_megaboss_illusions
game/scripts/vscripts/AI/15_megaboss.lua,11,11,Spawn,15_megaboss_astral
game/scripts/vscripts/AI/15_megaboss.lua,12,12,Spawn,15_megaboss_silence
game/scripts/vscripts/AI/16_wave_bosses.lua,11,11,Spawn,wave_16_mana_burn
game/scripts/vscripts/AI/16_wave_bosses.lua,12,12,Spawn,16_wave_slow
game/scripts/vscripts/AI/16_wave_bosses_extreme.lua,11,11,Spawn,wave_16_mana_burn_extreme
game/scripts/vscripts/AI/16_wave_bosses_extreme.lua,12,12,Spawn,16_wave_slow_extreme
game/scripts/vscripts/AI/16_wave_creeps.lua,11,11,Spawn,wave_16_mana_burn
game/scripts/vscripts/AI/16_wave_creeps_extreme.lua,11,11,Spawn,wave_16_mana_burn_extreme
game/scripts/vscripts/AI/17_wave_creeps.lua,11,11,Spawn,17_wave_purge
game/scripts/vscripts/AI/17_wave_creeps_extreme.lua,11,11,Spawn,17_wave_purge_extreme
game/scripts/vscripts/AI/18_wave_creeps.lua,11,11,Spawn,18_wave_silence
game/scripts/vscripts/AI/18_wave_creeps_extreme.lua,11,11,Spawn,18_wave_silence_extreme
game/scripts/vscripts/AI/19_wave_bosses.lua,11,11,Spawn,19_wave_polymorph
game/scripts/vscripts/AI/19_wave_bosses_extreme.lua,11,11,Spawn,19_wave_polymorph_extreme
game/scripts/vscripts/AI/19_wave_creeps.lua,11,11,Spawn,19_wave_faerie_fire
game/scripts/vscripts/AI/19_wave_creeps_extreme.lua,11,11,Spawn,19_wave_faerie_fire_extreme
game/scripts/vscripts/AI/1_wave_bosses.lua,11,11,Spawn,1_wave_stomp
game/scripts/vscripts/AI/1_wave_bosses_extreme.lua,11,11,Spawn,1_wave_stomp_extreme
game/scripts/vscripts/AI/2_wave_bosses.lua,11,11,Spawn,second_wave_wave_of_force
game/scripts/vscripts/AI/2_wave_bosses_extreme.lua,11,11,Spawn,2_wave_war_stomp_extreme
game/scripts/vscripts/AI/2_wave_bosses_extreme.lua,12,12,Spawn,second_wave_wave_of_force_extreme
game/scripts/vscripts/AI/3_wave_bosses.lua,11,11,Spawn,3_wave_rejuvenation
game/scripts/vscripts/AI/3_wave_bosses_extreme.lua,11,11,Spawn,3_wave_rejuvenation_extreme
game/scripts/vscripts/AI/4_wave_bosses.lua,11,11,Spawn,4_wave_death_coil
game/scripts/vscripts/AI/4_wave_bosses_extreme.lua,11,11,Spawn,4_wave_death_coil
game/scripts/vscripts/AI/4_wave_bosses_extreme.lua,12,12,Spawn,4_wave_ensnare_extreme
game/scripts/vscripts/AI/6_wave_bosses.lua,11,11,Spawn,6_wave_cripple
game/scripts/vscripts/AI/6_wave_bosses.lua,12,12,Spawn,6_wave_cripple
game/scripts/vscripts/AI/6_wave_bosses_extreme.lua,11,11,Spawn,6_wave_cripple
game/scripts/vscripts/AI/6_wave_bosses_extreme.lua,12,12,Spawn,6_wave_curse
game/scripts/vscripts/AI/6_wave_bosses_extreme.lua,13,13,Spawn,6_wave_cripple
game/scripts/vscripts/AI/7_wave_bosses.lua,11,11,Spawn,7_wave_howl_of_terror
game/scripts/vscripts/AI/7_wave_bosses_extreme.lua,11,11,Spawn,7_wave_howl_of_terror_extreme
game/scripts/vscripts/AI/8_wave_bosses.lua,11,11,Spawn,8_wave_storm_bolt
game/scripts/vscripts/AI/9_wave_bosses.lua,11,11,Spawn,9_wave_frost_nova
game/scripts/vscripts/AI/orn_mutant_boss_slow.lua,11,11,Spawn,orn_mutant_boss_slow
game/scripts/vscripts/AI/TrollHealer.lua,3,3,Spawn,troll_healer_heal
game/scripts/vscripts/destrSpawn.lua,8,8,Spawn,barrel_no_health_bar
game/scripts/vscripts/destrSpawn.lua,12,12,Spawn,barricades
game/scripts/vscripts/destrSpawn.lua,12,12,Spawn,arena_rock
game/scripts/vscripts/destrSpawn.lua,16,16,Spawn,barricades_big
game/scripts/vscripts/destrSpawn.lua,20,20,Spawn,barricades_small
game/scripts/vscripts/destrSpawn.lua,24,24,Spawn,big_barrel
game/scripts/vscripts/destrSpawn.lua,28,28,Spawn,small_barrel
game/scripts/vscripts/destrSpawn.lua,32,32,Spawn,npc_dota_creature_barrel
game/scripts/vscripts/destrSpawn.lua,36,36,Spawn,small_barrel_side
game/scripts/vscripts/destrSpawn.lua,40,40,Spawn,tnt_barrel
game/scripts/vscripts/destrSpawn.lua,41,41,Spawn,barrel_explosion
game/scripts/vscripts/filtering.lua,139,139,LiA:FilterDamage,knight_ancient_shield
game/scripts/vscripts/heroes/Acron/Explosion.lua,18,18,Explosion,acron_battle_fevor
game/scripts/vscripts/heroes/Acron/firerage.lua,31,31,StackCountIncrease,acron_battle_fevor
game/scripts/vscripts/heroes/Alchemist/alchemist_fire_potion.lua,70,70,alchemist_fire_potion:OnSpellStart,alchemist_side_effect
game/scripts/vscripts/heroes/Alchemist/alchemist_fire_potion.lua,89,89,alchemist_fire_potion:OnProjectileThink,dummy_unit_side_effect
game/scripts/vscripts/heroes/Alchemist/modifier_alchemist_side_effect.lua,29,29,modifier_alchemist_side_effect:IncrementPotionCount/anonymous@24,dummy_unit_side_effect
game/scripts/vscripts/heroes/Alchemist/modifier_alchemist_swiftness_potion_caster.lua,30,30,modifier_alchemist_swiftness_potion_caster:OnCreated,dummy_unit_phase_hero
game/scripts/vscripts/heroes/Alchemist/modifier_alchemist_swiftness_potion_caster.lua,160,160,modifier_alchemist_swiftness_potion_caster:OnDestroy,alchemist_side_effect
game/scripts/vscripts/heroes/Android/android_cluster_rockets.lua,94,94,modifier_cluster_rockets:FireRocket,dummy_unit_vulnerable
game/scripts/vscripts/heroes/Android/PocketFactory.lua,16,16,BuildPocketFactory,npc_dummy_blank
game/scripts/vscripts/heroes/Android/PocketFactory.lua,39,39,BuildPocketFactory,android_pocket_factory_spawn_goblin
game/scripts/vscripts/heroes/Android/PocketFactory.lua,40,40,BuildPocketFactory,android_pocket_factory_spawn_goblin
game/scripts/vscripts/heroes/Android/PocketFactory.lua,55,55,StartGoblinSpawn,android_clockwerk_goblin_kaboom
game/scripts/vscripts/heroes/Android/PocketFactory.lua,56,56,StartGoblinSpawn,android_pocket_factory_spawn_goblin
game/scripts/vscripts/heroes/Archmage/archmage_anomaly.lua,36,36,archmage_anomaly:OnSpellStart,dummy_unit_anomaly
game/scripts/vscripts/heroes/Archmage/archmage_shooting_star.lua,115,115,archmage_shooting_star:OnSpellStart/anonymous@100,archmage_shooting_star
game/scripts/vscripts/heroes/Archmage/archmage_shooting_star.lua,136,136,archmage_shooting_star:OnSpellStart,dummy_unit_anomaly
game/scripts/vscripts/heroes/Archmage/archmage_shooting_star_staff.lua,92,92,archmage_shooting_star_staff:OnSpellStart/anonymous@77,archmage_shooting_star
game/scripts/vscripts/heroes/Archmage/archmage_shooting_star_staff.lua,113,113,archmage_shooting_star_staff:OnSpellStart,dummy_unit_anomaly
game/scripts/vscripts/heroes/Archmage/Polymorph.lua,23,23,Polymorph,dummy_unit_anomaly
game/scripts/vscripts/heroes/Beastmaster/Beasts.lua,5,5,SummonBeasts,white_wolf_bm
game/scripts/vscripts/heroes/Beastmaster/Beasts.lua,5,5,SummonBeasts,jungle_stalker_bm
game/scripts/vscripts/heroes/Beastmaster/Beasts.lua,5,5,SummonBeasts,phoenix_bm
game/scripts/vscripts/heroes/Beastmaster/Beasts.lua,5,5,SummonBeasts,bear_bm
game/scripts/vscripts/heroes/Beastmaster/Phoenix.lua,5,5,SpawnEgg,npc_dummy_blank
game/scripts/vscripts/heroes/Beastmaster/Phoenix.lua,6,6,SpawnEgg,phoenix_egg_bm
game/scripts/vscripts/heroes/Beastmaster/Phoenix.lua,16,16,SpawnPhoenix,phoenix_bm
game/scripts/vscripts/heroes/Butcher/butcher_zombie.lua,71,71,butcher_zombie:OnSpellStart,butcher_zombie_1
game/scripts/vscripts/heroes/Butcher/butcher_zombie.lua,71,71,butcher_zombie:OnSpellStart,butcher_zombie_2
game/scripts/vscripts/heroes/Butcher/butcher_zombie.lua,71,71,butcher_zombie:OnSpellStart,butcher_zombie_3
game/scripts/vscripts/heroes/Butcher/butcher_zombie.lua,72,72,butcher_zombie:OnSpellStart,butcher_skin
game/scripts/vscripts/heroes/Butcher/butcher_zombie.lua,81,81,butcher_zombie:OnSpellStart,butcher_skin
game/scripts/vscripts/heroes/Butcher/butcher_zombie_new.lua,30,30,butcher_zombie:CreateZombie,butcher_zombie_1
game/scripts/vscripts/heroes/Butcher/butcher_zombie_new.lua,30,30,butcher_zombie:CreateZombie,butcher_zombie_2
game/scripts/vscripts/heroes/Butcher/butcher_zombie_new.lua,30,30,butcher_zombie:CreateZombie,butcher_zombie_3
game/scripts/vscripts/heroes/Butcher/butcher_zombie_new.lua,31,31,butcher_zombie:CreateZombie,butcher_skin
game/scripts/vscripts/heroes/Butcher/butcher_zombie_new.lua,40,40,butcher_zombie:CreateZombie,butcher_skin
game/scripts/vscripts/heroes/Butcher/butcher_zombie_new.lua,120,120,modifier_butcher_zombie:OnDeath,butcher_zombie
game/scripts/vscripts/heroes/DarkRanger/dark_ranger_black_arrow.lua,12,12,dark_ranger_black_arrow:GetManaCost,dark_ranger_fury
game/scripts/vscripts/heroes/Demonologist/MasteryOfDemonology.lua,34,34,GiveAbility,demonologist_mastery_of_demonology_creep
game/scripts/vscripts/heroes/Demonologist/MasteryOfDemonology.lua,35,35,GiveAbility,demonologist_mastery_of_demonology_creep
game/scripts/vscripts/heroes/Demonologist/MasteryOfDemonology.lua,36,36,GiveAbility,demonologist_mastery_of_demonology_creep
game/scripts/vscripts/heroes/Demonologist/modifier_demonologist_ritual_of_summoning_thinker.lua,67,67,modifier_demonologist_ritual_of_summoning_thinker:OnDestroy,19_wave_creep
game/scripts/vscripts/heroes/Demonologist/modifier_demonologist_ritual_of_summoning_thinker.lua,68,68,modifier_demonologist_ritual_of_summoning_thinker:OnDestroy,19_wave_boss
game/scripts/vscripts/heroes/Firelord/firelord_fire_serpent.lua,17,17,firelord_fire_serpent:OnSpellStart,npc_serpent_ward_2
game/scripts/vscripts/heroes/Firelord/firelord_fire_serpent.lua,17,17,firelord_fire_serpent:OnSpellStart,npc_serpent_ward_3
game/scripts/vscripts/heroes/Firelord/firelord_fire_serpent.lua,17,17,firelord_fire_serpent:OnSpellStart,npc_serpent_ward_4
game/scripts/vscripts/heroes/Firelord/firelord_fire_serpent.lua,19,19,firelord_fire_serpent:OnSpellStart,npc_serpent_ward_1
game/scripts/vscripts/heroes/Firelord/firelord_fire_serpent.lua,19,19,firelord_fire_serpent:OnSpellStart,npc_serpent_ward_2
game/scripts/vscripts/heroes/Firelord/firelord_fire_serpent.lua,19,19,firelord_fire_serpent:OnSpellStart,npc_serpent_ward_3
game/scripts/vscripts/heroes/Firelord/FireTrap.lua,7,7,StasisStart,fire_trap_unit
game/scripts/vscripts/heroes/Firelord/FireTrap.lua,47,47,StasisThink/anonymous@32,fire_trap_unit
game/scripts/vscripts/heroes/FurbolgChampion/modifier_furbolg_champion_swelling_rage.lua,40,40,modifier_furbolg_champion_swelling_rage:OnTakeDamage,furbolg_champion_furious_clap
game/scripts/vscripts/heroes/Hermit/hermit_storm.lua,73,73,hermit_storm:OnProjectileHit,hermit_summon_water_elemental
game/scripts/vscripts/heroes/Hermit/hermit_storm.lua,80,80,hermit_storm:OnProjectileHit,npc_water_elemental_4
game/scripts/vscripts/heroes/Hermit/hermit_summon_water_elemental.lua,18,18,hermit_summon_water_elemental:OnSpellStart,npc_water_elemental_2
game/scripts/vscripts/heroes/Hermit/hermit_summon_water_elemental.lua,18,18,hermit_summon_water_elemental:OnSpellStart,npc_water_elemental_3
game/scripts/vscripts/heroes/Hermit/hermit_summon_water_elemental.lua,18,18,hermit_summon_water_elemental:OnSpellStart,npc_water_elemental_4
game/scripts/vscripts/heroes/Hermit/hermit_summon_water_elemental.lua,21,21,hermit_summon_water_elemental:OnSpellStart,npc_water_elemental_1
game/scripts/vscripts/heroes/Hermit/hermit_summon_water_elemental.lua,21,21,hermit_summon_water_elemental:OnSpellStart,npc_water_elemental_2
game/scripts/vscripts/heroes/Hermit/hermit_summon_water_elemental.lua,21,21,hermit_summon_water_elemental:OnSpellStart,npc_water_elemental_3
game/scripts/vscripts/heroes/Hermit/hermit_summon_water_elemental.lua,40,40,hermit_summon_water_elemental:OnSpellStart,npc_water_elemental_4
game/scripts/vscripts/heroes/Illusionist/illusionist_mastery_of_deception.lua,35,35,illusions,illusionist_whiff_of_deception
game/scripts/vscripts/heroes/Illusionist/illusionist_mastery_of_deception.lua,47,47,illusions,illusionist_agility_paws
game/scripts/vscripts/heroes/Illusionist/illusionist_mastery_of_illusions.lua,29,29,AddModifier,illusionist_agility_paws
game/scripts/vscripts/heroes/Illusionist/illusionist_mastery_of_illusions.lua,49,49,AddModifier,illusionist_whiff_of_deception
game/scripts/vscripts/heroes/KeeperOfTheGrove/keeper_of_the_grove_guardian_spirit.lua,15,15,keeper_of_the_grove_guardian_spirit:OnSpellStart,keeper_of_the_grove_guardian_spirit
game/scripts/vscripts/heroes/KeeperOfTheGrove/keeper_of_the_grove_guardian_spirit.lua,21,21,keeper_of_the_grove_guardian_spirit:OnSpellStart,keeper_of_the_grove_guardian_spirit_narure_forces
game/scripts/vscripts/heroes/KeeperOfTheGrove/Reborn.lua,7,7,Reborn,keeper_of_the_grove_young_treant
game/scripts/vscripts/heroes/Knight/illusions.lua,58,58,illusions,knight_dark_gifts
game/scripts/vscripts/heroes/LightningLord/lord_of_lightning_chain_lightning.lua,70,70,lord_of_lightning_chain_lightning:OnSpellStart/anonymous@58,dummy_unit
game/scripts/vscripts/heroes/Minotaur/minotaur_thunder_strike.lua,14,14,minotaur_thunder_strike:OnAbilityPhaseStart,minotaur_thunder_strike
game/scripts/vscripts/heroes/Necromancer/deads.lua,20,20,Create,necromancer_skeleton2
game/scripts/vscripts/heroes/Necromancer/deads.lua,23,23,Create,necromancer_skeleton3
game/scripts/vscripts/heroes/Necromancer/deads.lua,26,26,Create,necromancer_skeleton4
game/scripts/vscripts/heroes/Necromancer/deads.lua,30,30,Create,necromancer_skeleton1
game/scripts/vscripts/heroes/Necromancer/deads.lua,33,33,Create,necromancer_skeleton2
game/scripts/vscripts/heroes/Necromancer/deads.lua,36,36,Create,necromancer_skeleton3
game/scripts/vscripts/heroes/Necromancer/necromancer_walking_corpses.lua,17,17,necromancer_walking_corpses:OnSpellStart,necromancer_skeleton2
game/scripts/vscripts/heroes/Necromancer/necromancer_walking_corpses.lua,17,17,necromancer_walking_corpses:OnSpellStart,necromancer_skeleton3
game/scripts/vscripts/heroes/Necromancer/necromancer_walking_corpses.lua,17,17,necromancer_walking_corpses:OnSpellStart,necromancer_skeleton4
game/scripts/vscripts/heroes/Necromancer/necromancer_walking_corpses.lua,19,19,necromancer_walking_corpses:OnSpellStart,necromancer_skeleton1
game/scripts/vscripts/heroes/Necromancer/necromancer_walking_corpses.lua,19,19,necromancer_walking_corpses:OnSpellStart,necromancer_skeleton2
game/scripts/vscripts/heroes/Necromancer/necromancer_walking_corpses.lua,19,19,necromancer_walking_corpses:OnSpellStart,necromancer_skeleton3
game/scripts/vscripts/heroes/Ranger/ranger_trap.lua,23,23,ranger_trap:ThrowNet,dummy_unit
game/scripts/vscripts/heroes/Ranger/ranger_volley_of_arrows.lua,114,114,modifier_ranger_fan_of_arrows_pull:OnDestroy,ranger_trap
game/scripts/vscripts/heroes/SerpentQueen/BallLightning.lua,14,14,LocustSwarmStart,npc_crypt_lord_locust
game/scripts/vscripts/heroes/ShadowMaster/AgilityOfShadows.lua,13,13,ApplyBuffs,shadow_master_shadow
game/scripts/vscripts/heroes/ShadowMaster/AgilityOfShadows.lua,18,18,ApplyBuffs,shadow_master_art_of_shadows
game/scripts/vscripts/heroes/ShadowMaster/Shadow.lua,56,56,_G.CreateShadow,shadow_master_shadow
game/scripts/vscripts/heroes/Speedwarden/speedwarden_wardens_swiftness.lua,61,61,modifier_speedwarden_wardens_swiftness:OnIntervalThink,speedwarden_time_strike
game/scripts/vscripts/heroes/SpiderQueen/modifier_spider_queen_infection.lua,45,45,modifier_spider_queen_infection:OnDeath,spider_queen_spider_yarn
game/scripts/vscripts/heroes/TrollCutthroat/BoomerangAxe.lua,22,22,Initialize,troll_cutthroat_enchanted_axes
game/scripts/vscripts/heroes/TrollCutthroat/BoomerangAxe.lua,42,42,BoomerangAxes,troll_cutthroat_enchanted_axes
game/scripts/vscripts/heroes/TrollCutthroat/BoomerangAxe.lua,44,44,BoomerangAxes,troll_cutthroat_vulnerability
game/scripts/vscripts/heroes/TrollCutthroat/modifier_troll_cutthroat_battle_trance.lua,19,19,modifier_troll_cutthroat_battle_trance:OnCreated,troll_cutthroat_enchanted_axes
game/scripts/vscripts/heroes/TrollCutthroat/troll_cutthroat_boomeang_axe.lua,17,17,troll_cutthroat_boomeang_axe:OnSpellStart,troll_cutthroat_boomeang_axe
game/scripts/vscripts/heroes/TrollCutthroat/troll_cutthroat_boomeang_axe.lua,18,18,troll_cutthroat_boomeang_axe:OnSpellStart,troll_cutthroat_boomeang_axe_return
game/scripts/vscripts/heroes/TrollCutthroat/troll_cutthroat_boomeang_axe.lua,21,21,troll_cutthroat_boomeang_axe:OnSpellStart,troll_cutthroat_boomeang_axe
game/scripts/vscripts/heroes/TrollCutthroat/troll_cutthroat_boomeang_axe.lua,21,21,troll_cutthroat_boomeang_axe:OnSpellStart,troll_cutthroat_boomeang_axe_return
game/scripts/vscripts/heroes/TrollCutthroat/troll_cutthroat_boomeang_axe.lua,29,29,troll_cutthroat_boomeang_axe:OnSpellStart,troll_cutthroat_enchanted_axes
game/scripts/vscripts/heroes/TrollCutthroat/troll_cutthroat_boomeang_axe.lua,132,132,troll_cutthroat_boomeang_axe:OnProjectileHit,troll_cutthroat_enchanted_axes
game/scripts/vscripts/heroes/TrollCutthroat/troll_cutthroat_boomeang_axe.lua,133,133,troll_cutthroat_boomeang_axe:OnProjectileHit,troll_cutthroat_boomeang_axe
game/scripts/vscripts/heroes/TrollCutthroat/troll_cutthroat_boomeang_axe.lua,134,134,troll_cutthroat_boomeang_axe:OnProjectileHit,troll_cutthroat_boomeang_axe_return
game/scripts/vscripts/heroes/TrollCutthroat/troll_cutthroat_boomeang_axe.lua,141,141,troll_cutthroat_boomeang_axe:OnProjectileHit,troll_cutthroat_boomeang_axe_return
game/scripts/vscripts/heroes/TrollCutthroat/troll_cutthroat_boomeang_axe.lua,141,141,troll_cutthroat_boomeang_axe:OnProjectileHit,troll_cutthroat_boomeang_axe
game/scripts/vscripts/heroes/VowenFromBlood/StealBlood.lua,56,56,StealBlood/anonymous@44,dummy_unit
game/scripts/vscripts/heroes/WalkingDead/walking_dead_decay.lua,20,20,walking_dead_decay:OnToggle,walking_dead_vitality
game/scripts/vscripts/heroes/Wanderer/ghosts.lua,18,18,ghostsCreate,ghost_2
game/scripts/vscripts/heroes/Wanderer/ghosts.lua,21,21,ghostsCreate,ghost_3
game/scripts/vscripts/heroes/Wanderer/ghosts.lua,24,24,ghostsCreate,ghost_4
game/scripts/vscripts/heroes/Wanderer/ghosts.lua,28,28,ghostsCreate,ghost_1
game/scripts/vscripts/heroes/Wanderer/ghosts.lua,31,31,ghostsCreate,ghost_2
game/scripts/vscripts/heroes/Wanderer/ghosts.lua,34,34,ghostsCreate,ghost_3
game/scripts/vscripts/heroes/Wanderer/spirit.lua,17,17,spiritCreate,spirit_of_the_plains1
game/scripts/vscripts/heroes/Wanderer/spirit.lua,20,20,spiritCreate,spirit_of_the_plains2
game/scripts/vscripts/heroes/Wanderer/spirit.lua,23,23,spiritCreate,spirit_of_the_plains3
game/scripts/vscripts/heroes/Wanderer/wanderer_ghosts.lua,17,17,wanderer_ghosts:OnSpellStart,ghost_2
game/scripts/vscripts/heroes/Wanderer/wanderer_ghosts.lua,17,17,wanderer_ghosts:OnSpellStart,ghost_3
game/scripts/vscripts/heroes/Wanderer/wanderer_ghosts.lua,17,17,wanderer_ghosts:OnSpellStart,ghost_4
game/scripts/vscripts/heroes/Wanderer/wanderer_ghosts.lua,19,19,wanderer_ghosts:OnSpellStart,ghost_1
game/scripts/vscripts/heroes/Wanderer/wanderer_ghosts.lua,19,19,wanderer_ghosts:OnSpellStart,ghost_2
game/scripts/vscripts/heroes/Wanderer/wanderer_ghosts.lua,19,19,wanderer_ghosts:OnSpellStart,ghost_3
game/scripts/vscripts/heroes/Warlock/firestorm.lua,10,10,RainOfFireStart,dummy_unit_vulnerable
game/scripts/vscripts/items/Boar.lua,11,11,SpawnBoar,npc_lia_boar
game/scripts/vscripts/items/BookOfTheDeath.lua,11,11,SpawnSkeletons,book_of_the_dead_skeleton_melee
game/scripts/vscripts/items/BookOfTheDeath.lua,15,15,SpawnSkeletons,book_of_the_dead_skeleton_melee
game/scripts/vscripts/items/BookOfTheDeath.lua,21,21,SpawnSkeletons,book_of_the_dead_skeleton_melee_ranged
game/scripts/vscripts/items/BookOfTheDeath.lua,25,25,SpawnSkeletons,book_of_the_dead_skeleton_melee_ranged
game/scripts/vscripts/items/cleave_axes.lua,6,6,OnEquipHugeAxe/anonymous@2,item_lia_huge_axe
game/scripts/vscripts/items/cleave_axes.lua,19,19,OnEquipBloodMoon/anonymous@15,item_lia_blood_moon
game/scripts/vscripts/items/cleave_axes.lua,35,35,OnUnequip,item_lia_huge_axe
game/scripts/vscripts/items/Crusher.lua,66,66,ChainLightning/anonymous@54,dummy_unit
game/scripts/vscripts/items/HealingWard.lua,4,4,SpawnWard,npc_dummy_blank
game/scripts/vscripts/items/HealingWard.lua,6,6,SpawnWard,item_lia_healing_ward_unit
game/scripts/vscripts/items/HellMask.lua,11,11,SpawnHellBeast,hell_beast
game/scripts/vscripts/items/item_lia_alanith_spear.lua,44,44,modifier_item_lia_alanith_spear:OnOrbImpact,vampire_lifesteal
game/scripts/vscripts/items/item_lia_blood_blade.lua,85,85,modifier_item_lia_blood_blade:OnOrbImpact,vampire_lifesteal
game/scripts/vscripts/items/item_lia_boots_of_invisibility.lua,18,18,item_lia_boots_of_invisibility:OnSpellStart,item_lia_widow_boots
game/scripts/vscripts/items/item_lia_healing_ward.lua,6,6,item_lia_healing_ward:OnSpellStart,npc_dummy_blank
game/scripts/vscripts/items/item_lia_healing_ward.lua,8,8,item_lia_healing_ward:OnSpellStart,item_lia_healing_ward_unit
game/scripts/vscripts/items/item_lia_knight_cuirass.lua,107,107,modifier_item_lia_knight_cuirass:OnCreated/anonymous@106,item_lia_knight_shield
game/scripts/vscripts/items/item_lia_knight_cuirass.lua,108,108,modifier_item_lia_knight_cuirass:OnCreated/anonymous@106,item_lia_knight_cuirass
game/scripts/vscripts/items/item_lia_knight_shield.lua,94,94,modifier_item_lia_knight_shield:OnCreated/anonymous@93,item_lia_knight_shield
game/scripts/vscripts/items/item_lia_knight_shield.lua,95,95,modifier_item_lia_knight_shield:OnCreated/anonymous@93,item_lia_knight_cuirass
game/scripts/vscripts/items/item_lia_mask_of_death.lua,38,38,modifier_item_lia_mask_of_death:OnOrbImpact,vampire_lifesteal
game/scripts/vscripts/items/item_lia_spherical_staff.lua,49,49,item_ultimate_scepter:OnSpellStart/anonymous@29,spherical_staff_fire_golem
game/scripts/vscripts/items/item_lia_top_lover.lua,33,33,modifier_item_lia_top_lover:OnCreated/anonymous@32,item_lia_knight_shield
game/scripts/vscripts/items/item_lia_top_lover.lua,34,34,modifier_item_lia_top_lover:OnCreated/anonymous@32,item_lia_knight_cuirass
game/scripts/vscripts/items/item_lia_widow_boots.lua,21,21,item_lia_widow_boots:OnSpellStart,item_lia_boots_of_invisibility
game/scripts/vscripts/items/LightningSpear.lua,53,53,ChainLightning/anonymous@41,dummy_unit
game/scripts/vscripts/items/modifier_spellbreaker.lua,57,57,modifier_spellbreaker:OnIntervalThink,item_lia_spellbreaker
game/scripts/vscripts/items/modifier_spellbreaker.lua,57,57,modifier_spellbreaker:OnIntervalThink,item_lia_staff_of_power
game/scripts/vscripts/items/modifier_spellbreaker.lua,57,57,modifier_spellbreaker:OnIntervalThink,item_lia_amulet_of_spell_shield
game/scripts/vscripts/items/modifier_spellbreaker.lua,85,85,modifier_spellbreaker:OnDestroy,item_lia_spellbreaker
game/scripts/vscripts/items/modifier_spellbreaker.lua,86,86,modifier_spellbreaker:OnDestroy,item_lia_staff_of_power
game/scripts/vscripts/items/modifier_spellbreaker.lua,87,87,modifier_spellbreaker:OnDestroy,item_lia_amulet_of_spell_shield
game/scripts/vscripts/items/onlyone.lua,2,2,KnightCuirassShield,item_lia_knight_cuirass
game/scripts/vscripts/items/onlyone.lua,2,2,KnightCuirassShield,item_lia_knight_shield
game/scripts/vscripts/items/onlyone.lua,13,13,DivineArmor,item_lia_divine_armor
game/scripts/vscripts/items/runes.lua,39,39,_G.RuneOfProtection,item_lia_rune_of_protection
game/scripts/vscripts/items/runes.lua,66,66,<file>,item_lia_health_stone_potion
game/scripts/vscripts/items/runes.lua,67,67,<file>,item_lia_mana_stone_potion
game/scripts/vscripts/items/runes.lua,68,68,<file>,item_lia_health_elixir
game/scripts/vscripts/items/runes.lua,69,69,<file>,item_lia_mana_elixir
game/scripts/vscripts/items/runes.lua,70,70,<file>,item_lia_healing_ward
game/scripts/vscripts/items/runes.lua,71,71,<file>,item_lia_dust_of_appearance
game/scripts/vscripts/items/runes.lua,72,72,<file>,item_lia_anti_magic_potion
game/scripts/vscripts/items/runes.lua,73,73,<file>,item_lia_potion_of_invulnerability
game/scripts/vscripts/items/runes.lua,74,74,<file>,item_lia_potion_of_invisibility
game/scripts/vscripts/items/runes.lua,75,75,<file>,item_lia_scroll_of_restoration
game/scripts/vscripts/items/runes.lua,76,76,<file>,item_lia_scroll_of_secret_knowledge
game/scripts/vscripts/items/runes.lua,77,77,<file>,item_lia_book_of_the_dead
game/scripts/vscripts/items/runes.lua,78,78,<file>,item_lia_boar
game/scripts/vscripts/items/runes.lua,79,79,<file>,item_lia_troll_defender
game/scripts/vscripts/items/runes.lua,80,80,<file>,item_lia_troll_healer
game/scripts/vscripts/items/runes.lua,81,81,<file>,item_lia_demonic_figurine
game/scripts/vscripts/items/ScepterOfPower.lua,35,35,modifier_item_lia_amulet_of_spell_shield_on_destroy,item_lia_spellbreaker
game/scripts/vscripts/items/ScepterOfPower.lua,35,35,modifier_item_lia_amulet_of_spell_shield_on_destroy,item_lia_staff_of_power
game/scripts/vscripts/items/ScepterOfPower.lua,35,35,modifier_item_lia_amulet_of_spell_shield_on_destroy,item_lia_amulet_of_spell_shield
game/scripts/vscripts/items/ScepterOfPower.lua,57,57,modifier_item_lia_amulet_of_spell_shield_on_interval_think,item_lia_staff_of_power
game/scripts/vscripts/items/ScepterOfPower.lua,57,57,modifier_item_lia_amulet_of_spell_shield_on_interval_think,item_lia_amulet_of_spell_shield
game/scripts/vscripts/items/ScepterOfPower.lua,73,73,modifier_item_lia_amulet_of_spell_shield_on_interval_think,item_lia_spellbreaker
game/scripts/vscripts/items/ScepterOfPower.lua,73,73,modifier_item_lia_amulet_of_spell_shield_on_interval_think,item_lia_staff_of_power
game/scripts/vscripts/items/ScepterOfPower.lua,73,73,modifier_item_lia_amulet_of_spell_shield_on_interval_think,item_lia_amulet_of_spell_shield
game/scripts/vscripts/items/SpellShield.lua,35,35,modifier_item_lia_amulet_of_spell_shield_on_destroy,item_lia_staff_of_power
game/scripts/vscripts/items/SpellShield.lua,35,35,modifier_item_lia_amulet_of_spell_shield_on_destroy,item_lia_amulet_of_spell_shield
game/scripts/vscripts/items/SpellShield.lua,57,57,modifier_item_lia_amulet_of_spell_shield_on_interval_think,item_lia_spellbreaker
game/scripts/vscripts/items/SpellShield.lua,57,57,modifier_item_lia_amulet_of_spell_shield_on_interval_think,item_lia_staff_of_power
game/scripts/vscripts/items/SpellShield.lua,57,57,modifier_item_lia_amulet_of_spell_shield_on_interval_think,item_lia_amulet_of_spell_shield
game/scripts/vscripts/items/SpellShield.lua,73,73,modifier_item_lia_amulet_of_spell_shield_on_interval_think,item_lia_spellbreaker
game/scripts/vscripts/items/SpellShield.lua,73,73,modifier_item_lia_amulet_of_spell_shield_on_interval_think,item_lia_staff_of_power
game/scripts/vscripts/items/SpellShield.lua,73,73,modifier_item_lia_amulet_of_spell_shield_on_interval_think,item_lia_amulet_of_spell_shield
game/scripts/vscripts/items/StaffOfHelp.lua,53,53,HealingWave/anonymous@41,dummy_unit
game/scripts/vscripts/items/STupgrades.lua,22,22,OnEquip,npc_dota_hero_chen
game/scripts/vscripts/items/STupgrades.lua,25,25,OnEquip,paladin_blizzard
game/scripts/vscripts/items/STupgrades.lua,33,33,OnEquip,paladin_grace
game/scripts/vscripts/items/STupgrades.lua,43,43,OnEquip,npc_dota_hero_pugna
game/scripts/vscripts/items/STupgrades.lua,46,46,OnEquip,skeleton_mage_light_magic
game/scripts/vscripts/items/STupgrades.lua,54,54,OnEquip,skeleton_mage_dark_magic
game/scripts/vscripts/items/STupgrades.lua,63,63,OnEquip,npc_dota_hero_warlock
game/scripts/vscripts/items/STupgrades.lua,66,66,OnEquip,earth_lord_earth_burn
game/scripts/vscripts/items/STupgrades.lua,74,74,OnEquip,earth_lord_split_earth
game/scripts/vscripts/items/STupgrades.lua,83,83,OnEquip,npc_dota_hero_lich
game/scripts/vscripts/items/STupgrades.lua,86,86,OnEquip,frost_lord_frost_breath
game/scripts/vscripts/items/STupgrades.lua,94,94,OnEquip,frost_lord_ice
game/scripts/vscripts/items/STupgrades.lua,103,103,OnEquip,npc_dota_hero_spirit_breaker
game/scripts/vscripts/items/STupgrades.lua,106,106,OnEquip,time_lord_death
game/scripts/vscripts/items/STupgrades.lua,114,114,OnEquip,time_lord_timelapse
game/scripts/vscripts/items/STupgrades.lua,123,123,OnEquip,npc_dota_hero_leshrac
game/scripts/vscripts/items/STupgrades.lua,126,126,OnEquip,keeper_of_the_grove_guardian_spirit
game/scripts/vscripts/items/STupgrades.lua,134,134,OnEquip,keeper_of_the_grove_natures_curse
game/scripts/vscripts/items/STupgrades.lua,142,142,OnEquip,npc_dota_hero_mirana
game/scripts/vscripts/items/STupgrades.lua,145,145,OnEquip,ancient_priestess_mana_shield
game/scripts/vscripts/items/STupgrades.lua,153,153,OnEquip,ancient_priestess_ritual_protection
game/scripts/vscripts/items/STupgrades.lua,161,161,OnEquip,npc_dota_hero_disruptor
game/scripts/vscripts/items/STupgrades.lua,164,164,OnEquip,lord_of_lightning_lightning_shield
game/scripts/vscripts/items/STupgrades.lua,172,172,OnEquip,lord_of_lightning_chain_lightning
game/scripts/vscripts/items/STupgrades.lua,182,182,OnEquip,npc_dota_hero_invoker
game/scripts/vscripts/items/STupgrades.lua,185,185,OnEquip,firelord_flame_strike
game/scripts/vscripts/items/STupgrades.lua,193,193,OnEquip,firelord_fire_serpent
game/scripts/vscripts/items/STupgrades.lua,202,202,OnEquip,npc_dota_hero_abyssal_underlord
game/scripts/vscripts/items/STupgrades.lua,205,205,OnEquip,necromancer_stabbing_death
game/scripts/vscripts/items/STupgrades.lua,222,222,OnEquip,npc_dota_hero_keeper_of_the_light
game/scripts/vscripts/items/STupgrades.lua,225,225,OnEquip,archmage_shooting_star
game/scripts/vscripts/items/STupgrades.lua,233,233,OnEquip,archmage_anomaly
game/scripts/vscripts/items/STupgrades.lua,242,242,OnEquip,npc_dota_hero_shadow_demon
game/scripts/vscripts/items/STupgrades.lua,245,245,OnEquip,demonologist_demonic_seal
game/scripts/vscripts/items/STupgrades.lua,253,253,OnEquip,demonologist_ritual_of_summoning
game/scripts/vscripts/items/STupgrades.lua,308,308,OnUnequip,npc_dota_hero_bane
game/scripts/vscripts/items/STupgrades.lua,312,312,OnUnequip,hermit_frost_arrows
game/scripts/vscripts/items/STupgrades.lua,321,321,OnUnequip,npc_dota_hero_chen
game/scripts/vscripts/items/STupgrades.lua,325,325,OnUnequip,paladin_blizzard
game/scripts/vscripts/items/STupgrades.lua,333,333,OnUnequip,paladin_grace
game/scripts/vscripts/items/STupgrades.lua,342,342,OnUnequip,npc_dota_hero_pugna
game/scripts/vscripts/items/STupgrades.lua,346,346,OnUnequip,skeleton_mage_light_magic
game/scripts/vscripts/items/STupgrades.lua,354,354,OnUnequip,skeleton_mage_dark_magic
game/scripts/vscripts/items/STupgrades.lua,362,362,OnUnequip,npc_dota_hero_warlock
game/scripts/vscripts/items/STupgrades.lua,366,366,OnUnequip,earth_lord_earth_burn
game/scripts/vscripts/items/STupgrades.lua,374,374,OnUnequip,earth_lord_split_earth
game/scripts/vscripts/items/STupgrades.lua,382,382,OnUnequip,npc_dota_hero_lich
game/scripts/vscripts/items/STupgrades.lua,386,386,OnUnequip,frost_lord_frost_breath
game/scripts/vscripts/items/STupgrades.lua,394,394,OnUnequip,frost_lord_ice
game/scripts/vscripts/items/STupgrades.lua,402,402,OnUnequip,npc_dota_hero_spirit_breaker
game/scripts/vscripts/items/STupgrades.lua,406,406,OnUnequip,time_lord_death
game/scripts/vscripts/items/STupgrades.lua,414,414,OnUnequip,time_lord_timelapse
game/scripts/vscripts/items/STupgrades.lua,423,423,OnUnequip,npc_dota_hero_leshrac
game/scripts/vscripts/items/STupgrades.lua,427,427,OnUnequip,keeper_of_the_grove_guardian_spirit
game/scripts/vscripts/items/STupgrades.lua,435,435,OnUnequip,keeper_of_the_grove_natures_curse
game/scripts/vscripts/items/STupgrades.lua,443,443,OnUnequip,npc_dota_hero_mirana
game/scripts/vscripts/items/STupgrades.lua,447,447,OnUnequip,ancient_priestess_mana_shield
game/scripts/vscripts/items/STupgrades.lua,455,455,OnUnequip,ancient_priestess_ritual_protection
game/scripts/vscripts/items/STupgrades.lua,463,463,OnUnequip,npc_dota_hero_disruptor
game/scripts/vscripts/items/STupgrades.lua,467,467,OnUnequip,lord_of_lightning_lightning_shield
game/scripts/vscripts/items/STupgrades.lua,475,475,OnUnequip,lord_of_lightning_chain_lightning
game/scripts/vscripts/items/STupgrades.lua,483,483,OnUnequip,npc_dota_hero_invoker
game/scripts/vscripts/items/STupgrades.lua,487,487,OnUnequip,firelord_flame_strike
game/scripts/vscripts/items/STupgrades.lua,495,495,OnUnequip,firelord_fire_serpent
game/scripts/vscripts/items/STupgrades.lua,503,503,OnUnequip,npc_dota_hero_abyssal_underlord
game/scripts/vscripts/items/STupgrades.lua,507,507,OnUnequip,necromancer_stabbing_death
game/scripts/vscripts/items/STupgrades.lua,523,523,OnUnequip,npc_dota_hero_keeper_of_the_light
game/scripts/vscripts/items/STupgrades.lua,527,527,OnUnequip,archmage_shooting_star
game/scripts/vscripts/items/STupgrades.lua,535,535,OnUnequip,archmage_anomaly
game/scripts/vscripts/items/STupgrades.lua,543,543,OnUnequip,npc_dota_hero_shadow_demon
game/scripts/vscripts/items/STupgrades.lua,547,547,OnUnequip,demonologist_demonic_seal
game/scripts/vscripts/items/STupgrades.lua,555,555,OnUnequip,demonologist_ritual_of_summoning
game/scripts/vscripts/items/TrollDefender.lua,11,11,SpawnTroll,npc_lia_troll_defender
game/scripts/vscripts/items/TrollHealer.lua,11,11,SpawnTroll,npc_lia_troll_healer
game/scripts/vscripts/LiA_GameMode.lua,243,243,LiA:OnNPCSpawned,npc_dota_hero_wisp
game/scripts/vscripts/physics.lua,1657,1657,Physics:PhysicsTestCommand,npc_dummy_blank
game/scripts/vscripts/physics.lua,1692,1692,Physics:PhysicsTestCommand,npc_dummy_blank
game/scripts/vscripts/survival/duels.lua,25,25,Survival:StartDuels/anonymous@19,time_lord_wisdom_flow
game/scripts/vscripts/survival/duels.lua,88,88,Survival:Duel/anonymous@78,item_lia_rune_of_protection
game/scripts/vscripts/survival/duels.lua,93,93,Survival:Duel/anonymous@78,item_lia_rune_of_protection
game/scripts/vscripts/survival/duels.lua,246,246,Survival:EndDuel,item_lia_fire_gloves
game/scripts/vscripts/survival/duels.lua,246,246,Survival:EndDuel,item_lia_fire_gloves_2
game/scripts/vscripts/survival/duels.lua,257,257,Survival:EndDuel,item_lia_fire_gloves
game/scripts/vscripts/survival/duels.lua,257,257,Survival:EndDuel,item_lia_fire_gloves_2
game/scripts/vscripts/survival/duels.lua,306,306,Survival:EndDuels/anonymous@296,time_lord_wisdom_flow
game/scripts/vscripts/survival/events.lua,8,8,Survival:OnNPCSpawned/anonymous@6,item_enchanted_mango
game/scripts/vscripts/survival/events.lua,8,8,Survival:OnNPCSpawned/anonymous@6,item_tpscroll
game/scripts/vscripts/survival/events.lua,182,182,Survival:OnEntityKilled/anonymous@179,dummy_unit
game/scripts/vscripts/survival/events.lua,393,393,Survival:OnPlayerChat,1_wave_creep
game/scripts/vscripts/survival/finalBoss.lua,10,10,Survival:FinalBoss_StartSecondStage/anonymous@8,orn_mutant_boss
game/scripts/vscripts/survival/survival.lua,121,121,Survival:InitSurvival,item_lia_healing_ward
game/scripts/vscripts/survival/survival.lua,210,210,Survival:OrderFilter,item_lia_knight_shield
game/scripts/vscripts/survival/survival.lua,210,210,Survival:OrderFilter,item_lia_knight_cuirass
game/scripts/vscripts/survival/survival.lua,212,212,Survival:OrderFilter,item_lia_knight_shield
game/scripts/vscripts/survival/survival.lua,212,212,Survival:OrderFilter,item_lia_knight_cuirass
game/scripts/vscripts/survival/survival.lua,231,231,Survival:OrderFilter,item_lia_rune_of_healing
game/scripts/vscripts/survival/survival.lua,231,231,Survival:OrderFilter,item_lia_rune_of_mana
game/scripts/vscripts/survival/survival.lua,231,231,Survival:OrderFilter,item_lia_rune_of_restoration
game/scripts/vscripts/survival/survival.lua,231,231,Survival:OrderFilter,item_lia_rune_of_speed
game/scripts/vscripts/survival/survival.lua,231,231,Survival:OrderFilter,item_lia_rune_of_lifesteal
game/scripts/vscripts/survival/survival.lua,231,231,Survival:OrderFilter,item_lia_rune_of_protection
game/scripts/vscripts/survival/survival.lua,264,264,Survival:ItemAddFilter,item_lia_knight_shield
game/scripts/vscripts/survival/survival.lua,264,264,Survival:ItemAddFilter,item_lia_knight_cuirass
game/scripts/vscripts/survival/survival.lua,265,265,Survival:ItemAddFilter,item_lia_knight_shield
game/scripts/vscripts/survival/survival.lua,265,265,Survival:ItemAddFilter,item_lia_knight_cuirass
game/scripts/vscripts/survival/survival.lua,318,318,Survival:onThink,npc_dota_hero_nyx_assassin
game/scripts/vscripts/survival/survival.lua,406,406,Survival:EndRound/anonymous@402,item_lia_rune_of_protection
game/scripts/vscripts/survival/survival.lua,524,524,Survival:_SpawnMegaboss,orn_megaboss
game/scripts/vscripts/survival/survival.lua,720,720,HeroToPedestal,item_lia_fire_gloves
game/scripts/vscripts/survival/survival.lua,720,720,HeroToPedestal,item_lia_fire_gloves_2
game/scripts/vscripts/survival/utils.lua,134,134,<file>,android_clockwerk_goblin1
game/scripts/vscripts/survival/utils.lua,135,135,<file>,android_clockwerk_goblin2
game/scripts/vscripts/survival/utils.lua,136,136,<file>,android_clockwerk_goblin3
game/scripts/vscripts/survival/utils.lua,138,138,<file>,phoenix_bm
game/scripts/vscripts/survival/utils.lua,139,139,<file>,phoenix_egg_bm
game/scripts/vscripts/survival/utils.lua,141,141,<file>,firelord_lava_spawn1
game/scripts/vscripts/survival/utils.lua,142,142,<file>,firelord_lava_spawn2
game/scripts/vscripts/survival/utils.lua,143,143,<file>,firelord_lava_spawn3
game/scripts/vscripts/survival/utils.lua,145,145,<file>,npc_serpent_ward_1
game/scripts/vscripts/survival/utils.lua,146,146,<file>,npc_serpent_ward_2
game/scripts/vscripts/survival/utils.lua,147,147,<file>,npc_serpent_ward_3
game/scripts/vscripts/survival/utils.lua,148,148,<file>,npc_serpent_ward_4
game/scripts/vscripts/survival/utils.lua,150,150,<file>,npc_water_elemental_1
game/scripts/vscripts/survival/utils.lua,151,151,<file>,npc_water_elemental_2
game/scripts/vscripts/survival/utils.lua,152,152,<file>,npc_water_elemental_3
game/scripts/vscripts/survival/utils.lua,153,153,<file>,npc_water_elemental_4
game/scripts/vscripts/survival/utils.lua,155,155,<file>,item_lia_healing_ward_unit
game/scripts/vscripts/survival/utils.lua,157,157,<file>,keeper_of_the_grove_treant_1
game/scripts/vscripts/survival/utils.lua,158,158,<file>,keeper_of_the_grove_treant_2
game/scripts/vscripts/survival/utils.lua,159,159,<file>,keeper_of_the_grove_treant_3
game/scripts/vscripts/survival/utils.lua,160,160,<file>,keeper_of_the_grove_young_treant
game/scripts/vscripts/survival/utils.lua,162,162,<file>,necromancer_skeleton1
game/scripts/vscripts/survival/utils.lua,163,163,<file>,necromancer_skeleton2
game/scripts/vscripts/survival/utils.lua,164,164,<file>,necromancer_skeleton3
game/scripts/vscripts/survival/utils.lua,165,165,<file>,necromancer_skeleton4
game/scripts/vscripts/survival/utils.lua,167,167,<file>,book_of_the_dead_skeleton_melee
game/scripts/vscripts/survival/utils.lua,168,168,<file>,book_of_the_dead_skeleton_melee_ranged
game/scripts/vscripts/survival/utils.lua,170,170,<file>,npc_lia_boar
game/scripts/vscripts/survival/utils.lua,172,172,<file>,spherical_staff_fire_golem
game/scripts/vscripts/survival/utils.lua,174,174,<file>,spirit_of_the_plains1
game/scripts/vscripts/survival/utils.lua,175,175,<file>,spirit_of_the_plains2
game/scripts/vscripts/survival/utils.lua,176,176,<file>,spirit_of_the_plains3
game/scripts/vscripts/survival/utils.lua,178,178,<file>,ghost_1
game/scripts/vscripts/survival/utils.lua,179,179,<file>,ghost_2
game/scripts/vscripts/survival/utils.lua,180,180,<file>,ghost_3
game/scripts/vscripts/survival/utils.lua,181,181,<file>,ghost_4
game/scripts/vscripts/survival/utils.lua,183,183,<file>,fire_golem_10_wave
game/scripts/vscripts/survival/utils.lua,185,185,<file>,shadow_master_shadow
game/scripts/vscripts/survival/utils.lua,186,186,<file>,hell_beast
game/scripts/vscripts/survival/utils.lua,200,200,<file>,android_clockwerk_goblin1
game/scripts/vscripts/survival/utils.lua,201,201,<file>,android_clockwerk_goblin2
game/scripts/vscripts/survival/utils.lua,202,202,<file>,android_clockwerk_goblin3
game/scripts/vscripts/survival/utils.lua,204,204,<file>,white_wolf_bm
game/scripts/vscripts/survival/utils.lua,205,205,<file>,jungle_stalker_bm
game/scripts/vscripts/survival/utils.lua,206,206,<file>,phoenix_bm
game/scripts/vscripts/survival/utils.lua,207,207,<file>,phoenix_egg_bm
game/scripts/vscripts/survival/utils.lua,208,208,<file>,bear_bm
game/scripts/vscripts/survival/utils.lua,210,210,<file>,butcher_zombie_1
game/scripts/vscripts/survival/utils.lua,211,211,<file>,butcher_zombie_2
game/scripts/vscripts/survival/utils.lua,212,212,<file>,butcher_zombie_3
game/scripts/vscripts/survival/utils.lua,214,214,<file>,firelord_lava_spawn1
game/scripts/vscripts/survival/utils.lua,215,215,<file>,firelord_lava_spawn2
game/scripts/vscripts/survival/utils.lua,216,216,<file>,firelord_lava_spawn3
game/scripts/vscripts/survival/utils.lua,218,218,<file>,npc_serpent_ward_1
game/scripts/vscripts/survival/utils.lua,219,219,<file>,npc_serpent_ward_2
game/scripts/vscripts/survival/utils.lua,220,220,<file>,npc_serpent_ward_3
game/scripts/vscripts/survival/utils.lua,221,221,<file>,npc_serpent_ward_4
game/scripts/vscripts/survival/utils.lua,223,223,<file>,npc_water_elemental_1
game/scripts/vscripts/survival/utils.lua,224,224,<file>,npc_water_elemental_2
game/scripts/vscripts/survival/utils.lua,225,225,<file>,npc_water_elemental_3
game/scripts/vscripts/survival/utils.lua,226,226,<file>,npc_water_elemental_4
game/scripts/vscripts/survival/utils.lua,228,228,<file>,item_lia_healing_ward_unit
game/scripts/vscripts/survival/utils.lua,230,230,<file>,keeper_of_the_grove_treant_1
game/scripts/vscripts/survival/utils.lua,231,231,<file>,keeper_of_the_grove_treant_2
game/scripts/vscripts/survival/utils.lua,232,232,<file>,keeper_of_the_grove_treant_3
game/scripts/vscripts/survival/utils.lua,233,233,<file>,keeper_of_the_grove_young_treant
game/scripts/vscripts/survival/utils.lua,235,235,<file>,necromancer_skeleton1
game/scripts/vscripts/survival/utils.lua,236,236,<file>,necromancer_skeleton2
game/scripts/vscripts/survival/utils.lua,237,237,<file>,necromancer_skeleton3
game/scripts/vscripts/survival/utils.lua,238,238,<file>,necromancer_skeleton4
game/scripts/vscripts/survival/utils.lua,240,240,<file>,book_of_the_dead_skeleton_melee
game/scripts/vscripts/survival/utils.lua,241,241,<file>,book_of_the_dead_skeleton_melee_ranged
game/scripts/vscripts/survival/utils.lua,242,242,<file>,npc_lia_troll_defender
game/scripts/vscripts/survival/utils.lua,243,243,<file>,npc_lia_troll_healer
game/scripts/vscripts/survival/utils.lua,244,244,<file>,npc_doom_guard_spawn
game/scripts/vscripts/survival/utils.lua,245,245,<file>,npc_lia_boar
game/scripts/vscripts/survival/utils.lua,247,247,<file>,hell_beast
game/scripts/vscripts/survival/utils.lua,253,253,<file>,spherical_staff_fire_golem
game/scripts/vscripts/survival/utils.lua,255,255,<file>,spirit_of_the_plains1
game/scripts/vscripts/survival/utils.lua,256,256,<file>,spirit_of_the_plains2
game/scripts/vscripts/survival/utils.lua,257,257,<file>,spirit_of_the_plains3
game/scripts/vscripts/survival/utils.lua,258,258,<file>,ghost_1
game/scripts/vscripts/survival/utils.lua,259,259,<file>,ghost_2
game/scripts/vscripts/survival/utils.lua,260,260,<file>,ghost_3
game/scripts/vscripts/survival/utils.lua,261,261,<file>,ghost_4
game/scripts/vscripts/survival/utils.lua,263,263,<file>,fire_golem_10_wave
game/scripts/vscripts/survival/utils.lua,265,265,<file>,shadow_master_shadow
game/scripts/vscripts/units/item_lia_healing_ward_unit.lua,7,7,Spawn,healing_ward_ability
game/scripts/vscripts/utils.lua,12,12,ResetAllAbilitiesCooldown,time_lord_wisdom_flow
game/scripts/vscripts/utils.lua,82,82,SetCameraToPosForPlayer,camera_guy
game/scripts/vscripts/utils.lua,226,226,CreateIllusion,pirate_metamorphosis
game/scripts/vscripts/utils.lua,231,231,CreateIllusion,vampire_transformation
game/scripts/vscripts/utils.lua,299,299,CreateIllusion_CustomModifier,pirate_metamorphosis
game/scripts/vscripts/utils.lua,304,304,CreateIllusion_CustomModifier,vampire_transformation
