source,line,end_line,function,kind,target_raw,target,exists_exact_case
game/scripts/vscripts/abilities/barrel_invulnerability.lua,2,2,<file>,LinkLuaModifier,abilities/modifier_barrel_invulnerability,game/scripts/vscripts/abilities/modifier_barrel_invulnerability.lua,True
game/scripts/vscripts/abilities/dummy_passive.lua,2,2,<file>,LinkLuaModifier,abilities/modifiers/modifier_dummy_passive.lua,game/scripts/vscripts/abilities/modifiers/modifier_dummy_passive.lua,True
game/scripts/vscripts/abilities/dummy_passive_nofly.lua,2,2,<file>,LinkLuaModifier,abilities/modifiers/modifier_dummy_passive_nofly.lua,game/scripts/vscripts/abilities/modifiers/modifier_dummy_passive_nofly.lua,True
game/scripts/vscripts/abilities/hell_beast_sleep.lua,3,3,<file>,LinkLuaModifier,abilities/modifier_hell_beast_sleep.lua,game/scripts/vscripts/abilities/modifier_hell_beast_sleep.lua,True
game/scripts/vscripts/abilities/megaboss_10_return.lua,2,2,<file>,LinkLuaModifier,abilities/modifier_megaboss_10_return.lua,game/scripts/vscripts/abilities/modifier_megaboss_10_return.lua,True
game/scripts/vscripts/abilities/megaboss_15_ghoul_purge.lua,3,3,<file>,LinkLuaModifier,abilities/megaboss_15_ghoul_purge.lua,game/scripts/vscripts/abilities/megaboss_15_ghoul_purge.lua,True
game/scripts/vscripts/abilities/megaboss_15_mana_break.lua,2,2,<file>,LinkLuaModifier,abilities/modifiers/modifier_mana_break.lua,game/scripts/vscripts/abilities/modifiers/modifier_mana_break.lua,True
game/scripts/vscripts/abilities/megaboss_5_bash.lua,3,3,<file>,LinkLuaModifier,abilities/megaboss_5_bash.lua,game/scripts/vscripts/abilities/megaboss_5_bash.lua,True
game/scripts/vscripts/abilities/megaboss_5_crit.lua,3,3,<file>,LinkLuaModifier,abilities/megaboss_5_crit.lua,game/scripts/vscripts/abilities/megaboss_5_crit.lua,True
game/scripts/vscripts/abilities/orn_mana_break.lua,2,2,<file>,LinkLuaModifier,abilities/modifiers/modifier_mana_break.lua,game/scripts/vscripts/abilities/modifiers/modifier_mana_break.lua,True
game/scripts/vscripts/abilities/orn_return.lua,2,2,<file>,LinkLuaModifier,abilities/modifier_orn_return.lua,game/scripts/vscripts/abilities/modifier_orn_return.lua,True
game/scripts/vscripts/abilities/Polymorph.lua,1,1,<file>,LinkLuaModifier,abilities/modifier_19_wave_polymorph_lua.lua,game/scripts/vscripts/abilities/modifier_19_wave_polymorph_lua.lua,True
game/scripts/vscripts/abilities/wave_11_cleave.lua,3,3,<file>,LinkLuaModifier,abilities/wave_11_cleave.lua,game/scripts/vscripts/abilities/wave_11_cleave.lua,True
game/scripts/vscripts/abilities/wave_11_mana_break.lua,2,2,<file>,LinkLuaModifier,abilities/modifiers/modifier_mana_break.lua,game/scripts/vscripts/abilities/modifiers/modifier_mana_break.lua,True
game/scripts/vscripts/abilities/wave_11_mana_break_extreme.lua,2,2,<file>,LinkLuaModifier,abilities/modifiers/modifier_mana_break.lua,game/scripts/vscripts/abilities/modifiers/modifier_mana_break.lua,True
game/scripts/vscripts/abilities/wave_11_mana_break_extreme_creeps.lua,2,2,<file>,LinkLuaModifier,abilities/modifiers/modifier_mana_break.lua,game/scripts/vscripts/abilities/modifiers/modifier_mana_break.lua,True
game/scripts/vscripts/abilities/wave_12_bash.lua,3,3,<file>,LinkLuaModifier,abilities/wave_12_bash.lua,game/scripts/vscripts/abilities/wave_12_bash.lua,True
game/scripts/vscripts/abilities/wave_12_crit.lua,3,3,<file>,LinkLuaModifier,abilities/wave_12_crit.lua,game/scripts/vscripts/abilities/wave_12_crit.lua,True
game/scripts/vscripts/abilities/wave_12_crit_extreme.lua,3,3,<file>,LinkLuaModifier,abilities/wave_12_crit_extreme.lua,game/scripts/vscripts/abilities/wave_12_crit_extreme.lua,True
game/scripts/vscripts/abilities/wave_13_command_aura.lua,2,2,<file>,LinkLuaModifier,abilities/modifier_wave_13_command_aura.lua,game/scripts/vscripts/abilities/modifier_wave_13_command_aura.lua,True
game/scripts/vscripts/abilities/wave_13_command_aura.lua,3,3,<file>,LinkLuaModifier,abilities/modifier_wave_13_command_aura,game/scripts/vscripts/abilities/modifier_wave_13_command_aura.lua,True
game/scripts/vscripts/abilities/wave_13_command_aura_extreme.lua,2,2,<file>,LinkLuaModifier,abilities/modifier_wave_13_command_aura.lua,game/scripts/vscripts/abilities/modifier_wave_13_command_aura.lua,True
game/scripts/vscripts/abilities/wave_13_command_aura_extreme.lua,3,3,<file>,LinkLuaModifier,abilities/modifier_wave_13_command_aura,game/scripts/vscripts/abilities/modifier_wave_13_command_aura.lua,True
game/scripts/vscripts/abilities/wave_16_evasion_extreme.lua,3,3,<file>,LinkLuaModifier,abilities/wave_16_evasion_extreme.lua,game/scripts/vscripts/abilities/wave_16_evasion_extreme.lua,True
game/scripts/vscripts/abilities/wave_17_evasion.lua,3,3,<file>,LinkLuaModifier,abilities/wave_17_evasion.lua,game/scripts/vscripts/abilities/wave_17_evasion.lua,True
game/scripts/vscripts/abilities/wave_17_evasion_extreme.lua,3,3,<file>,LinkLuaModifier,abilities/wave_17_evasion_extreme.lua,game/scripts/vscripts/abilities/wave_17_evasion_extreme.lua,True
game/scripts/vscripts/abilities/wave_18_bash.lua,3,3,<file>,LinkLuaModifier,abilities/wave_18_bash.lua,game/scripts/vscripts/abilities/wave_18_bash.lua,True
game/scripts/vscripts/abilities/wave_18_bash_extreme.lua,3,3,<file>,LinkLuaModifier,abilities/wave_18_bash_extreme.lua,game/scripts/vscripts/abilities/wave_18_bash_extreme.lua,True
game/scripts/vscripts/abilities/wave_1_poison.lua,2,2,<file>,LinkLuaModifier,abilities/modifier_wave_1_poison,game/scripts/vscripts/abilities/modifier_wave_1_poison.lua,True
game/scripts/vscripts/abilities/wave_1_poison.lua,3,3,<file>,LinkLuaModifier,abilities/modifier_wave_1_poison,game/scripts/vscripts/abilities/modifier_wave_1_poison.lua,True
game/scripts/vscripts/abilities/wave_1_poison_extreme.lua,2,2,<file>,LinkLuaModifier,abilities/modifier_wave_1_poison,game/scripts/vscripts/abilities/modifier_wave_1_poison.lua,True
game/scripts/vscripts/abilities/wave_1_poison_extreme.lua,3,3,<file>,LinkLuaModifier,abilities/modifier_wave_1_poison,game/scripts/vscripts/abilities/modifier_wave_1_poison.lua,True
game/scripts/vscripts/abilities/wave_2_aura_of_vengeance.lua,3,3,<file>,LinkLuaModifier,abilities/modifier_wave_2_aura_of_vengeance.lua,game/scripts/vscripts/abilities/modifier_wave_2_aura_of_vengeance.lua,True
game/scripts/vscripts/abilities/wave_2_aura_of_vengeance.lua,4,4,<file>,LinkLuaModifier,abilities/modifier_wave_2_aura_of_vengeance_aura.lua,game/scripts/vscripts/abilities/modifier_wave_2_aura_of_vengeance_aura.lua,True
game/scripts/vscripts/abilities/wave_2_aura_of_vengeance_extreme.lua,3,3,<file>,LinkLuaModifier,abilities/modifier_wave_2_aura_of_vengeance.lua,game/scripts/vscripts/abilities/modifier_wave_2_aura_of_vengeance.lua,True
game/scripts/vscripts/abilities/wave_2_aura_of_vengeance_extreme.lua,4,4,<file>,LinkLuaModifier,abilities/modifier_wave_2_aura_of_vengeance_aura.lua,game/scripts/vscripts/abilities/modifier_wave_2_aura_of_vengeance_aura.lua,True
game/scripts/vscripts/abilities/wave_2_centaur_chieftain_aura.lua,2,2,<file>,LinkLuaModifier,abilities/modifier_wave_2_centaur_chieftain_aura.lua,game/scripts/vscripts/abilities/modifier_wave_2_centaur_chieftain_aura.lua,True
game/scripts/vscripts/abilities/wave_2_centaur_chieftain_aura.lua,3,3,<file>,LinkLuaModifier,abilities/modifier_wave_2_centaur_chieftain_aura_effect,game/scripts/vscripts/abilities/modifier_wave_2_centaur_chieftain_aura_effect.lua,True
game/scripts/vscripts/abilities/wave_2_centaur_chieftain_aura_extreme.lua,2,2,<file>,LinkLuaModifier,abilities/modifier_wave_2_centaur_chieftain_aura.lua,game/scripts/vscripts/abilities/modifier_wave_2_centaur_chieftain_aura.lua,True
game/scripts/vscripts/abilities/wave_2_centaur_chieftain_aura_extreme.lua,3,3,<file>,LinkLuaModifier,abilities/modifier_wave_2_centaur_chieftain_aura_effect,game/scripts/vscripts/abilities/modifier_wave_2_centaur_chieftain_aura_effect.lua,True
game/scripts/vscripts/abilities/wave_2_centaurs_revenge.lua,4,4,<file>,LinkLuaModifier,abilities/wave_2_centaurs_revenge.lua,game/scripts/vscripts/abilities/wave_2_centaurs_revenge.lua,True
game/scripts/vscripts/abilities/wave_2_centaurs_revenge_extreme.lua,4,4,<file>,LinkLuaModifier,abilities/wave_2_centaurs_revenge_extreme.lua,game/scripts/vscripts/abilities/wave_2_centaurs_revenge_extreme.lua,True
game/scripts/vscripts/abilities/wave_3_evasion.lua,3,3,<file>,LinkLuaModifier,abilities/wave_3_evasion.lua,game/scripts/vscripts/abilities/wave_3_evasion.lua,True
game/scripts/vscripts/abilities/wave_3_evasion_extreme.lua,3,3,<file>,LinkLuaModifier,abilities/wave_3_evasion_extreme.lua,game/scripts/vscripts/abilities/wave_3_evasion_extreme.lua,True
game/scripts/vscripts/abilities/wave_6_assassin.lua,3,3,<file>,LinkLuaModifier,abilities/wave_6_assassin.lua,game/scripts/vscripts/abilities/wave_6_assassin.lua,True
game/scripts/vscripts/abilities/wave_6_assassin_extreme.lua,3,3,<file>,LinkLuaModifier,abilities/wave_6_assassin_extreme.lua,game/scripts/vscripts/abilities/wave_6_assassin_extreme.lua,True
game/scripts/vscripts/abilities/wave_6_invisibility.lua,3,3,<file>,LinkLuaModifier,abilities/wave_6_invisibility.lua,game/scripts/vscripts/abilities/wave_6_invisibility.lua,True
game/scripts/vscripts/abilities/wave_6_invisibility.lua,4,4,<file>,LinkLuaModifier,abilities/wave_6_invisibility.lua,game/scripts/vscripts/abilities/wave_6_invisibility.lua,True
game/scripts/vscripts/abilities/wave_8_cleave.lua,3,3,<file>,LinkLuaModifier,abilities/wave_8_cleave.lua,game/scripts/vscripts/abilities/wave_8_cleave.lua,True
game/scripts/vscripts/abilities/wave_8_lifesteal_aura.lua,2,2,<file>,LinkLuaModifier,abilities/wave_8_lifesteal_aura.lua,game/scripts/vscripts/abilities/wave_8_lifesteal_aura.lua,True
game/scripts/vscripts/abilities/wave_8_lifesteal_aura.lua,3,3,<file>,LinkLuaModifier,abilities/wave_8_lifesteal_aura.lua,game/scripts/vscripts/abilities/wave_8_lifesteal_aura.lua,True
game/scripts/vscripts/abilities/wave_8_lifesteal_extreme.lua,3,3,<file>,LinkLuaModifier,abilities/wave_8_lifesteal_extreme.lua,game/scripts/vscripts/abilities/wave_8_lifesteal_extreme.lua,True
game/scripts/vscripts/abilities/wave_9_incorporeity.lua,3,3,<file>,LinkLuaModifier,abilities/wave_9_incorporeity.lua,game/scripts/vscripts/abilities/wave_9_incorporeity.lua,True
game/scripts/vscripts/abilities/wave_9_incorporeity_extreme.lua,3,3,<file>,LinkLuaModifier,abilities/wave_9_incorporeity_extreme.lua,game/scripts/vscripts/abilities/wave_9_incorporeity_extreme.lua,True
game/scripts/vscripts/abilities/wave_9_morphallaxis.lua,3,3,<file>,LinkLuaModifier,abilities/wave_9_morphallaxis.lua,game/scripts/vscripts/abilities/wave_9_morphallaxis.lua,True
game/scripts/vscripts/addon_game_mode.lua,1,1,<file>,require,LiA_GameMode,game/scripts/vscripts/LiA_GameMode.lua,True
game/scripts/vscripts/addon_game_mode.lua,2,2,<file>,require,utils,game/scripts/vscripts/utils.lua,True
game/scripts/vscripts/addon_game_mode.lua,3,3,<file>,require,LiA_ForceRound,game/scripts/vscripts/LiA_ForceRound.lua,True
game/scripts/vscripts/addon_game_mode.lua,4,4,<file>,require,survival/AIcreeps,game/scripts/vscripts/survival/AIcreeps.lua,True
game/scripts/vscripts/addon_game_mode.lua,5,5,<file>,require,timers,game/scripts/vscripts/timers.lua,True
game/scripts/vscripts/addon_game_mode.lua,6,6,<file>,require,timerPopup,game/scripts/vscripts/timerPopup.lua,True
game/scripts/vscripts/addon_game_mode.lua,7,7,<file>,require,physics,game/scripts/vscripts/physics.lua,True
game/scripts/vscripts/addon_game_mode.lua,8,8,<file>,require,stats,game/scripts/vscripts/stats.lua,True
game/scripts/vscripts/addon_game_mode.lua,9,9,<file>,require,timeline,game/scripts/vscripts/timeline.lua,True
game/scripts/vscripts/addon_init.lua,1,1,<file>,LinkLuaModifier,modifiers/modifier_orb_controller,game/scripts/vscripts/modifiers/modifier_orb_controller.lua,True
game/scripts/vscripts/addon_init.lua,2,2,<file>,LinkLuaModifier,upgrades.lua,game/scripts/vscripts/upgrades.lua,True
game/scripts/vscripts/addon_init.lua,3,3,<file>,LinkLuaModifier,survival/healer.lua,game/scripts/vscripts/survival/healer.lua,True
game/scripts/vscripts/addon_init.lua,4,4,<file>,LinkLuaModifier,heroes/modifier_attribute_bonus_custom.lua,game/scripts/vscripts/heroes/modifier_attribute_bonus_custom.lua,True
game/scripts/vscripts/AI/11_wave_creeps.lua,2,2,<file>,require,survival/AIcreeps,game/scripts/vscripts/survival/AIcreeps.lua,True
game/scripts/vscripts/AI/11_wave_creeps_extreme.lua,2,2,<file>,require,survival/AIcreeps,game/scripts/vscripts/survival/AIcreeps.lua,True
game/scripts/vscripts/AI/12_wave_bosses.lua,2,2,<file>,require,survival/AIcreeps,game/scripts/vscripts/survival/AIcreeps.lua,True
game/scripts/vscripts/AI/12_wave_bosses_extreme.lua,2,2,<file>,require,survival/AIcreeps,game/scripts/vscripts/survival/AIcreeps.lua,True
game/scripts/vscripts/AI/12_wave_creeps.lua,2,2,<file>,require,survival/AIcreeps,game/scripts/vscripts/survival/AIcreeps.lua,True
game/scripts/vscripts/AI/13_wave_creeps.lua,2,2,<file>,require,survival/AIcreeps,game/scripts/vscripts/survival/AIcreeps.lua,True
game/scripts/vscripts/AI/14_wave_bosses.lua,2,2,<file>,require,survival/AIcreeps,game/scripts/vscripts/survival/AIcreeps.lua,True
game/scripts/vscripts/AI/14_wave_bosses_extreme.lua,2,2,<file>,require,survival/AIcreeps,game/scripts/vscripts/survival/AIcreeps.lua,True
game/scripts/vscripts/AI/14_wave_creeps.lua,2,2,<file>,require,survival/AIcreeps,game/scripts/vscripts/survival/AIcreeps.lua,True
game/scripts/vscripts/AI/14_wave_creeps_extreme.lua,2,2,<file>,require,survival/AIcreeps,game/scripts/vscripts/survival/AIcreeps.lua,True
game/scripts/vscripts/AI/15_megaboss.lua,2,2,<file>,require,survival/AIcreeps,game/scripts/vscripts/survival/AIcreeps.lua,True
game/scripts/vscripts/AI/15_megaboss.lua,3,3,<file>,require,timers,game/scripts/vscripts/timers.lua,True
game/scripts/vscripts/AI/16_wave_bosses.lua,2,2,<file>,require,survival/AIcreeps,game/scripts/vscripts/survival/AIcreeps.lua,True
game/scripts/vscripts/AI/16_wave_bosses_extreme.lua,2,2,<file>,require,survival/AIcreeps,game/scripts/vscripts/survival/AIcreeps.lua,True
game/scripts/vscripts/AI/16_wave_creeps.lua,2,2,<file>,require,survival/AIcreeps,game/scripts/vscripts/survival/AIcreeps.lua,True
game/scripts/vscripts/AI/16_wave_creeps_extreme.lua,2,2,<file>,require,survival/AIcreeps,game/scripts/vscripts/survival/AIcreeps.lua,True
game/scripts/vscripts/AI/17_wave_creeps.lua,2,2,<file>,require,survival/AIcreeps,game/scripts/vscripts/survival/AIcreeps.lua,True
game/scripts/vscripts/AI/17_wave_creeps_extreme.lua,2,2,<file>,require,survival/AIcreeps,game/scripts/vscripts/survival/AIcreeps.lua,True
game/scripts/vscripts/AI/18_wave_creeps.lua,2,2,<file>,require,survival/AIcreeps,game/scripts/vscripts/survival/AIcreeps.lua,True
game/scripts/vscripts/AI/18_wave_creeps_extreme.lua,2,2,<file>,require,survival/AIcreeps,game/scripts/vscripts/survival/AIcreeps.lua,True
game/scripts/vscripts/AI/19_wave_bosses.lua,2,2,<file>,require,survival/AIcreeps,game/scripts/vscripts/survival/AIcreeps.lua,True
game/scripts/vscripts/AI/19_wave_bosses_extreme.lua,2,2,<file>,require,survival/AIcreeps,game/scripts/vscripts/survival/AIcreeps.lua,True
game/scripts/vscripts/AI/19_wave_creeps.lua,2,2,<file>,require,survival/AIcreeps,game/scripts/vscripts/survival/AIcreeps.lua,True
game/scripts/vscripts/AI/19_wave_creeps_extreme.lua,2,2,<file>,require,survival/AIcreeps,game/scripts/vscripts/survival/AIcreeps.lua,True
game/scripts/vscripts/AI/1_wave_bosses.lua,2,2,<file>,require,survival/AIcreeps,game/scripts/vscripts/survival/AIcreeps.lua,True
game/scripts/vscripts/AI/1_wave_bosses_extreme.lua,2,2,<file>,require,survival/AIcreeps,game/scripts/vscripts/survival/AIcreeps.lua,True
game/scripts/vscripts/AI/2_wave_bosses.lua,2,2,<file>,require,survival/AIcreeps,game/scripts/vscripts/survival/AIcreeps.lua,True
game/scripts/vscripts/AI/2_wave_bosses_extreme.lua,2,2,<file>,require,survival/AIcreeps,game/scripts/vscripts/survival/AIcreeps.lua,True
game/scripts/vscripts/AI/3_wave_bosses.lua,2,2,<file>,require,survival/AIcreeps,game/scripts/vscripts/survival/AIcreeps.lua,True
game/scripts/vscripts/AI/3_wave_bosses_extreme.lua,2,2,<file>,require,survival/AIcreeps,game/scripts/vscripts/survival/AIcreeps.lua,True
game/scripts/vscripts/AI/4_wave_bosses.lua,2,2,<file>,require,survival/AIcreeps,game/scripts/vscripts/survival/AIcreeps.lua,True
game/scripts/vscripts/AI/4_wave_bosses_extreme.lua,2,2,<file>,require,survival/AIcreeps,game/scripts/vscripts/survival/AIcreeps.lua,True
game/scripts/vscripts/AI/6_wave_bosses.lua,2,2,<file>,require,survival/AIcreeps,game/scripts/vscripts/survival/AIcreeps.lua,True
game/scripts/vscripts/AI/6_wave_bosses_extreme.lua,2,2,<file>,require,survival/AIcreeps,game/scripts/vscripts/survival/AIcreeps.lua,True
game/scripts/vscripts/AI/6_wave_creeps.lua,2,2,<file>,require,survival/AIcreeps,game/scripts/vscripts/survival/AIcreeps.lua,True
game/scripts/vscripts/AI/7_wave_bosses.lua,2,2,<file>,require,survival/AIcreeps,game/scripts/vscripts/survival/AIcreeps.lua,True
game/scripts/vscripts/AI/7_wave_bosses_extreme.lua,2,2,<file>,require,survival/AIcreeps,game/scripts/vscripts/survival/AIcreeps.lua,True
game/scripts/vscripts/AI/8_wave_bosses.lua,2,2,<file>,require,survival/AIcreeps,game/scripts/vscripts/survival/AIcreeps.lua,True
game/scripts/vscripts/AI/9_wave_bosses.lua,2,2,<file>,require,survival/AIcreeps,game/scripts/vscripts/survival/AIcreeps.lua,True
game/scripts/vscripts/AI/attack_wave_only.lua,2,2,<file>,require,survival/AIcreeps,game/scripts/vscripts/survival/AIcreeps.lua,True
game/scripts/vscripts/AI/orn_mutant_boss_slow.lua,2,2,<file>,require,survival/AIcreeps,game/scripts/vscripts/survival/AIcreeps.lua,True
game/scripts/vscripts/destrSpawn.lua,2,2,<file>,require,timers,game/scripts/vscripts/timers.lua,True
game/scripts/vscripts/heroes/Acron/acron_battle_fevor.lua,2,2,<file>,LinkLuaModifier,heroes/Acron/acron_battle_fevor.lua,game/scripts/vscripts/heroes/Acron/acron_battle_fevor.lua,True
game/scripts/vscripts/heroes/Acron/acron_battle_fevor.lua,3,3,<file>,LinkLuaModifier,heroes/Acron/acron_battle_fevor.lua,game/scripts/vscripts/heroes/Acron/acron_battle_fevor.lua,True
game/scripts/vscripts/heroes/Alchemist/alchemist_side_effect.lua,2,2,<file>,LinkLuaModifier,heroes/Alchemist/modifier_alchemist_side_effect.lua,game/scripts/vscripts/heroes/Alchemist/modifier_alchemist_side_effect.lua,True
game/scripts/vscripts/heroes/Alchemist/alchemist_side_effect.lua,3,3,<file>,LinkLuaModifier,heroes/Alchemist/modifier_alchemist_side_effect_thinker.lua,game/scripts/vscripts/heroes/Alchemist/modifier_alchemist_side_effect_thinker.lua,True
game/scripts/vscripts/heroes/Alchemist/alchemist_side_effect.lua,4,4,<file>,LinkLuaModifier,heroes/Alchemist/modifier_alchemist_side_effect_debuff.lua,game/scripts/vscripts/heroes/Alchemist/modifier_alchemist_side_effect_debuff.lua,True
game/scripts/vscripts/heroes/Alchemist/alchemist_side_effect.lua,5,5,<file>,LinkLuaModifier,heroes/Alchemist/modifier_alchemist_side_effect_burn.lua,game/scripts/vscripts/heroes/Alchemist/modifier_alchemist_side_effect_burn.lua,True
game/scripts/vscripts/heroes/Alchemist/alchemist_swiftness_potion.lua,2,2,<file>,LinkLuaModifier,heroes/Alchemist/modifier_alchemist_swiftness_potion_caster.lua,game/scripts/vscripts/heroes/Alchemist/modifier_alchemist_swiftness_potion_caster.lua,True
game/scripts/vscripts/heroes/Alchemist/alchemist_swiftness_potion.lua,3,3,<file>,LinkLuaModifier,heroes/Alchemist/modifier_alchemist_swiftness_potion_enemy.lua,game/scripts/vscripts/heroes/Alchemist/modifier_alchemist_swiftness_potion_enemy.lua,True
game/scripts/vscripts/heroes/Alchemist/alchemist_swiftness_potion.lua,4,4,<file>,LinkLuaModifier,heroes/Alchemist/modifier_alchemist_swiftness_potion_buff.lua,game/scripts/vscripts/heroes/Alchemist/modifier_alchemist_swiftness_potion_buff.lua,True
game/scripts/vscripts/heroes/Alchemist/alchemist_unity.lua,2,2,<file>,LinkLuaModifier,heroes/Alchemist/modifier_alchemist_unity.lua,game/scripts/vscripts/heroes/Alchemist/modifier_alchemist_unity.lua,True
game/scripts/vscripts/heroes/AncientPriestess/ancient_priestess_mana_shield.lua,2,2,<file>,LinkLuaModifier,heroes/AncientPriestess/modifier_ancient_priestess_mana_shield.lua,game/scripts/vscripts/heroes/AncientPriestess/modifier_ancient_priestess_mana_shield.lua,True
game/scripts/vscripts/heroes/AncientPriestess/ancient_priestess_ritual_protection.lua,2,2,<file>,LinkLuaModifier,heroes/AncientPriestess/modifier_ancient_priestess_ritual_protection.lua,game/scripts/vscripts/heroes/AncientPriestess/modifier_ancient_priestess_ritual_protection.lua,True
game/scripts/vscripts/heroes/AncientPriestess/ancient_priestess_spirit_link.lua,2,2,<file>,LinkLuaModifier,heroes/AncientPriestess/modifier_ancient_priestess_spirit_link.lua,game/scripts/vscripts/heroes/AncientPriestess/modifier_ancient_priestess_spirit_link.lua,True
game/scripts/vscripts/heroes/AncientPriestess/modifier_ancient_priestess_spirit_link.lua,4,4,<file>,require,utils,game/scripts/vscripts/utils.lua,True
game/scripts/vscripts/heroes/Android/android_armor.lua,2,2,<file>,LinkLuaModifier,heroes/Android/modifier_android_armor.lua,game/scripts/vscripts/heroes/Android/modifier_android_armor.lua,True
game/scripts/vscripts/heroes/Android/android_cluster_rockets.lua,3,3,<file>,LinkLuaModifier,heroes/Android/android_cluster_rockets,game/scripts/vscripts/heroes/Android/android_cluster_rockets.lua,True
game/scripts/vscripts/heroes/Araman/araman_armor_of_darkness.lua,2,2,<file>,LinkLuaModifier,heroes/Araman/modifier_araman_armor_of_darkness.lua,game/scripts/vscripts/heroes/Araman/modifier_araman_armor_of_darkness.lua,True
game/scripts/vscripts/heroes/Araman/araman_morale.lua,2,2,<file>,LinkLuaModifier,heroes/Araman/modifier_araman_morale_aura.lua,game/scripts/vscripts/heroes/Araman/modifier_araman_morale_aura.lua,True
game/scripts/vscripts/heroes/Araman/araman_morale.lua,3,3,<file>,LinkLuaModifier,heroes/Araman/modifier_araman_morale_effect.lua,game/scripts/vscripts/heroes/Araman/modifier_araman_morale_effect.lua,True
game/scripts/vscripts/heroes/Araman/araman_power_of_scourge.lua,2,2,<file>,LinkLuaModifier,heroes/Araman/modifier_araman_power_of_scourge.lua,game/scripts/vscripts/heroes/Araman/modifier_araman_power_of_scourge.lua,True
game/scripts/vscripts/heroes/Archmage/archmage_anomaly.lua,2,2,<file>,LinkLuaModifier,heroes/Archmage/modifier_archmage_anomaly_effect.lua,game/scripts/vscripts/heroes/Archmage/modifier_archmage_anomaly_effect.lua,True
game/scripts/vscripts/heroes/Archmage/archmage_anomaly.lua,3,3,<file>,LinkLuaModifier,heroes/Archmage/modifier_archmage_anomaly_thinker.lua,game/scripts/vscripts/heroes/Archmage/modifier_archmage_anomaly_thinker.lua,True
game/scripts/vscripts/heroes/Archmage/archmage_magic_barrier.lua,2,2,<file>,LinkLuaModifier,heroes/Archmage/modifier_archmage_magic_barrier.lua,game/scripts/vscripts/heroes/Archmage/modifier_archmage_magic_barrier.lua,True
game/scripts/vscripts/heroes/Archmage/archmage_shooting_star.lua,2,2,<file>,LinkLuaModifier,heroes/Archmage/modifier_archmage_shooting_star_stacks.lua,game/scripts/vscripts/heroes/Archmage/modifier_archmage_shooting_star_stacks.lua,True
game/scripts/vscripts/heroes/Archmage/archmage_shooting_star_staff.lua,2,2,<file>,LinkLuaModifier,heroes/Archmage/modifier_archmage_shooting_star_stacks.lua,game/scripts/vscripts/heroes/Archmage/modifier_archmage_shooting_star_stacks.lua,True
game/scripts/vscripts/heroes/Archmage/ShootingStar.lua,1,1,<file>,LinkLuaModifier,heroes/Archmage/modifier_archmage_shooting_star_cooldown.lua,,False
game/scripts/vscripts/heroes/Beastmaster/beastmaster_dominate.lua,2,2,<file>,LinkLuaModifier,heroes/Beastmaster/modifier_beastmaster_dominate.lua,game/scripts/vscripts/heroes/Beastmaster/modifier_beastmaster_dominate.lua,True
game/scripts/vscripts/heroes/Beastmaster/beastmaster_help.lua,2,2,<file>,LinkLuaModifier,heroes/Beastmaster/modifier_beastmaster_help.lua,game/scripts/vscripts/heroes/Beastmaster/modifier_beastmaster_help.lua,True
game/scripts/vscripts/heroes/Berserker/berserker_desperation.lua,2,2,<file>,LinkLuaModifier,heroes/Berserker/modifier_berserker_desperation_aura.lua,game/scripts/vscripts/heroes/Berserker/modifier_berserker_desperation_aura.lua,True
game/scripts/vscripts/heroes/Berserker/berserker_desperation.lua,3,3,<file>,LinkLuaModifier,heroes/Berserker/modifier_berserker_desperation_effect.lua,game/scripts/vscripts/heroes/Berserker/modifier_berserker_desperation_effect.lua,True
game/scripts/vscripts/heroes/Berserker/berserker_fire_spear.lua,2,2,<file>,LinkLuaModifier,heroes/Berserker/berserker_fire_spear.lua,game/scripts/vscripts/heroes/Berserker/berserker_fire_spear.lua,True
game/scripts/vscripts/heroes/Berserker/berserker_frenzy_aura.lua,3,3,<file>,LinkLuaModifier,heroes/Berserker/berserker_frenzy_aura.lua,game/scripts/vscripts/heroes/Berserker/berserker_frenzy_aura.lua,True
game/scripts/vscripts/heroes/Berserker/berserker_frenzy_aura.lua,4,4,<file>,LinkLuaModifier,heroes/Berserker/berserker_frenzy_aura.lua,game/scripts/vscripts/heroes/Berserker/berserker_frenzy_aura.lua,True
game/scripts/vscripts/heroes/Berserker/berserker_madness.lua,2,2,<file>,LinkLuaModifier,heroes/Berserker/berserker_madness.lua,game/scripts/vscripts/heroes/Berserker/berserker_madness.lua,True
game/scripts/vscripts/heroes/Brewer/brewmaster_ferocity.lua,2,2,<file>,LinkLuaModifier,heroes/Brewer/modifier_brewmaster_ferocity_lua,game/scripts/vscripts/heroes/Brewer/modifier_brewmaster_ferocity_lua.lua,True
game/scripts/vscripts/heroes/Butcher/butcher_rage.lua,2,2,<file>,LinkLuaModifier,heroes/Butcher/modifier_butcher_rage.lua,game/scripts/vscripts/heroes/Butcher/modifier_butcher_rage.lua,True
game/scripts/vscripts/heroes/Butcher/butcher_skin.lua,2,2,<file>,LinkLuaModifier,heroes/Butcher/modifier_butcher_skin.lua,game/scripts/vscripts/heroes/Butcher/modifier_butcher_skin.lua,True
game/scripts/vscripts/heroes/Butcher/butcher_zombie.lua,2,2,<file>,LinkLuaModifier,heroes/Butcher/modifier_butcher_zombie.lua,game/scripts/vscripts/heroes/Butcher/modifier_butcher_zombie.lua,True
game/scripts/vscripts/heroes/Butcher/butcher_zombie.lua,3,3,<file>,LinkLuaModifier,heroes/Butcher/modifier_butcher_zombie_bonus_stats.lua,game/scripts/vscripts/heroes/Butcher/modifier_butcher_zombie_bonus_stats.lua,True
game/scripts/vscripts/heroes/Butcher/butcher_zombie_bash.lua,3,3,<file>,LinkLuaModifier,heroes/Butcher/butcher_zombie_bash.lua,game/scripts/vscripts/heroes/Butcher/butcher_zombie_bash.lua,True
game/scripts/vscripts/heroes/Butcher/butcher_zombie_new.lua,2,2,<file>,LinkLuaModifier,heroes/Butcher/butcher_zombie_new.lua,game/scripts/vscripts/heroes/Butcher/butcher_zombie_new.lua,True
game/scripts/vscripts/heroes/DarkKnight/dark_knight_dark_energy_zone.lua,2,2,<file>,LinkLuaModifier,heroes/DarkKnight/modifier_dark_knight_dark_energy_zone_effect.lua,game/scripts/vscripts/heroes/DarkKnight/modifier_dark_knight_dark_energy_zone_effect.lua,True
game/scripts/vscripts/heroes/DarkKnight/dark_knight_dark_energy_zone.lua,3,3,<file>,LinkLuaModifier,heroes/DarkKnight/modifier_dark_knight_dark_energy_zone_thinker.lua,game/scripts/vscripts/heroes/DarkKnight/modifier_dark_knight_dark_energy_zone_thinker.lua,True
game/scripts/vscripts/heroes/DarkKnight/dark_knight_incinerate.lua,4,4,<file>,LinkLuaModifier,heroes/DarkKnight/dark_knight_incinerate.lua,game/scripts/vscripts/heroes/DarkKnight/dark_knight_incinerate.lua,True
game/scripts/vscripts/heroes/DarkKnight/dark_knight_incinerate.lua,5,5,<file>,LinkLuaModifier,heroes/DarkKnight/dark_knight_incinerate.lua,game/scripts/vscripts/heroes/DarkKnight/dark_knight_incinerate.lua,True
game/scripts/vscripts/heroes/DarkKnight/dark_knight_speed.lua,2,2,<file>,LinkLuaModifier,heroes/DarkKnight/modifier_dark_knight_speed.lua,game/scripts/vscripts/heroes/DarkKnight/modifier_dark_knight_speed.lua,True
game/scripts/vscripts/heroes/DarkRanger/dark_ranger_black_arrow.lua,4,4,<file>,LinkLuaModifier,heroes/DarkRanger/dark_ranger_black_arrow,game/scripts/vscripts/heroes/DarkRanger/dark_ranger_black_arrow.lua,True
game/scripts/vscripts/heroes/DarkRanger/dark_ranger_black_arrow.lua,5,5,<file>,LinkLuaModifier,heroes/DarkRanger/dark_ranger_black_arrow,game/scripts/vscripts/heroes/DarkRanger/dark_ranger_black_arrow.lua,True
game/scripts/vscripts/heroes/DarkRanger/dark_ranger_spiked_charm.lua,3,3,<file>,LinkLuaModifier,heroes/DarkRanger/modifier_dark_ranger_spiked_charm.lua,game/scripts/vscripts/heroes/DarkRanger/modifier_dark_ranger_spiked_charm.lua,True
game/scripts/vscripts/heroes/DarkRanger/dark_ranger_spiked_charm.lua,4,4,<file>,LinkLuaModifier,heroes/DarkRanger/modifier_dark_ranger_spiked_charm_aura.lua,game/scripts/vscripts/heroes/DarkRanger/modifier_dark_ranger_spiked_charm_aura.lua,True
game/scripts/vscripts/heroes/Demonologist/demonologist_demonic_seal.lua,2,2,<file>,LinkLuaModifier,heroes/Demonologist/modifier_demonologist_demonic_seal_debuff.lua,game/scripts/vscripts/heroes/Demonologist/modifier_demonologist_demonic_seal_debuff.lua,True
game/scripts/vscripts/heroes/Demonologist/demonologist_ritual_of_summoning.lua,2,2,<file>,LinkLuaModifier,heroes/Demonologist/modifier_demonologist_ritual_of_summoning_thinker.lua,game/scripts/vscripts/heroes/Demonologist/modifier_demonologist_ritual_of_summoning_thinker.lua,True
game/scripts/vscripts/heroes/Demonologist/demonologist_ritual_of_summoning.lua,3,3,<file>,LinkLuaModifier,heroes/Demonologist/modifier_demonologist_ritual_of_summoning_creep_debuff.lua,game/scripts/vscripts/heroes/Demonologist/modifier_demonologist_ritual_of_summoning_creep_debuff.lua,True
game/scripts/vscripts/heroes/Demonologist/demonologist_touch_of_darkness.lua,3,3,<file>,LinkLuaModifier,heroes/Demonologist/demonologist_touch_of_darkness.lua,game/scripts/vscripts/heroes/Demonologist/demonologist_touch_of_darkness.lua,True
game/scripts/vscripts/heroes/EarthLord/earth_lord_earth_burn.lua,2,2,<file>,LinkLuaModifier,heroes/EarthLord/modifier_earth_lord_earth_burn_thinker.lua,game/scripts/vscripts/heroes/EarthLord/modifier_earth_lord_earth_burn_thinker.lua,True
game/scripts/vscripts/heroes/EarthLord/earth_lord_split_earth.lua,2,2,<file>,LinkLuaModifier,heroes/EarthLord/modifier_earth_lord_split_earth_thinker.lua,,False
game/scripts/vscripts/heroes/FallenChampion/fallen_champion_absorption.lua,2,2,<file>,LinkLuaModifier,heroes/FallenChampion/modifier_fallen_champion_absorption.lua,game/scripts/vscripts/heroes/FallenChampion/modifier_fallen_champion_absorption.lua,True
game/scripts/vscripts/heroes/FallenChampion/fallen_champion_return.lua,3,3,<file>,LinkLuaModifier,heroes/FallenChampion/modifier_fallen_champion_return.lua,game/scripts/vscripts/heroes/FallenChampion/modifier_fallen_champion_return.lua,True
game/scripts/vscripts/heroes/Firelord/firelord_flame_strike.lua,2,2,<file>,LinkLuaModifier,heroes/Firelord/modifier_firelord_flame_strike_thinker.lua,game/scripts/vscripts/heroes/Firelord/modifier_firelord_flame_strike_thinker.lua,True
game/scripts/vscripts/heroes/Firelord/firelord_flame_strike.lua,3,3,<file>,LinkLuaModifier,heroes/Firelord/modifier_firelord_flame_strike_burn.lua,game/scripts/vscripts/heroes/Firelord/modifier_firelord_flame_strike_burn.lua,True
game/scripts/vscripts/heroes/FrostLord/frost_lord_freezing.lua,2,2,<file>,LinkLuaModifier,heroes/FrostLord/modifier_frost_lord_freezing.lua,game/scripts/vscripts/heroes/FrostLord/modifier_frost_lord_freezing.lua,True
game/scripts/vscripts/heroes/FrostLord/frost_lord_freezing.lua,3,3,<file>,LinkLuaModifier,heroes/FrostLord/modifier_frost_lord_freezing_debuff.lua,game/scripts/vscripts/heroes/FrostLord/modifier_frost_lord_freezing_debuff.lua,True
game/scripts/vscripts/heroes/FrostLord/frost_lord_frost_breath.lua,2,2,<file>,LinkLuaModifier,heroes/FrostLord/modifier_frost_lord_frost_breath_debuff.lua,game/scripts/vscripts/heroes/FrostLord/modifier_frost_lord_frost_breath_debuff.lua,True
game/scripts/vscripts/heroes/FrostLord/frost_lord_ice.lua,2,2,<file>,LinkLuaModifier,heroes/FrostLord/modifier_frost_lord_ice_thinker.lua,game/scripts/vscripts/heroes/FrostLord/modifier_frost_lord_ice_thinker.lua,True
game/scripts/vscripts/heroes/FrostLord/frost_lord_ice.lua,3,3,<file>,LinkLuaModifier,heroes/FrostLord/modifier_frost_lord_ice_debuff.lua,game/scripts/vscripts/heroes/FrostLord/modifier_frost_lord_ice_debuff.lua,True
game/scripts/vscripts/heroes/FurbolgChampion/furbolg_champion_bears_agility.lua,2,2,<file>,LinkLuaModifier,heroes/FurbolgChampion/modifier_furbolg_champion_bears_agility.lua,game/scripts/vscripts/heroes/FurbolgChampion/modifier_furbolg_champion_bears_agility.lua,True
game/scripts/vscripts/heroes/FurbolgChampion/furbolg_champion_sharp_claws.lua,2,2,<file>,LinkLuaModifier,heroes/FurbolgChampion/modifier_furbolg_champion_sharp_claws.lua,game/scripts/vscripts/heroes/FurbolgChampion/modifier_furbolg_champion_sharp_claws.lua,True
game/scripts/vscripts/heroes/FurbolgChampion/furbolg_champion_swelling_rage.lua,2,2,<file>,LinkLuaModifier,heroes/FurbolgChampion/modifier_furbolg_champion_swelling_rage.lua,game/scripts/vscripts/heroes/FurbolgChampion/modifier_furbolg_champion_swelling_rage.lua,True
game/scripts/vscripts/heroes/General/general_furious_strike.lua,2,2,<file>,LinkLuaModifier,heroes/General/modifier_general_furious_strike.lua,game/scripts/vscripts/heroes/General/modifier_general_furious_strike.lua,True
game/scripts/vscripts/heroes/General/general_magic_armor.lua,2,2,<file>,LinkLuaModifier,heroes/General/modifier_general_magic_armor.lua,game/scripts/vscripts/heroes/General/modifier_general_magic_armor.lua,True
game/scripts/vscripts/heroes/Ghoul/ghoul_mortal_strike.lua,2,2,<file>,LinkLuaModifier,heroes/Ghoul/modifier_ghoul_mortal_strike.lua,game/scripts/vscripts/heroes/Ghoul/modifier_ghoul_mortal_strike.lua,True
game/scripts/vscripts/heroes/Ghoul/ghoul_persistence.lua,2,2,<file>,LinkLuaModifier,heroes/Ghoul/modifier_ghoul_persistence,game/scripts/vscripts/heroes/Ghoul/modifier_ghoul_persistence.lua,True
game/scripts/vscripts/heroes/Ghoul/ghoul_persistence.lua,3,3,<file>,LinkLuaModifier,heroes/Ghoul/modifier_ghoul_persistence_effect,game/scripts/vscripts/heroes/Ghoul/modifier_ghoul_persistence_effect.lua,True
game/scripts/vscripts/heroes/Hermit/hermit_astral.lua,3,3,<file>,LinkLuaModifier,heroes/Hermit/hermit_astral.lua,game/scripts/vscripts/heroes/Hermit/hermit_astral.lua,True
game/scripts/vscripts/heroes/Hermit/hermit_frost_arrows.lua,3,3,<file>,LinkLuaModifier,heroes/Hermit/hermit_frost_arrows.lua,game/scripts/vscripts/heroes/Hermit/hermit_frost_arrows.lua,True
game/scripts/vscripts/heroes/Hermit/hermit_frost_arrows.lua,4,4,<file>,LinkLuaModifier,heroes/Hermit/hermit_frost_arrows.lua,game/scripts/vscripts/heroes/Hermit/hermit_frost_arrows.lua,True
game/scripts/vscripts/heroes/Hermit/hermit_storm.lua,2,2,<file>,LinkLuaModifier,heroes/Hermit/modifier_hermit_storm_channel.lua,game/scripts/vscripts/heroes/Hermit/modifier_hermit_storm_channel.lua,True
game/scripts/vscripts/heroes/Highlander/highlander_improved_armor.lua,2,2,<file>,LinkLuaModifier,heroes/Highlander/modifier_highlander_improved_armor.lua,game/scripts/vscripts/heroes/Highlander/modifier_highlander_improved_armor.lua,True
game/scripts/vscripts/heroes/Huntress/huntress_curse_of_elune.lua,2,2,<file>,LinkLuaModifier,heroes/Huntress/modifier_huntress_curse_of_elune.lua,game/scripts/vscripts/heroes/Huntress/modifier_huntress_curse_of_elune.lua,True
game/scripts/vscripts/heroes/Huntress/huntress_moon_glaive.lua,2,2,<file>,LinkLuaModifier,heroes/Huntress/modifier_huntress_moon_glaive.lua,game/scripts/vscripts/heroes/Huntress/modifier_huntress_moon_glaive.lua,True
game/scripts/vscripts/heroes/Huntress/huntress_moon_rite.lua,2,2,<file>,LinkLuaModifier,heroes/Huntress/modifier_huntress_moon_rite.lua,game/scripts/vscripts/heroes/Huntress/modifier_huntress_moon_rite.lua,True
game/scripts/vscripts/heroes/Huntress/huntress_power_of_the_moon.lua,2,2,<file>,LinkLuaModifier,heroes/Huntress/modifier_huntress_power_of_the_moon.lua,game/scripts/vscripts/heroes/Huntress/modifier_huntress_power_of_the_moon.lua,True
game/scripts/vscripts/heroes/KeeperOfTheGrove/keeper_of_the_grove_guardian_spirit.lua,2,2,<file>,LinkLuaModifier,heroes/KeeperOfTheGrove/modifier_guardian_spirit.lua,game/scripts/vscripts/heroes/KeeperOfTheGrove/modifier_guardian_spirit.lua,True
game/scripts/vscripts/heroes/KeeperOfTheGrove/keeper_of_the_grove_natures_curse.lua,2,2,<file>,LinkLuaModifier,heroes/KeeperOfTheGrove/modifier_keeper_of_the_grove_natures_curse_damage.lua,game/scripts/vscripts/heroes/KeeperOfTheGrove/modifier_keeper_of_the_grove_natures_curse_damage.lua,True
game/scripts/vscripts/heroes/KeeperOfTheGrove/keeper_of_the_grove_natures_curse.lua,3,3,<file>,LinkLuaModifier,heroes/KeeperOfTheGrove/modifier_keeper_of_the_grove_natures_curse_disarm.lua,game/scripts/vscripts/heroes/KeeperOfTheGrove/modifier_keeper_of_the_grove_natures_curse_disarm.lua,True
game/scripts/vscripts/heroes/Knight/knight_ancient_shield.lua,2,2,<file>,LinkLuaModifier,heroes/Knight/modifier_knight_ancient_shield.lua,game/scripts/vscripts/heroes/Knight/modifier_knight_ancient_shield.lua,True
game/scripts/vscripts/heroes/Knight/knight_dark_shield.lua,3,3,<file>,LinkLuaModifier,heroes/Knight/modifier_knight_dark_shield.lua,game/scripts/vscripts/heroes/Knight/modifier_knight_dark_shield.lua,True
game/scripts/vscripts/heroes/Kret/kret_lust_for_life.lua,2,2,<file>,LinkLuaModifier,heroes/Kret/modifier_kret_lust_for_life.lua,game/scripts/vscripts/heroes/Kret/modifier_kret_lust_for_life.lua,True
game/scripts/vscripts/heroes/Kret/kret_poisoning.lua,2,2,<file>,LinkLuaModifier,heroes/Kret/modifier_kret_poisoning.lua,game/scripts/vscripts/heroes/Kret/modifier_kret_poisoning.lua,True
game/scripts/vscripts/heroes/LightningLord/holy_wrath.lua,1,1,<file>,LinkLuaModifier,heroes/LightningLord/modifier_lord_of_lightning_holy_wrath_slow.lua,game/scripts/vscripts/heroes/LightningLord/modifier_lord_of_lightning_holy_wrath_slow.lua,True
game/scripts/vscripts/heroes/LightningLord/lord_of_lightning_brain_storm.lua,2,2,<file>,LinkLuaModifier,heroes/LightningLord/modifier_lord_of_lightning_brain_storm_debuff.lua,game/scripts/vscripts/heroes/LightningLord/modifier_lord_of_lightning_brain_storm_debuff.lua,True
game/scripts/vscripts/heroes/LightningLord/lord_of_lightning_brain_storm.lua,3,3,<file>,LinkLuaModifier,heroes/LightningLord/modifier_lord_of_lightning_brain_storm_disarm.lua,game/scripts/vscripts/heroes/LightningLord/modifier_lord_of_lightning_brain_storm_disarm.lua,True
game/scripts/vscripts/heroes/LightningLord/lord_of_lightning_lightning_shield.lua,2,2,<file>,LinkLuaModifier,heroes/LightningLord/modifier_lord_of_lightning_lightning_shield.lua,game/scripts/vscripts/heroes/LightningLord/modifier_lord_of_lightning_lightning_shield.lua,True
game/scripts/vscripts/heroes/Marksman/marksman_dragon_breath.lua,3,3,<file>,LinkLuaModifier,heroes/Marksman/marksman_dragon_breath.lua,game/scripts/vscripts/heroes/Marksman/marksman_dragon_breath.lua,True
game/scripts/vscripts/heroes/Marksman/marksman_explosive_rounds.lua,4,4,<file>,LinkLuaModifier,heroes/Marksman/marksman_explosive_rounds.lua,game/scripts/vscripts/heroes/Marksman/marksman_explosive_rounds.lua,True
game/scripts/vscripts/heroes/Marksman/marksman_explosive_rounds.lua,5,5,<file>,LinkLuaModifier,heroes/Marksman/marksman_explosive_rounds.lua,game/scripts/vscripts/heroes/Marksman/marksman_explosive_rounds.lua,True
game/scripts/vscripts/heroes/Marksman/marksman_marksmans_mastery.lua,3,3,<file>,LinkLuaModifier,heroes/Marksman/marksman_marksmans_mastery.lua,game/scripts/vscripts/heroes/Marksman/marksman_marksmans_mastery.lua,True
game/scripts/vscripts/heroes/Marksman/marksman_ricochet.lua,4,4,<file>,LinkLuaModifier,heroes/Marksman/marksman_ricochet.lua,game/scripts/vscripts/heroes/Marksman/marksman_ricochet.lua,True
game/scripts/vscripts/heroes/Minotaur/minotaur_demonic_power.lua,2,2,<file>,LinkLuaModifier,heroes/Minotaur/modifier_minotaur_demonic_power.lua,game/scripts/vscripts/heroes/Minotaur/modifier_minotaur_demonic_power.lua,True
game/scripts/vscripts/heroes/Minotaur/minotaur_fear.lua,2,2,<file>,LinkLuaModifier,heroes/Minotaur/modifier_minotaur_fear_aura.lua,game/scripts/vscripts/heroes/Minotaur/modifier_minotaur_fear_aura.lua,True
game/scripts/vscripts/heroes/Minotaur/minotaur_fear.lua,3,3,<file>,LinkLuaModifier,heroes/Minotaur/modifier_minotaur_fear_effect.lua,game/scripts/vscripts/heroes/Minotaur/modifier_minotaur_fear_effect.lua,True
game/scripts/vscripts/heroes/Minotaur/minotaur_guardian_spirits.lua,2,2,<file>,LinkLuaModifier,heroes/Minotaur/modifier_minotaur_guardian_spirits.lua,game/scripts/vscripts/heroes/Minotaur/modifier_minotaur_guardian_spirits.lua,True
game/scripts/vscripts/heroes/Minotaur/minotaur_guardian_spirits.lua,3,3,<file>,LinkLuaModifier,heroes/Minotaur/modifier_minotaur_guardian_spirits_status_effect.lua,game/scripts/vscripts/heroes/Minotaur/modifier_minotaur_guardian_spirits_status_effect.lua,True
game/scripts/vscripts/heroes/Minotaur/minotaur_thunder_strike.lua,2,2,<file>,LinkLuaModifier,heroes/Minotaur/modifier_minotaur_thunder_strike.lua,game/scripts/vscripts/heroes/Minotaur/modifier_minotaur_thunder_strike.lua,True
game/scripts/vscripts/heroes/NagaRoyalGuard/naga_royal_guard_persistence.lua,2,2,<file>,LinkLuaModifier,heroes/NagaRoyalGuard/modifier_naga_royal_guard_persistence.lua,game/scripts/vscripts/heroes/NagaRoyalGuard/modifier_naga_royal_guard_persistence.lua,True
game/scripts/vscripts/heroes/NagaSiren/naga_siren_art_of_battle.lua,2,2,<file>,LinkLuaModifier,heroes/NagaSiren/modifier_naga_siren_art_of_battle.lua,game/scripts/vscripts/heroes/NagaSiren/modifier_naga_siren_art_of_battle.lua,True
game/scripts/vscripts/heroes/NagaSiren/naga_siren_fury.lua,3,3,<file>,LinkLuaModifier,heroes/NagaSiren/modifier_naga_siren_fury,game/scripts/vscripts/heroes/NagaSiren/modifier_naga_siren_fury.lua,True
game/scripts/vscripts/heroes/Necromancer/necromancer_reincarnation.lua,2,2,<file>,LinkLuaModifier,heroes/Necromancer/modifier_necromancer_reincarnation.lua,game/scripts/vscripts/heroes/Necromancer/modifier_necromancer_reincarnation.lua,True
game/scripts/vscripts/heroes/Necromancer/necromancer_skel_return.lua,3,3,<file>,LinkLuaModifier,heroes/Necromancer/modifier_necromancer_skel_return.lua,game/scripts/vscripts/heroes/Necromancer/modifier_necromancer_skel_return.lua,True
game/scripts/vscripts/heroes/Necromancer/necromancer_stabbing_death.lua,2,2,<file>,LinkLuaModifier,heroes/Necromancer/modifier_necromancer_stabbing_death_motion.lua,game/scripts/vscripts/heroes/Necromancer/modifier_necromancer_stabbing_death_motion.lua,True
game/scripts/vscripts/heroes/Paladin/paladin_blizzard.lua,2,2,<file>,LinkLuaModifier,heroes/Paladin/modifier_paladin_blizzard_thinker.lua,game/scripts/vscripts/heroes/Paladin/modifier_paladin_blizzard_thinker.lua,True
game/scripts/vscripts/heroes/Paladin/paladin_elect.lua,2,2,<file>,LinkLuaModifier,heroes/Paladin/modifier_paladin_elect_aura.lua,game/scripts/vscripts/heroes/Paladin/modifier_paladin_elect_aura.lua,True
game/scripts/vscripts/heroes/Paladin/paladin_elect.lua,3,3,<file>,LinkLuaModifier,heroes/Paladin/modifier_paladin_elect_effect.lua,game/scripts/vscripts/heroes/Paladin/modifier_paladin_elect_effect.lua,True
game/scripts/vscripts/heroes/Pirate/pirate_evasion.lua,2,2,<file>,LinkLuaModifier,heroes/Pirate/modifier_pirate_evasion.lua,game/scripts/vscripts/heroes/Pirate/modifier_pirate_evasion.lua,True
game/scripts/vscripts/heroes/Pirate/pirate_poisoned_weapon.lua,2,2,<file>,LinkLuaModifier,heroes/Pirate/modifier_pirate_poisoned_weapon.lua,game/scripts/vscripts/heroes/Pirate/modifier_pirate_poisoned_weapon.lua,True
game/scripts/vscripts/heroes/Pirate/pirate_poisoned_weapon.lua,3,3,<file>,LinkLuaModifier,heroes/Pirate/modifier_pirate_poisoned_weapon_debuff.lua,game/scripts/vscripts/heroes/Pirate/modifier_pirate_poisoned_weapon_debuff.lua,True
game/scripts/vscripts/heroes/Ranger/ranger_aimed_shot.lua,3,3,<file>,LinkLuaModifier,heroes/Ranger/ranger_aimed_shot.lua,game/scripts/vscripts/heroes/Ranger/ranger_aimed_shot.lua,True
game/scripts/vscripts/heroes/Ranger/ranger_aimed_shot.lua,4,4,<file>,LinkLuaModifier,heroes/Ranger/ranger_aimed_shot.lua,game/scripts/vscripts/heroes/Ranger/ranger_aimed_shot.lua,True
game/scripts/vscripts/heroes/Ranger/ranger_steel_hail.lua,3,3,<file>,LinkLuaModifier,heroes/Ranger/ranger_steel_hail.lua,game/scripts/vscripts/heroes/Ranger/ranger_steel_hail.lua,True
game/scripts/vscripts/heroes/Ranger/ranger_trap.lua,3,3,<file>,LinkLuaModifier,heroes/Ranger/ranger_trap.lua,game/scripts/vscripts/heroes/Ranger/ranger_trap.lua,True
game/scripts/vscripts/heroes/Ranger/ranger_volley_of_arrows.lua,3,3,<file>,LinkLuaModifier,heroes/Ranger/ranger_volley_of_arrows.lua,game/scripts/vscripts/heroes/Ranger/ranger_volley_of_arrows.lua,True
game/scripts/vscripts/heroes/ShadowMaster/ArtOfShadows.lua,1,1,<file>,require,heroes/ShadowMaster/Shadow,game/scripts/vscripts/heroes/ShadowMaster/Shadow.lua,True
game/scripts/vscripts/heroes/ShadowMaster/PaintBlack.lua,1,1,<file>,require,timers,game/scripts/vscripts/timers.lua,True
game/scripts/vscripts/heroes/ShadowMaster/Shadow.lua,1,1,<file>,LinkLuaModifier,heroes/ShadowMaster/modifier_lia_shadow.lua,game/scripts/vscripts/heroes/ShadowMaster/modifier_lia_shadow.lua,True
game/scripts/vscripts/heroes/ShadowMaster/shadow_master_art_of_shadows.lua,1,1,<file>,require,heroes/ShadowMaster/Shadow,game/scripts/vscripts/heroes/ShadowMaster/Shadow.lua,True
game/scripts/vscripts/heroes/ShadowMaster/shadow_master_art_of_shadows.lua,6,6,<file>,LinkLuaModifier,heroes/ShadowMaster/shadow_master_art_of_shadows.lua,game/scripts/vscripts/heroes/ShadowMaster/shadow_master_art_of_shadows.lua,True
game/scripts/vscripts/heroes/ShadowMaster/shadow_master_art_of_shadows.lua,7,7,<file>,LinkLuaModifier,heroes/ShadowMaster/shadow_master_art_of_shadows.lua,game/scripts/vscripts/heroes/ShadowMaster/shadow_master_art_of_shadows.lua,True
game/scripts/vscripts/heroes/Shaman/shaman_ancient_forces.lua,2,2,<file>,LinkLuaModifier,heroes/Shaman/modifier_shaman_ancient_forces.lua,game/scripts/vscripts/heroes/Shaman/modifier_shaman_ancient_forces.lua,True
game/scripts/vscripts/heroes/Shaman/shaman_resourcefulness.lua,2,2,<file>,LinkLuaModifier,heroes/Shaman/modifier_shaman_resourcefulness.lua,game/scripts/vscripts/heroes/Shaman/modifier_shaman_resourcefulness.lua,True
game/scripts/vscripts/heroes/SkeletonMage/skeleton_mage_dark_magic.lua,2,2,<file>,LinkLuaModifier,heroes/SkeletonMage/modifier_skeleton_mage_dark_magic.lua,game/scripts/vscripts/heroes/SkeletonMage/modifier_skeleton_mage_dark_magic.lua,True
game/scripts/vscripts/heroes/SkeletonMage/skeleton_mage_dark_magic.lua,3,3,<file>,LinkLuaModifier,heroes/SkeletonMage/modifier_skeleton_mage_dark_magic_cooldown.lua,game/scripts/vscripts/heroes/SkeletonMage/modifier_skeleton_mage_dark_magic_cooldown.lua,True
game/scripts/vscripts/heroes/SkeletonMage/skeleton_mage_dark_magic_staff.lua,2,2,<file>,LinkLuaModifier,heroes/SkeletonMage/modifier_skeleton_mage_dark_magic.lua,game/scripts/vscripts/heroes/SkeletonMage/modifier_skeleton_mage_dark_magic.lua,True
game/scripts/vscripts/heroes/SkeletonThief/skeleton_thief_obsession.lua,2,2,<file>,LinkLuaModifier,heroes/SkeletonThief/modifier_skeleton_thief_obsession.lua,game/scripts/vscripts/heroes/SkeletonThief/modifier_skeleton_thief_obsession.lua,True
game/scripts/vscripts/heroes/SkeletonThief/skeleton_thief_shield_of_death.lua,2,2,<file>,LinkLuaModifier,heroes/SkeletonThief/modifier_skeleton_thief_shield_of_death.lua,game/scripts/vscripts/heroes/SkeletonThief/modifier_skeleton_thief_shield_of_death.lua,True
game/scripts/vscripts/heroes/Speedwarden/speedwarden_mad_charge.lua,7,7,<file>,LinkLuaModifier,heroes/Speedwarden/speedwarden_mad_charge.lua,game/scripts/vscripts/heroes/Speedwarden/speedwarden_mad_charge.lua,True
game/scripts/vscripts/heroes/Speedwarden/speedwarden_mad_charge.lua,8,8,<file>,LinkLuaModifier,heroes/Speedwarden/speedwarden_mad_charge.lua,game/scripts/vscripts/heroes/Speedwarden/speedwarden_mad_charge.lua,True
game/scripts/vscripts/heroes/Speedwarden/speedwarden_time_strike.lua,8,8,<file>,LinkLuaModifier,heroes/Speedwarden/speedwarden_time_strike.lua,game/scripts/vscripts/heroes/Speedwarden/speedwarden_time_strike.lua,True
game/scripts/vscripts/heroes/Speedwarden/speedwarden_time_strike.lua,10,10,<file>,LinkLuaModifier,heroes/Speedwarden/speedwarden_time_strike.lua,game/scripts/vscripts/heroes/Speedwarden/speedwarden_time_strike.lua,True
game/scripts/vscripts/heroes/Speedwarden/speedwarden_wardens_swiftness.lua,7,7,<file>,LinkLuaModifier,heroes/Speedwarden/speedwarden_wardens_swiftness.lua,game/scripts/vscripts/heroes/Speedwarden/speedwarden_wardens_swiftness.lua,True
game/scripts/vscripts/heroes/SpiderQueen/spider_queen_infection.lua,2,2,<file>,LinkLuaModifier,heroes/SpiderQueen/modifier_spider_queen_infection.lua,game/scripts/vscripts/heroes/SpiderQueen/modifier_spider_queen_infection.lua,True
game/scripts/vscripts/heroes/SpiderQueen/spider_queen_infection.lua,3,3,<file>,LinkLuaModifier,heroes/SpiderQueen/modifier_spider_queen_infection_debuff.lua,,False
game/scripts/vscripts/heroes/SpiderQueen/spider_queen_killer_instinct.lua,2,2,<file>,LinkLuaModifier,heroes/SpiderQueen/modifier_spider_queen_killer_instinct.lua,game/scripts/vscripts/heroes/SpiderQueen/modifier_spider_queen_killer_instinct.lua,True
game/scripts/vscripts/heroes/SpiderQueen/spider_queen_spider_yarn.lua,2,2,<file>,LinkLuaModifier,heroes/SpiderQueen/modifier_spider_queen_spider_yarn_thinker.lua,game/scripts/vscripts/heroes/SpiderQueen/modifier_spider_queen_spider_yarn_thinker.lua,True
game/scripts/vscripts/heroes/SpiderQueen/spider_queen_spider_yarn.lua,3,3,<file>,LinkLuaModifier,heroes/SpiderQueen/modifier_spider_queen_spider_yarn_debuff.lua,game/scripts/vscripts/heroes/SpiderQueen/modifier_spider_queen_spider_yarn_debuff.lua,True
game/scripts/vscripts/heroes/SpiderQueen/spider_queen_thick_cover.lua,2,2,<file>,LinkLuaModifier,heroes/SpiderQueen/modifier_spider_queen_thick_cover.lua,game/scripts/vscripts/heroes/SpiderQueen/modifier_spider_queen_thick_cover.lua,True
game/scripts/vscripts/heroes/TaurenChampion/tauren_champion_accumulated_rage.lua,2,2,<file>,LinkLuaModifier,heroes/TaurenChampion/modifier_tauren_champion_accumulated_rage.lua,game/scripts/vscripts/heroes/TaurenChampion/modifier_tauren_champion_accumulated_rage.lua,True
game/scripts/vscripts/heroes/TaurenChampion/tauren_champion_accumulated_rage.lua,3,3,<file>,LinkLuaModifier,heroes/TaurenChampion/modifier_tauren_champion_accumulated_rage_block.lua,game/scripts/vscripts/heroes/TaurenChampion/modifier_tauren_champion_accumulated_rage_block.lua,True
game/scripts/vscripts/heroes/TaurenChampion/tauren_champion_accumulated_rage.lua,4,4,<file>,LinkLuaModifier,heroes/TaurenChampion/modifier_tauren_champion_accumulated_rage_damage.lua,game/scripts/vscripts/heroes/TaurenChampion/modifier_tauren_champion_accumulated_rage_damage.lua,True
game/scripts/vscripts/heroes/TaurenChampion/tauren_champion_champions_jump.lua,2,2,<file>,LinkLuaModifier,heroes/TaurenChampion/modifier_tauren_champion_champions_jump.lua,game/scripts/vscripts/heroes/TaurenChampion/modifier_tauren_champion_champions_jump.lua,True
game/scripts/vscripts/heroes/TaurenChampion/tauren_champion_champions_jump.lua,3,3,<file>,LinkLuaModifier,heroes/TaurenChampion/modifier_tauren_champion_champions_jump_phase.lua,game/scripts/vscripts/heroes/TaurenChampion/modifier_tauren_champion_champions_jump_phase.lua,True
game/scripts/vscripts/heroes/TaurenChampion/tauren_champion_crushing_totem.lua,2,2,<file>,LinkLuaModifier,heroes/TaurenChampion/modifier_tauren_champion_crushing_totem.lua,game/scripts/vscripts/heroes/TaurenChampion/modifier_tauren_champion_crushing_totem.lua,True
game/scripts/vscripts/heroes/TaurenChampion/tauren_champion_finish_off.lua,2,2,<file>,LinkLuaModifier,heroes/TaurenChampion/modifier_tauren_champion_finish_off.lua,game/scripts/vscripts/heroes/TaurenChampion/modifier_tauren_champion_finish_off.lua,True
game/scripts/vscripts/heroes/TaurenChampion/tauren_champion_finish_off.lua,3,3,<file>,LinkLuaModifier,heroes/TaurenChampion/modifier_tauren_champion_finish_off_counter.lua,game/scripts/vscripts/heroes/TaurenChampion/modifier_tauren_champion_finish_off_counter.lua,True
game/scripts/vscripts/heroes/TaurenChampion/tauren_champion_finish_off.lua,4,4,<file>,LinkLuaModifier,heroes/TaurenChampion/modifier_tauren_champion_finish_off_animation.lua,game/scripts/vscripts/heroes/TaurenChampion/modifier_tauren_champion_finish_off_animation.lua,True
game/scripts/vscripts/heroes/TimeLord/time_lord_timelapse.lua,2,2,<file>,LinkLuaModifier,heroes/TimeLord/modifier_time_lord_timelapse.lua,game/scripts/vscripts/heroes/TimeLord/modifier_time_lord_timelapse.lua,True
game/scripts/vscripts/heroes/TimeLord/time_lord_timelapse.lua,3,3,<file>,LinkLuaModifier,heroes/TimeLord/modifier_time_lord_timelapse_invul.lua,game/scripts/vscripts/heroes/TimeLord/modifier_time_lord_timelapse_invul.lua,True
game/scripts/vscripts/heroes/Treant/treant_craving_for_nature.lua,2,2,<file>,LinkLuaModifier,heroes/Treant/modifier_treant_craving_for_nature_movement.lua,game/scripts/vscripts/heroes/Treant/modifier_treant_craving_for_nature_movement.lua,True
game/scripts/vscripts/heroes/Treant/treant_sharp_thorns.lua,2,2,<file>,LinkLuaModifier,heroes/Treant/modifier_treant_sharp_thorns_debuff.lua,game/scripts/vscripts/heroes/Treant/modifier_treant_sharp_thorns_debuff.lua,True
game/scripts/vscripts/heroes/Treant/treant_take_root.lua,2,2,<file>,LinkLuaModifier,heroes/Treant/modifier_treant_take_root_root.lua,game/scripts/vscripts/heroes/Treant/modifier_treant_take_root_root.lua,True
game/scripts/vscripts/heroes/Treant/treant_take_root.lua,3,3,<file>,LinkLuaModifier,heroes/Treant/modifier_treant_take_root_self.lua,game/scripts/vscripts/heroes/Treant/modifier_treant_take_root_self.lua,True
game/scripts/vscripts/heroes/TrollCutthroat/MeleeAnimation.lua,1,1,<file>,LinkLuaModifier,heroes/TrollCutthroat/modifier_troll_cutthroat_animation.lua,game/scripts/vscripts/heroes/TrollCutthroat/modifier_troll_cutthroat_animation.lua,True
game/scripts/vscripts/heroes/TrollCutthroat/troll_cutthroat_battle_trance.lua,2,2,<file>,LinkLuaModifier,heroes/TrollCutthroat/modifier_troll_cutthroat_battle_trance.lua,game/scripts/vscripts/heroes/TrollCutthroat/modifier_troll_cutthroat_battle_trance.lua,True
game/scripts/vscripts/heroes/TrollCutthroat/troll_cutthroat_boomeang_axe.lua,2,2,<file>,LinkLuaModifier,heroes/TrollCutthroat/modifier_troll_cutthroat_boomeang_axe_damage.lua,game/scripts/vscripts/heroes/TrollCutthroat/modifier_troll_cutthroat_boomeang_axe_damage.lua,True
game/scripts/vscripts/heroes/TrollCutthroat/troll_cutthroat_boomeang_axe.lua,3,3,<file>,LinkLuaModifier,heroes/TrollCutthroat/modifier_troll_cutthroat_boomeang_axe_disarm.lua,game/scripts/vscripts/heroes/TrollCutthroat/modifier_troll_cutthroat_boomeang_axe_disarm.lua,True
game/scripts/vscripts/heroes/TrollCutthroat/troll_cutthroat_vulnerability.lua,2,2,<file>,LinkLuaModifier,heroes/TrollCutthroat/modifier_troll_cutthroat_vulnerability.lua,game/scripts/vscripts/heroes/TrollCutthroat/modifier_troll_cutthroat_vulnerability.lua,True
game/scripts/vscripts/heroes/TrollCutthroat/troll_cutthroat_vulnerability.lua,3,3,<file>,LinkLuaModifier,heroes/TrollCutthroat/modifier_troll_cutthroat_vulnerability_debuff.lua,game/scripts/vscripts/heroes/TrollCutthroat/modifier_troll_cutthroat_vulnerability_debuff.lua,True
game/scripts/vscripts/heroes/Valkyrie/valkyrie_agility.lua,2,2,<file>,LinkLuaModifier,heroes/Valkyrie/modifier_valkyrie_agility_aura.lua,game/scripts/vscripts/heroes/Valkyrie/modifier_valkyrie_agility_aura.lua,True
game/scripts/vscripts/heroes/Valkyrie/valkyrie_agility.lua,3,3,<file>,LinkLuaModifier,heroes/Valkyrie/modifier_valkyrie_agility_effect.lua,game/scripts/vscripts/heroes/Valkyrie/modifier_valkyrie_agility_effect.lua,True
game/scripts/vscripts/heroes/Valkyrie/valkyrie_rage.lua,2,2,<file>,LinkLuaModifier,heroes/Valkyrie/modifier_valkyrie_rage.lua,game/scripts/vscripts/heroes/Valkyrie/modifier_valkyrie_rage.lua,True
game/scripts/vscripts/heroes/Vampire/Transformation.lua,1,1,<file>,LinkLuaModifier,heroes/Vampire/modifier_vampire_transformation_regen.lua,game/scripts/vscripts/heroes/Vampire/modifier_vampire_transformation_regen.lua,True
game/scripts/vscripts/heroes/Vampire/vampire_lifesteal.lua,2,2,<file>,LinkLuaModifier,heroes/Vampire/modifier_vampire_lifesteal.lua,game/scripts/vscripts/heroes/Vampire/modifier_vampire_lifesteal.lua,True
game/scripts/vscripts/heroes/VowenFromBlood/vowen_from_blood_spiritual_flame.lua,2,2,<file>,LinkLuaModifier,heroes/VowenFromBlood/modifier_vowen_from_blood_spiritual_flame.lua,game/scripts/vscripts/heroes/VowenFromBlood/modifier_vowen_from_blood_spiritual_flame.lua,True
game/scripts/vscripts/heroes/WalkingDead/walking_dead_cemetery_power.lua,2,2,<file>,LinkLuaModifier,heroes/WalkingDead/modifier_walking_dead_cemetery_power.lua,game/scripts/vscripts/heroes/WalkingDead/modifier_walking_dead_cemetery_power.lua,True
game/scripts/vscripts/heroes/WalkingDead/walking_dead_decay.lua,2,2,<file>,LinkLuaModifier,heroes/WalkingDead/modifier_walking_dead_decay_self.lua,game/scripts/vscripts/heroes/WalkingDead/modifier_walking_dead_decay_self.lua,True
game/scripts/vscripts/heroes/WalkingDead/walking_dead_decay.lua,3,3,<file>,LinkLuaModifier,heroes/WalkingDead/modifier_walking_dead_decay_regen.lua,game/scripts/vscripts/heroes/WalkingDead/modifier_walking_dead_decay_regen.lua,True
game/scripts/vscripts/heroes/WalkingDead/walking_dead_decay.lua,4,4,<file>,LinkLuaModifier,heroes/WalkingDead/modifier_walking_dead_decay_debuff.lua,game/scripts/vscripts/heroes/WalkingDead/modifier_walking_dead_decay_debuff.lua,True
game/scripts/vscripts/heroes/WalkingDead/walking_dead_rot_curse.lua,2,2,<file>,LinkLuaModifier,heroes/WalkingDead/modifier_walking_dead_rot_curse_enemy.lua,game/scripts/vscripts/heroes/WalkingDead/modifier_walking_dead_rot_curse_enemy.lua,True
game/scripts/vscripts/heroes/WalkingDead/walking_dead_vitality.lua,2,2,<file>,LinkLuaModifier,heroes/WalkingDead/modifier_walking_dead_vitality.lua,game/scripts/vscripts/heroes/WalkingDead/modifier_walking_dead_vitality.lua,True
game/scripts/vscripts/heroes/WalkingDead/walking_dead_vitality.lua,3,3,<file>,LinkLuaModifier,heroes/WalkingDead/modifier_walking_dead_vitality_regen.lua,game/scripts/vscripts/heroes/WalkingDead/modifier_walking_dead_vitality_regen.lua,True
game/scripts/vscripts/heroes/Wanderer/wanderer_arcane_aura.lua,2,2,<file>,LinkLuaModifier,heroes/Wanderer/modifier_wanderer_arcane_aura.lua,game/scripts/vscripts/heroes/Wanderer/modifier_wanderer_arcane_aura.lua,True
game/scripts/vscripts/heroes/Wanderer/wanderer_arcane_aura.lua,3,3,<file>,LinkLuaModifier,heroes/Wanderer/modifier_wanderer_arcane_aura_effect.lua,game/scripts/vscripts/heroes/Wanderer/modifier_wanderer_arcane_aura_effect.lua,True
game/scripts/vscripts/heroes/Wanderer/wanderer_arcane_aura.lua,4,4,<file>,LinkLuaModifier,heroes/Wanderer/modifier_wanderer_arcane_aura_slow.lua,game/scripts/vscripts/heroes/Wanderer/modifier_wanderer_arcane_aura_slow.lua,True
game/scripts/vscripts/heroes/Wanderer/wanderer_the_flow_of_life.lua,2,2,<file>,LinkLuaModifier,heroes/Wanderer/modifier_flow_of_life.lua,game/scripts/vscripts/heroes/Wanderer/modifier_flow_of_life.lua,True
game/scripts/vscripts/heroes/Warlock/warlock_firestorm.lua,2,2,<file>,LinkLuaModifier,heroes/Warlock/modifier_warlock_firestorm_burn.lua,game/scripts/vscripts/heroes/Warlock/modifier_warlock_firestorm_burn.lua,True
game/scripts/vscripts/heroes/Warlock/warlock_firestorm.lua,3,3,<file>,LinkLuaModifier,heroes/Warlock/modifier_warlock_firestorm_channel.lua,game/scripts/vscripts/heroes/Warlock/modifier_warlock_firestorm_channel.lua,True
game/scripts/vscripts/heroes/WarriorOfLight/warrior_of_light_holy_power.lua,2,2,<file>,LinkLuaModifier,heroes/WarriorOfLight/modifier_warrior_of_light_holy_power.lua,game/scripts/vscripts/heroes/WarriorOfLight/modifier_warrior_of_light_holy_power.lua,True
game/scripts/vscripts/heroes/WarriorOfLight/warrior_of_light_will_light.lua,2,2,<file>,LinkLuaModifier,heroes/WarriorOfLight/modifier_warrior_of_light_will_light.lua,game/scripts/vscripts/heroes/WarriorOfLight/modifier_warrior_of_light_will_light.lua,True
game/scripts/vscripts/heroes/WitchDoctor/witch_doctor_frost_armor.lua,2,2,<file>,LinkLuaModifier,heroes/WitchDoctor/modifier_witch_doctor_frost_armor_buff.lua,game/scripts/vscripts/heroes/WitchDoctor/modifier_witch_doctor_frost_armor_buff.lua,True
game/scripts/vscripts/heroes/WitchDoctor/witch_doctor_frost_armor.lua,3,3,<file>,LinkLuaModifier,heroes/WitchDoctor/modifier_witch_doctor_frost_armor_debuff.lua,game/scripts/vscripts/heroes/WitchDoctor/modifier_witch_doctor_frost_armor_debuff.lua,True
game/scripts/vscripts/items/item_lia_alanith_spear.lua,4,4,<file>,LinkLuaModifier,items/item_lia_alanith_spear,game/scripts/vscripts/items/item_lia_alanith_spear.lua,True
game/scripts/vscripts/items/item_lia_armor_of_the_red_mist.lua,2,2,<file>,LinkLuaModifier,items/modifier_armor_of_the_red_mist.lua,game/scripts/vscripts/items/modifier_armor_of_the_red_mist.lua,True
game/scripts/vscripts/items/item_lia_armor_of_the_red_mist.lua,3,3,<file>,LinkLuaModifier,items/modifier_armor_of_the_red_mist_taunt.lua,game/scripts/vscripts/items/modifier_armor_of_the_red_mist_taunt.lua,True
game/scripts/vscripts/items/item_lia_armor_of_the_red_mist.lua,4,4,<file>,LinkLuaModifier,items/modifier_armor_of_the_red_mist_buff.lua,game/scripts/vscripts/items/modifier_armor_of_the_red_mist_buff.lua,True
game/scripts/vscripts/items/item_lia_banner_of_victory.lua,2,2,<file>,LinkLuaModifier,items/item_lia_banner_of_victory.lua,game/scripts/vscripts/items/item_lia_banner_of_victory.lua,True
game/scripts/vscripts/items/item_lia_banner_of_victory.lua,3,3,<file>,LinkLuaModifier,items/item_lia_banner_of_victory.lua,game/scripts/vscripts/items/item_lia_banner_of_victory.lua,True
game/scripts/vscripts/items/item_lia_battle_javelin.lua,2,2,<file>,LinkLuaModifier,items/item_lia_battle_javelin.lua,game/scripts/vscripts/items/item_lia_battle_javelin.lua,True
game/scripts/vscripts/items/item_lia_battle_javelin.lua,3,3,<file>,LinkLuaModifier,items/item_lia_battle_javelin.lua,game/scripts/vscripts/items/item_lia_battle_javelin.lua,True
game/scripts/vscripts/items/item_lia_blade_of_incorporeality.lua,2,2,<file>,LinkLuaModifier,items/item_lia_blade_of_incorporeality.lua,game/scripts/vscripts/items/item_lia_blade_of_incorporeality.lua,True
game/scripts/vscripts/items/item_lia_blade_of_incorporeality.lua,3,3,<file>,LinkLuaModifier,items/item_lia_blade_of_incorporeality.lua,game/scripts/vscripts/items/item_lia_blade_of_incorporeality.lua,True
game/scripts/vscripts/items/item_lia_blade_of_rage_agi.lua,2,2,<file>,LinkLuaModifier,items/item_lia_blade_of_rage_agi.lua,game/scripts/vscripts/items/item_lia_blade_of_rage_agi.lua,True
game/scripts/vscripts/items/item_lia_blade_of_rage_agi.lua,3,3,<file>,LinkLuaModifier,items/item_lia_blade_of_rage_agi.lua,game/scripts/vscripts/items/item_lia_blade_of_rage_agi.lua,True
game/scripts/vscripts/items/item_lia_blade_of_rage_int.lua,2,2,<file>,LinkLuaModifier,items/item_lia_blade_of_rage_int.lua,game/scripts/vscripts/items/item_lia_blade_of_rage_int.lua,True
game/scripts/vscripts/items/item_lia_blade_of_rage_int.lua,3,3,<file>,LinkLuaModifier,items/item_lia_blade_of_rage_int.lua,game/scripts/vscripts/items/item_lia_blade_of_rage_int.lua,True
game/scripts/vscripts/items/item_lia_blade_of_rage_str.lua,2,2,<file>,LinkLuaModifier,items/item_lia_blade_of_rage_str.lua,game/scripts/vscripts/items/item_lia_blade_of_rage_str.lua,True
game/scripts/vscripts/items/item_lia_blade_of_rage_str.lua,3,3,<file>,LinkLuaModifier,items/item_lia_blade_of_rage_str.lua,game/scripts/vscripts/items/item_lia_blade_of_rage_str.lua,True
game/scripts/vscripts/items/item_lia_blood_blade.lua,4,4,<file>,LinkLuaModifier,items/item_lia_blood_blade,game/scripts/vscripts/items/item_lia_blood_blade.lua,True
game/scripts/vscripts/items/item_lia_blood_moon.lua,2,2,<file>,LinkLuaModifier,items/item_lia_blood_moon.lua,game/scripts/vscripts/items/item_lia_blood_moon.lua,True
game/scripts/vscripts/items/item_lia_blood_moon.lua,3,3,<file>,LinkLuaModifier,items/item_lia_blood_moon.lua,game/scripts/vscripts/items/item_lia_blood_moon.lua,True
game/scripts/vscripts/items/item_lia_boots_of_invisibility.lua,4,4,<file>,LinkLuaModifier,items/item_lia_boots_of_invisibility,game/scripts/vscripts/items/item_lia_boots_of_invisibility.lua,True
game/scripts/vscripts/items/item_lia_boots_of_invisibility.lua,5,5,<file>,LinkLuaModifier,items/item_lia_boots_of_invisibility,game/scripts/vscripts/items/item_lia_boots_of_invisibility.lua,True
game/scripts/vscripts/items/item_lia_bounty_hunters_crossbow.lua,2,2,<file>,LinkLuaModifier,items/item_lia_bounty_hunters_crossbow.lua,game/scripts/vscripts/items/item_lia_bounty_hunters_crossbow.lua,True
game/scripts/vscripts/items/item_lia_bounty_hunters_crossbow.lua,3,3,<file>,LinkLuaModifier,items/item_lia_bounty_hunters_crossbow.lua,game/scripts/vscripts/items/item_lia_bounty_hunters_crossbow.lua,True
game/scripts/vscripts/items/item_lia_bounty_hunters_crossbow.lua,4,4,<file>,LinkLuaModifier,items/item_lia_bounty_hunters_crossbow.lua,game/scripts/vscripts/items/item_lia_bounty_hunters_crossbow.lua,True
game/scripts/vscripts/items/item_lia_enchanted_shield.lua,3,3,<file>,LinkLuaModifier,items/modifier_item_lia_enchanted_shield.lua,game/scripts/vscripts/items/modifier_item_lia_enchanted_shield.lua,True
game/scripts/vscripts/items/item_lia_ferus_shield.lua,2,2,<file>,LinkLuaModifier,items/item_lia_ferus_shield.lua,game/scripts/vscripts/items/item_lia_ferus_shield.lua,True
game/scripts/vscripts/items/item_lia_ferus_shield.lua,3,3,<file>,LinkLuaModifier,items/item_lia_ferus_shield.lua,game/scripts/vscripts/items/item_lia_ferus_shield.lua,True
game/scripts/vscripts/items/item_lia_ferus_shield.lua,5,5,<file>,LinkLuaModifier,items/item_lia_ferus_shield.lua,game/scripts/vscripts/items/item_lia_ferus_shield.lua,True
game/scripts/vscripts/items/item_lia_fire_gloves.lua,4,4,<file>,LinkLuaModifier,items/modifier_fire_gloves.lua,game/scripts/vscripts/items/modifier_fire_gloves.lua,True
game/scripts/vscripts/items/item_lia_fire_gloves.lua,5,5,<file>,LinkLuaModifier,items/modifier_fire_gloves_immolation.lua,game/scripts/vscripts/items/modifier_fire_gloves_immolation.lua,True
game/scripts/vscripts/items/item_lia_fire_rod.lua,3,3,<file>,LinkLuaModifier,items/item_lia_fire_rod,game/scripts/vscripts/items/item_lia_fire_rod.lua,True
game/scripts/vscripts/items/item_lia_hammer_of_titans.lua,2,2,<file>,LinkLuaModifier,items/item_lia_hammer_of_titans.lua,game/scripts/vscripts/items/item_lia_hammer_of_titans.lua,True
game/scripts/vscripts/items/item_lia_hammer_of_titans.lua,3,3,<file>,LinkLuaModifier,items/item_lia_hammer_of_titans.lua,game/scripts/vscripts/items/item_lia_hammer_of_titans.lua,True
game/scripts/vscripts/items/item_lia_health_stone_potion.lua,2,2,<file>,LinkLuaModifier,items/item_lia_health_stone_potion.lua,game/scripts/vscripts/items/item_lia_health_stone_potion.lua,True
game/scripts/vscripts/items/item_lia_huge_axe.lua,2,2,<file>,LinkLuaModifier,items/item_lia_huge_axe.lua,game/scripts/vscripts/items/item_lia_huge_axe.lua,True
game/scripts/vscripts/items/item_lia_huge_axe.lua,3,3,<file>,LinkLuaModifier,items/item_lia_huge_axe.lua,game/scripts/vscripts/items/item_lia_huge_axe.lua,True
game/scripts/vscripts/items/item_lia_hyper_boots.lua,3,3,<file>,LinkLuaModifier,items/modifiers/modifier_hyper_boots.lua,game/scripts/vscripts/items/modifiers/modifier_hyper_boots.lua,True
game/scripts/vscripts/items/item_lia_hyper_boots.lua,4,4,<file>,LinkLuaModifier,items/item_lia_hyper_boots.lua,game/scripts/vscripts/items/item_lia_hyper_boots.lua,True
game/scripts/vscripts/items/item_lia_ice_sword.lua,3,3,<file>,LinkLuaModifier,items/item_lia_ice_sword,game/scripts/vscripts/items/item_lia_ice_sword.lua,True
game/scripts/vscripts/items/item_lia_ice_sword.lua,4,4,<file>,LinkLuaModifier,items/item_lia_ice_sword,game/scripts/vscripts/items/item_lia_ice_sword.lua,True
game/scripts/vscripts/items/item_lia_ice_sword.lua,5,5,<file>,LinkLuaModifier,items/item_lia_ice_sword,game/scripts/vscripts/items/item_lia_ice_sword.lua,True
game/scripts/vscripts/items/item_lia_ice_sword.lua,6,6,<file>,LinkLuaModifier,items/item_lia_ice_sword,game/scripts/vscripts/items/item_lia_ice_sword.lua,True
game/scripts/vscripts/items/item_lia_knight_cuirass.lua,2,2,<file>,LinkLuaModifier,items/item_lia_knight_cuirass.lua,game/scripts/vscripts/items/item_lia_knight_cuirass.lua,True
game/scripts/vscripts/items/item_lia_knight_cuirass.lua,3,3,<file>,LinkLuaModifier,items/item_lia_knight_cuirass.lua,game/scripts/vscripts/items/item_lia_knight_cuirass.lua,True
game/scripts/vscripts/items/item_lia_knight_shield.lua,2,2,<file>,LinkLuaModifier,items/item_lia_knight_shield.lua,game/scripts/vscripts/items/item_lia_knight_shield.lua,True
game/scripts/vscripts/items/item_lia_lunar_necklace.lua,2,2,<file>,LinkLuaModifier,items/item_lia_lunar_necklace.lua,game/scripts/vscripts/items/item_lia_lunar_necklace.lua,True
game/scripts/vscripts/items/item_lia_lunar_necklace.lua,3,3,<file>,LinkLuaModifier,items/item_lia_lunar_necklace.lua,game/scripts/vscripts/items/item_lia_lunar_necklace.lua,True
game/scripts/vscripts/items/item_lia_magician_armor.lua,2,2,<file>,LinkLuaModifier,items/item_lia_magician_armor.lua,game/scripts/vscripts/items/item_lia_magician_armor.lua,True
game/scripts/vscripts/items/item_lia_mana_stone_potion.lua,2,2,<file>,LinkLuaModifier,items/item_lia_mana_stone_potion.lua,game/scripts/vscripts/items/item_lia_mana_stone_potion.lua,True
game/scripts/vscripts/items/item_lia_mask_of_death.lua,4,4,<file>,LinkLuaModifier,items/item_lia_mask_of_death,game/scripts/vscripts/items/item_lia_mask_of_death.lua,True
game/scripts/vscripts/items/item_lia_mithril_armor.lua,2,2,<file>,LinkLuaModifier,items/modifier_mithril_armor.lua,game/scripts/vscripts/items/modifier_mithril_armor.lua,True
game/scripts/vscripts/items/item_lia_mithril_armor.lua,3,3,<file>,LinkLuaModifier,items/modifier_mithril_armor_taunt.lua,game/scripts/vscripts/items/modifier_mithril_armor_taunt.lua,True
game/scripts/vscripts/items/item_lia_orb_of_fire.lua,3,3,<file>,LinkLuaModifier,items/item_lia_orb_of_fire,game/scripts/vscripts/items/item_lia_orb_of_fire.lua,True
game/scripts/vscripts/items/item_lia_orb_of_frost.lua,3,3,<file>,LinkLuaModifier,items/item_lia_orb_of_frost,game/scripts/vscripts/items/item_lia_orb_of_frost.lua,True
game/scripts/vscripts/items/item_lia_orb_of_frost.lua,4,4,<file>,LinkLuaModifier,items/item_lia_orb_of_frost,game/scripts/vscripts/items/item_lia_orb_of_frost.lua,True
game/scripts/vscripts/items/item_lia_orb_of_frost.lua,5,5,<file>,LinkLuaModifier,items/item_lia_orb_of_frost,game/scripts/vscripts/items/item_lia_orb_of_frost.lua,True
game/scripts/vscripts/items/item_lia_pure_light.lua,3,3,<file>,LinkLuaModifier,items/modifier_pure_light.lua,game/scripts/vscripts/items/modifier_pure_light.lua,True
game/scripts/vscripts/items/item_lia_pure_light.lua,4,4,<file>,LinkLuaModifier,items/modifier_pure_light_aura.lua,game/scripts/vscripts/items/modifier_pure_light_aura.lua,True
game/scripts/vscripts/items/item_lia_pure_light.lua,5,5,<file>,LinkLuaModifier,items/modifier_pure_light_thinker.lua,game/scripts/vscripts/items/modifier_pure_light_thinker.lua,True
game/scripts/vscripts/items/item_lia_pure_light.lua,6,6,<file>,LinkLuaModifier,items/modifier_pure_light_protection.lua,game/scripts/vscripts/items/modifier_pure_light_protection.lua,True
game/scripts/vscripts/items/item_lia_spellbreaker.lua,2,2,<file>,LinkLuaModifier,items/modifier_spellbreaker.lua,game/scripts/vscripts/items/modifier_spellbreaker.lua,True
game/scripts/vscripts/items/item_lia_spherical_staff.lua,2,2,<file>,LinkLuaModifier,items/modifier_spherical_staff.lua,game/scripts/vscripts/items/modifier_spherical_staff.lua,True
game/scripts/vscripts/items/item_lia_spider_ring.lua,4,4,<file>,LinkLuaModifier,items/item_lia_spider_ring,game/scripts/vscripts/items/item_lia_spider_ring.lua,True
game/scripts/vscripts/items/item_lia_spider_ring.lua,5,5,<file>,LinkLuaModifier,items/item_lia_spider_ring,game/scripts/vscripts/items/item_lia_spider_ring.lua,True
game/scripts/vscripts/items/item_lia_staff_of_life.lua,3,3,<file>,LinkLuaModifier,items/modifiers/modifier_staff_of_life.lua,game/scripts/vscripts/items/modifiers/modifier_staff_of_life.lua,True
game/scripts/vscripts/items/item_lia_staff_of_life.lua,4,4,<file>,LinkLuaModifier,items/modifiers/modifier_staff_of_life_effect.lua,game/scripts/vscripts/items/modifiers/modifier_staff_of_life_effect.lua,True
game/scripts/vscripts/items/item_lia_top_lover.lua,2,2,<file>,LinkLuaModifier,items/item_lia_top_lover.lua,game/scripts/vscripts/items/item_lia_top_lover.lua,True
game/scripts/vscripts/items/item_lia_top_lover.lua,3,3,<file>,LinkLuaModifier,items/item_lia_top_lover.lua,game/scripts/vscripts/items/item_lia_top_lover.lua,True
game/scripts/vscripts/items/item_lia_widow_boots.lua,4,4,<file>,LinkLuaModifier,items/item_lia_widow_boots,game/scripts/vscripts/items/item_lia_widow_boots.lua,True
game/scripts/vscripts/items/item_lia_widow_boots.lua,5,5,<file>,LinkLuaModifier,items/item_lia_widow_boots,game/scripts/vscripts/items/item_lia_widow_boots.lua,True
game/scripts/vscripts/items/item_lia_widow_boots.lua,6,6,<file>,LinkLuaModifier,items/item_lia_widow_boots,game/scripts/vscripts/items/item_lia_widow_boots.lua,True
game/scripts/vscripts/items/item_lia_widow_boots.lua,7,7,<file>,LinkLuaModifier,items/item_lia_widow_boots,game/scripts/vscripts/items/item_lia_widow_boots.lua,True
game/scripts/vscripts/items/runes.lua,93,93,<file>,LinkLuaModifier,items/runes.lua,game/scripts/vscripts/items/runes.lua,True
game/scripts/vscripts/items/SealOfPower.lua,7,7,<file>,LinkLuaModifier,items/SealOfPower.lua,game/scripts/vscripts/items/SealOfPower.lua,True
game/scripts/vscripts/LiA_GameMode.lua,29,29,<file>,require,survival/survival,game/scripts/vscripts/survival/survival.lua,True
game/scripts/vscripts/LiA_GameMode.lua,30,30,<file>,require,runes,game/scripts/vscripts/runes.lua,True
game/scripts/vscripts/LiA_GameMode.lua,31,31,<file>,require,player,game/scripts/vscripts/player.lua,True
game/scripts/vscripts/LiA_GameMode.lua,32,32,<file>,require,upgrades,game/scripts/vscripts/upgrades.lua,True
game/scripts/vscripts/LiA_GameMode.lua,33,33,<file>,require,PseudoRandom,game/scripts/vscripts/PseudoRandom.lua,True
game/scripts/vscripts/LiA_GameMode.lua,37,37,<file>,LinkLuaModifier,modifier_stun_lua,game/scripts/vscripts/modifier_stun_lua.lua,True
game/scripts/vscripts/LiA_GameMode.lua,38,38,<file>,LinkLuaModifier,modifier_hide_lua,game/scripts/vscripts/modifier_hide_lua.lua,True
game/scripts/vscripts/LiA_GameMode.lua,39,39,<file>,LinkLuaModifier,modifier_orn_lua,game/scripts/vscripts/modifier_orn_lua.lua,True
game/scripts/vscripts/LiA_GameMode.lua,40,40,<file>,LinkLuaModifier,modifier_test_lia,game/scripts/vscripts/modifier_test_lia.lua,True
game/scripts/vscripts/LiA_GameMode.lua,41,41,<file>,LinkLuaModifier,survival/modifier_test_no_cooldown.lua,game/scripts/vscripts/survival/modifier_test_no_cooldown.lua,True
game/scripts/vscripts/LiA_GameMode.lua,42,42,<file>,LinkLuaModifier,survival/modifier_test_god_mode.lua,game/scripts/vscripts/survival/modifier_test_god_mode.lua,True
game/scripts/vscripts/LiA_GameMode.lua,43,43,<file>,LinkLuaModifier,abilities/modifiers/modifier_knockback_lia.lua,game/scripts/vscripts/abilities/modifiers/modifier_knockback_lia.lua,True
game/scripts/vscripts/LiA_GameMode.lua,44,44,<file>,LinkLuaModifier,heroes/Archmage/modifier_archmage_polymorph_lua.lua,game/scripts/vscripts/heroes/Archmage/modifier_archmage_polymorph_lua.lua,True
game/scripts/vscripts/LiA_GameMode.lua,45,45,<file>,LinkLuaModifier,items/modifier_item_shield_of_death_armor.lua,game/scripts/vscripts/items/modifier_item_shield_of_death_armor.lua,True
game/scripts/vscripts/LiA_GameMode.lua,46,46,<file>,LinkLuaModifier,heroes/Demonologist/modifier_demonologist_riual_of_summoning_status_effect.lua,,False
game/scripts/vscripts/LiA_GameMode.lua,66,66,<file>,require,filtering,game/scripts/vscripts/filtering.lua,True
game/scripts/vscripts/survival/survival.lua,28,28,<file>,require,survival/events,game/scripts/vscripts/survival/events.lua,True
game/scripts/vscripts/survival/survival.lua,29,29,<file>,require,survival/duels,game/scripts/vscripts/survival/duels.lua,True
game/scripts/vscripts/survival/survival.lua,30,30,<file>,require,survival/finalBoss,game/scripts/vscripts/survival/finalBoss.lua,True
game/scripts/vscripts/survival/survival.lua,31,31,<file>,require,survival/fightrecap,game/scripts/vscripts/survival/fightRecap.lua,False
game/scripts/vscripts/survival/survival.lua,32,32,<file>,require,survival/utils,game/scripts/vscripts/survival/utils.lua,True
game/scripts/vscripts/survival/survival.lua,36,36,<file>,LinkLuaModifier,survival/modifier_16_wave_debuff.lua,game/scripts/vscripts/survival/modifier_16_wave_debuff.lua,True
game/scripts/vscripts/survival/survival.lua,37,37,<file>,LinkLuaModifier,survival/modifier_17_wave_debuff.lua,game/scripts/vscripts/survival/modifier_17_wave_debuff.lua,True
game/scripts/vscripts/survival/survival.lua,38,38,<file>,LinkLuaModifier,survival/modifier_18_wave_debuff.lua,game/scripts/vscripts/survival/modifier_18_wave_debuff.lua,True
game/scripts/vscripts/survival/survival.lua,39,39,<file>,LinkLuaModifier,survival/modifier_19_wave_debuff.lua,game/scripts/vscripts/survival/modifier_19_wave_debuff.lua,True
game/scripts/vscripts/survival/survival.lua,40,40,<file>,LinkLuaModifier,units/modifier_megaboss_three_stats.lua,game/scripts/vscripts/units/modifier_megaboss_three_stats.lua,True
game/scripts/vscripts/survival/survival.lua,41,41,<file>,LinkLuaModifier,items/modifiers/modifier_ultimate_upgrade.lua,game/scripts/vscripts/items/modifiers/modifier_ultimate_upgrade.lua,True
game/scripts/vscripts/units/item_lia_healing_ward_unit.lua,1,1,<file>,require,timers,game/scripts/vscripts/timers.lua,True
game/scripts/vscripts/units/Megaboss10Spawn.lua,1,1,<file>,require,timers,game/scripts/vscripts/timers.lua,True
game/scripts/vscripts/units/Megaboss10Stats.lua,1,1,<file>,require,timers,game/scripts/vscripts/timers.lua,True
game/scripts/vscripts/units/Megaboss5Stats.lua,1,1,<file>,require,timers,game/scripts/vscripts/timers.lua,True
game/scripts/vscripts/units/MegabossOrnStats.lua,1,1,<file>,require,timers,game/scripts/vscripts/timers.lua,True
