recipe,result,alternative,components,component_declared_costs,recipe_cost,sum_declared_component_plus_recipe_costs,result_declared_cost,difference,source,line,included,note
item_recipe_lia_alanith_spear,item_lia_alanith_spear,01,"[""item_lia_spear"", ""item_lia_mask_of_death""]","[110, 200]",180,490,490,0,game/scripts/npc/items/item_lia_alanith_spear.txt,20,True,Declared-cost arithmetic only; does not emulate Dota purchase/upgrade consumption rules.
item_recipe_lia_armor_of_the_red_mist,item_lia_armor_of_the_red_mist,01,"[""item_lia_shield_of_death"", ""item_lia_mithril_armor""]","[1060, 1045]",450,2555,2555,0,game/scripts/npc/items/item_lia_armor_of_the_red_mist.txt,18,True,Declared-cost arithmetic only; does not emulate Dota purchase/upgrade consumption rules.
item_recipe_lia_banner_of_victory,item_lia_banner_of_victory,01,"[""item_lia_helm"", ""item_lia_mask_of_death""]","[195, 200]",320,715,715,0,game/scripts/npc/items/item_lia_banner_of_victory.txt,18,True,Declared-cost arithmetic only; does not emulate Dota purchase/upgrade consumption rules.
item_recipe_lia_battle_axe,item_lia_battle_axe,01,"[""item_lia_ring_of_protection"", ""item_lia_axe"", ""item_lia_gloves_of_strength""]","[80, 85, 200]",220,585,585,0,game/scripts/npc/items/item_lia_battle_axe.txt,18,True,Declared-cost arithmetic only; does not emulate Dota purchase/upgrade consumption rules.
item_recipe_lia_battle_javelin,item_lia_battle_javelin,01,"[""item_lia_runed_gloves"", ""item_lia_spear"", ""item_lia_gloves_of_haste""]","[220, 110, 55]",415,800,800,0,game/scripts/npc/items/item_lia_battle_javelin.txt,18,True,Declared-cost arithmetic only; does not emulate Dota purchase/upgrade consumption rules.
item_recipe_lia_blade_of_incorporeality,item_lia_blade_of_incorporeality,01,"[""item_lia_pantilus_blade"", ""item_lia_magic_helm""]","[520, 475]",500,1495,1495,0,game/scripts/npc/items/item_lia_blade_of_incorporeality.txt,18,True,Declared-cost arithmetic only; does not emulate Dota purchase/upgrade consumption rules.
item_recipe_lia_blood_blade,item_lia_blood_blade,01,"[""item_lia_alanith_spear"", ""item_lia_steel_sword""]","[490, 45]",365,900,900,0,game/scripts/npc/items/item_lia_blood_blade.txt,19,True,Declared-cost arithmetic only; does not emulate Dota purchase/upgrade consumption rules.
item_recipe_lia_blood_moon,item_lia_blood_moon,01,"[""item_lia_huge_axe"", ""item_lia_hell_gloves""]","[515, 870]",750,2135,2135,0,game/scripts/npc/items/item_lia_blood_moon.txt,19,True,Declared-cost arithmetic only; does not emulate Dota purchase/upgrade consumption rules.
item_recipe_lia_boots_of_invisibility,item_lia_boots_of_invisibility,01,"[""item_lia_boots""]",[90],300,390,390,0,game/scripts/npc/items/item_lia_boots_of_invisibility.txt,19,True,Declared-cost arithmetic only; does not emulate Dota purchase/upgrade consumption rules.
item_recipe_lia_bounty_hunters_crossbow,item_lia_bounty_hunters_crossbow,01,"[""item_lia_battle_javelin"", ""item_lia_demon_edge""]","[800, 550]",650,2000,1900,100,game/scripts/npc/items/item_lia_bounty_hunters_crossbow.txt,18,True,Declared-cost arithmetic only; does not emulate Dota purchase/upgrade consumption rules.
item_recipe_lia_crown_of_death,item_lia_crown_of_death,01,"[""item_lia_runed_bracers"", ""item_lia_amulet""]","[220, 120]",200,540,540,0,game/scripts/npc/items/item_lia_crown_of_death.txt,19,True,Declared-cost arithmetic only; does not emulate Dota purchase/upgrade consumption rules.
item_recipe_lia_crusher,item_lia_crusher,01,"[""item_lia_pantilus_blade"", ""item_lia_lightning_spear""]","[520, 880]",650,2050,2050,0,game/scripts/npc/items/item_lia_crusher.txt,19,True,Declared-cost arithmetic only; does not emulate Dota purchase/upgrade consumption rules.
item_recipe_lia_demon_edge,item_lia_demon_edge,01,"[""item_lia_steel_sword"", ""item_lia_claws"", ""item_lia_spear""]","[45, 65, 110]",230,450,550,-100,game/scripts/npc/items/item_lia_demon_edge.txt,19,True,Declared-cost arithmetic only; does not emulate Dota purchase/upgrade consumption rules.
item_recipe_lia_divine_armor,item_lia_divine_armor,01,"[""item_lia_shield_of_endurance"", ""item_lia_dwarf_armor"", ""item_lia_magic_helm""]","[625, 515, 475]",700,2315,2315,0,game/scripts/npc/items/item_lia_divine_armor.txt,19,True,Declared-cost arithmetic only; does not emulate Dota purchase/upgrade consumption rules.
item_recipe_lia_dwarf_armor,item_lia_dwarf_armor,01,"[""item_lia_helm"", ""item_lia_amulet""]","[195, 120]",200,515,515,0,game/scripts/npc/items/item_lia_dwarf_armor.txt,19,True,Declared-cost arithmetic only; does not emulate Dota purchase/upgrade consumption rules.
item_recipe_lia_enchanted_shield,item_lia_enchanted_shield,01,"[""item_lia_dwarf_armor"", ""item_lia_amulet""]","[515, 120]",275,910,910,0,game/scripts/npc/items/item_lia_enchanted_shield.txt,19,True,Declared-cost arithmetic only; does not emulate Dota purchase/upgrade consumption rules.
item_recipe_lia_enchanted_shield_2,item_lia_enchanted_shield_2,01,"[""item_recipe_lia_enchanted_shield"", ""item_lia_enchanted_shield""]","[275, 910]",0,1185,1185,0,game/scripts/npc/items/item_lia_enchanted_shield.txt,37,True,Declared-cost arithmetic only; does not emulate Dota purchase/upgrade consumption rules.
item_recipe_lia_ferus_shield,item_lia_ferus_shield,01,"[""item_lia_shield_of_endurance"", ""item_lia_banner_of_victory""]","[625, 715]",750,2090,2090,0,game/scripts/npc/items/item_lia_ferus_shield.txt,19,True,Declared-cost arithmetic only; does not emulate Dota purchase/upgrade consumption rules.
item_recipe_lia_fire_gloves,item_lia_fire_gloves,01,"[""item_lia_runed_gloves"", ""item_lia_mana_stone""]","[220, 120]",350,690,690,0,game/scripts/npc/items/item_lia_fire_gloves.txt,19,True,Declared-cost arithmetic only; does not emulate Dota purchase/upgrade consumption rules.
item_recipe_lia_fire_gloves_2,item_lia_fire_gloves_2,01,"[""item_recipe_lia_fire_gloves"", ""item_lia_fire_gloves""]","[350, 690]",0,1040,1040,0,game/scripts/npc/items/item_lia_fire_gloves.txt,37,True,Declared-cost arithmetic only; does not emulate Dota purchase/upgrade consumption rules.
item_recipe_lia_fire_rod,item_lia_fire_rod,01,"[""item_lia_orb_of_fire"", ""item_lia_spear"", ""item_lia_mana_stone""]","[110, 110, 120]",730,1070,1070,0,game/scripts/npc/items/item_lia_fire_rod.txt,19,True,Declared-cost arithmetic only; does not emulate Dota purchase/upgrade consumption rules.
item_recipe_lia_fire_sword,item_lia_fire_sword,01,"[""item_lia_steel_sword"", ""item_lia_ancient_glove""]","[45, 150]",200,395,395,0,game/scripts/npc/items/item_lia_fire_sword.txt,19,True,Declared-cost arithmetic only; does not emulate Dota purchase/upgrade consumption rules.
item_recipe_lia_ghost_blade,item_lia_ghost_blade,01,"[""item_lia_pantilus_blade"", ""item_lia_battle_axe""]","[520, 585]",700,1805,1805,0,game/scripts/npc/items/item_lia_ghost_blade.txt,19,True,Declared-cost arithmetic only; does not emulate Dota purchase/upgrade consumption rules.
item_recipe_lia_glove_of_pain,item_lia_glove_of_pain,01,"[""item_lia_mana_staff"", ""item_lia_mask""]","[720, 70]",800,1590,1590,0,game/scripts/npc/items/item_lia_glove_of_pain.txt,19,True,Declared-cost arithmetic only; does not emulate Dota purchase/upgrade consumption rules.
item_recipe_lia_hammer,item_lia_hammer,01,"[""item_lia_spear"", ""item_lia_axe"", ""item_lia_necklace"", ""item_lia_mantle""]","[110, 85, 85, 85]",600,965,965,0,game/scripts/npc/items/item_lia_hammer.txt,19,True,Declared-cost arithmetic only; does not emulate Dota purchase/upgrade consumption rules.
item_recipe_lia_hammer_of_titans,item_lia_hammer_of_titans,01,"[""item_lia_huge_axe"", ""item_lia_hammer""]","[515, 965]",650,2130,2130,0,game/scripts/npc/items/item_lia_hammer_of_titans.txt,19,True,Declared-cost arithmetic only; does not emulate Dota purchase/upgrade consumption rules.
item_recipe_lia_hell_gloves,item_lia_hell_gloves,01,"[""item_lia_runed_gloves"", ""item_lia_gloves_of_strength""]","[220, 200]",450,870,870,0,game/scripts/npc/items/item_lia_hell_gloves.txt,19,True,Declared-cost arithmetic only; does not emulate Dota purchase/upgrade consumption rules.
item_recipe_lia_hell_mask,item_lia_hell_mask,01,"[""item_lia_mask"", ""item_lia_mantle""]","[70, 85]",265,420,420,0,game/scripts/npc/items/item_lia_hell_mask.txt,19,True,Declared-cost arithmetic only; does not emulate Dota purchase/upgrade consumption rules.
item_recipe_lia_huge_axe,item_lia_huge_axe,01,"[""item_lia_axe"", ""item_lia_claws"", ""item_lia_orb_of_fire""]","[85, 65, 110]",265,525,515,10,game/scripts/npc/items/item_lia_huge_axe.txt,19,True,Declared-cost arithmetic only; does not emulate Dota purchase/upgrade consumption rules.
item_recipe_lia_hyper_boots,item_lia_hyper_boots,01,"[""item_lia_boots""]",[90],400,490,490,0,game/scripts/npc/items/item_lia_hyper_boots.txt,19,True,Declared-cost arithmetic only; does not emulate Dota purchase/upgrade consumption rules.
item_recipe_lia_ice_sword,item_lia_ice_sword,01,"[""item_lia_orb_of_frost"", ""item_lia_steel_sword""]","[770, 45]",500,1315,1315,0,game/scripts/npc/items/item_lia_ice_sword.txt,19,True,Declared-cost arithmetic only; does not emulate Dota purchase/upgrade consumption rules.
item_recipe_lia_knight_cuirass,item_lia_knight_cuirass,01,"[""item_lia_knight_shield"", ""item_lia_shield_of_endurance""]","[565, 625]",1050,2240,2240,0,game/scripts/npc/items/item_lia_knight_cuirass.txt,19,True,Declared-cost arithmetic only; does not emulate Dota purchase/upgrade consumption rules.
item_recipe_lia_knight_shield,item_lia_knight_shield,01,"[""item_lia_claws"", ""item_lia_ring_of_protection"", ""item_lia_amulet""]","[65, 80, 120]",300,565,565,0,game/scripts/npc/items/item_lia_knight_shield.txt,19,True,Declared-cost arithmetic only; does not emulate Dota purchase/upgrade consumption rules.
item_recipe_lia_lightning_bow,item_lia_lightning_bow,01,"[""item_lia_lightning_spear"", ""item_lia_magic_bow""]","[880, 1180]",900,2960,2960,0,game/scripts/npc/items/item_lia_lightning_bow.txt,19,True,Declared-cost arithmetic only; does not emulate Dota purchase/upgrade consumption rules.
item_recipe_lia_lightning_spear,item_lia_lightning_spear,01,"[""item_lia_fire_sword"", ""item_lia_ancient_glove"", ""item_lia_spear""]","[395, 150, 110]",230,885,880,5,game/scripts/npc/items/item_lia_lightning_spear.txt,19,True,Declared-cost arithmetic only; does not emulate Dota purchase/upgrade consumption rules.
item_recipe_lia_lunar_necklace,item_lia_lunar_necklace,01,"[""item_lia_magic_necklace"", ""item_lia_amulet"", ""item_lia_mana_stone""]","[1050, 120, 120]",500,1790,1690,100,game/scripts/npc/items/item_lia_lunar_necklace.txt,19,True,Declared-cost arithmetic only; does not emulate Dota purchase/upgrade consumption rules.
item_recipe_lia_magic_bow,item_lia_magic_bow,01,"[""item_lia_runed_gloves"", ""item_lia_spear"", ""item_lia_thugs_dagger""]","[220, 110, 200]",650,1180,1180,0,game/scripts/npc/items/item_lia_magic_bow.txt,19,True,Declared-cost arithmetic only; does not emulate Dota purchase/upgrade consumption rules.
item_recipe_lia_magic_helm,item_lia_magic_helm,01,"[""item_lia_helm""]",[195],280,475,475,0,game/scripts/npc/items/item_lia_magic_helm.txt,19,True,Declared-cost arithmetic only; does not emulate Dota purchase/upgrade consumption rules.
item_recipe_lia_magic_necklace,item_lia_magic_necklace,01,"[""item_lia_staff"", ""item_lia_thugs_dagger"", ""item_lia_gloves_of_strength""]","[200, 200, 200]",450,1050,1050,0,game/scripts/npc/items/item_lia_magic_necklace.txt,19,True,Declared-cost arithmetic only; does not emulate Dota purchase/upgrade consumption rules.
item_recipe_lia_magic_staff,item_lia_magic_staff,01,"[""item_lia_staff"", ""item_lia_staff"", ""item_lia_mask""]","[200, 200, 70]",300,770,770,0,game/scripts/npc/items/item_lia_magic_staff.txt,19,True,Declared-cost arithmetic only; does not emulate Dota purchase/upgrade consumption rules.
item_recipe_lia_magician_armor,item_lia_magician_armor,01,"[""item_lia_dwarf_armor"", ""item_lia_magic_staff"", ""item_lia_amulet""]","[515, 770, 120]",800,2205,2205,0,game/scripts/npc/items/item_lia_magician_armor.txt,19,True,Declared-cost arithmetic only; does not emulate Dota purchase/upgrade consumption rules.
item_recipe_lia_mana_staff,item_lia_mana_staff,01,"[""item_lia_staff"", ""item_lia_mana_stone""]","[200, 120]",400,720,720,0,game/scripts/npc/items/item_lia_mana_staff.txt,19,True,Declared-cost arithmetic only; does not emulate Dota purchase/upgrade consumption rules.
item_recipe_lia_mithril_armor,item_lia_mithril_armor,01,"[""item_lia_dwarf_armor"", ""item_lia_ring_of_protection"", ""item_lia_ring_of_protection""]","[515, 80, 80]",330,1005,1045,-40,game/scripts/npc/items/item_lia_mithril_armor.txt,19,True,Declared-cost arithmetic only; does not emulate Dota purchase/upgrade consumption rules.
item_recipe_lia_orb_of_frost,item_lia_orb_of_frost,01,"[""item_lia_mana_stone"", ""item_lia_stormwind_horn""]","[120, 250]",400,770,770,0,game/scripts/npc/items/item_lia_orb_of_frost.txt,19,True,Declared-cost arithmetic only; does not emulate Dota purchase/upgrade consumption rules.
item_recipe_lia_pantilus_blade,item_lia_pantilus_blade,01,"[""item_lia_steel_sword"", ""item_lia_gloves_of_haste"", ""item_lia_gloves_of_haste"", ""item_lia_necklace""]","[45, 55, 55, 85]",280,520,520,0,game/scripts/npc/items/item_lia_pantilus_blade.txt,19,True,Declared-cost arithmetic only; does not emulate Dota purchase/upgrade consumption rules.
item_recipe_lia_poleaxe_of_rage,item_lia_poleaxe_of_rage,01,"[""item_lia_fire_sword"", ""item_lia_fire_sword""]","[395, 395]",600,1390,1390,0,game/scripts/npc/items/item_lia_poleaxe_of_rage.txt,19,True,Declared-cost arithmetic only; does not emulate Dota purchase/upgrade consumption rules.
item_recipe_lia_pure_light,item_lia_pure_light,01,"[""item_lia_mana_staff"", ""item_lia_ring_of_regeneration""]","[720, 75]",705,1500,1500,0,game/scripts/npc/items/item_lia_pure_light.txt,19,True,Declared-cost arithmetic only; does not emulate Dota purchase/upgrade consumption rules.
item_recipe_lia_blade_of_rage_agi,item_lia_blade_of_rage_agi,01,"[""item_lia_steel_sword"", ""item_lia_runed_gloves"", ""item_lia_thugs_dagger""]","[45, 220, 200]",600,1065,1065,0,game/scripts/npc/items/item_lia_rage_sword_agi.txt,19,True,Declared-cost arithmetic only; does not emulate Dota purchase/upgrade consumption rules.
item_recipe_lia_blade_of_rage_int,item_lia_blade_of_rage_int,01,"[""item_lia_steel_sword"", ""item_lia_runed_gloves"", ""item_lia_staff""]","[45, 220, 200]",600,1065,1065,0,game/scripts/npc/items/item_lia_rage_sword_int.txt,19,True,Declared-cost arithmetic only; does not emulate Dota purchase/upgrade consumption rules.
item_recipe_lia_blade_of_rage_str,item_lia_blade_of_rage_str,01,"[""item_lia_steel_sword"", ""item_lia_runed_gloves"", ""item_lia_gloves_of_strength""]","[45, 220, 200]",600,1065,1065,0,game/scripts/npc/items/item_lia_rage_sword_str.txt,19,True,Declared-cost arithmetic only; does not emulate Dota purchase/upgrade consumption rules.
item_recipe_lia_runed_gloves,item_lia_runed_gloves,01,"[""item_lia_claws"", ""item_lia_gloves_of_haste""]","[65, 55]",100,220,220,0,game/scripts/npc/items/item_lia_runed_gloves.txt,19,True,Declared-cost arithmetic only; does not emulate Dota purchase/upgrade consumption rules.
item_recipe_lia_staff_of_power,item_lia_staff_of_power,01,"[""item_lia_mask"", ""item_lia_amulet_of_spell_shield""]","[70, 300]",200,570,790,-220,game/scripts/npc/items/item_lia_scepter_of_power.txt,19,True,Declared-cost arithmetic only; does not emulate Dota purchase/upgrade consumption rules.
item_recipe_lia_seal_of_power_shop,item_lia_seal_of_power_shop,01,"[""item_lia_spear"", ""item_lia_helm""]","[110, 195]",850,1155,1155,0,game/scripts/npc/items/item_lia_seal_of_power.txt,18,True,Declared-cost arithmetic only; does not emulate Dota purchase/upgrade consumption rules.
item_recipe_lia_shield_of_death,item_lia_shield_of_death,01,"[""item_lia_crown_of_death"", ""item_lia_amulet""]","[540, 120]",400,1060,1060,0,game/scripts/npc/items/item_lia_shield_of_death.txt,19,True,Declared-cost arithmetic only; does not emulate Dota purchase/upgrade consumption rules.
item_recipe_lia_shield_of_endurance,item_lia_shield_of_endurance,01,"[""item_lia_ring_of_protection"", ""item_lia_ring_of_regeneration"", ""item_lia_amulet""]","[80, 75, 120]",350,625,625,0,game/scripts/npc/items/item_lia_shield_of_endurance.txt,19,True,Declared-cost arithmetic only; does not emulate Dota purchase/upgrade consumption rules.
item_recipe_lia_spellbreaker,item_lia_spellbreaker,01,"[""item_lia_enchanted_shield_2"", ""item_lia_staff_of_power""]","[1185, 790]",500,2475,1185,1290,game/scripts/npc/items/item_lia_spellbreaker.txt,19,True,Declared-cost arithmetic only; does not emulate Dota purchase/upgrade consumption rules.
item_recipe_ultimate_scepter,item_ultimate_scepter,01,"[""item_lia_hell_mask"", ""item_lia_staff""]","[420, 200]",1000,1620,1620,0,game/scripts/npc/items/item_lia_spherical_staff.txt,19,True,Declared-cost arithmetic only; does not emulate Dota purchase/upgrade consumption rules.
item_recipe_lia_staff_of_help,item_lia_staff_of_help,01,"[""item_lia_mask"", ""item_lia_staff"", ""item_lia_ring_of_protection""]","[70, 200, 80]",330,680,680,0,game/scripts/npc/items/item_lia_staff_of_help.txt,19,True,Declared-cost arithmetic only; does not emulate Dota purchase/upgrade consumption rules.
item_recipe_lia_staff_of_help_2,item_lia_staff_of_help_2,01,"[""item_recipe_lia_staff_of_help"", ""item_lia_staff_of_help""]","[330, 680]",0,1010,1010,0,game/scripts/npc/items/item_lia_staff_of_help.txt,37,True,Declared-cost arithmetic only; does not emulate Dota purchase/upgrade consumption rules.
item_recipe_lia_staff_of_illusions,item_lia_staff_of_illusions,01,"[""item_lia_magic_staff"", ""item_lia_mana_stone""]","[770, 120]",600,1490,1490,0,game/scripts/npc/items/item_lia_staff_of_illusions.txt,19,True,Declared-cost arithmetic only; does not emulate Dota purchase/upgrade consumption rules.
item_recipe_lia_staff_of_life,item_lia_staff_of_life,01,"[""item_lia_magic_staff"", ""item_lia_ring_of_protection""]","[770, 80]",500,1350,1350,0,game/scripts/npc/items/item_lia_staff_of_life.txt,19,True,Declared-cost arithmetic only; does not emulate Dota purchase/upgrade consumption rules.
item_recipe_lia_staff_of_light,item_lia_staff_of_light,01,"[""item_lia_magic_staff"", ""item_lia_ring_of_regeneration""]","[770, 75]",700,1545,1545,0,game/scripts/npc/items/item_lia_staff_of_light.txt,19,True,Declared-cost arithmetic only; does not emulate Dota purchase/upgrade consumption rules.
item_recipe_lia_sword_of_solidarity,item_lia_sword_of_solidarity,01,"[""item_lia_steel_sword"", ""item_lia_ring_of_regeneration"", ""item_lia_ring_of_protection""]","[45, 75, 80]",550,750,750,0,game/scripts/npc/items/item_lia_sword_of_solidarity.txt,19,True,Declared-cost arithmetic only; does not emulate Dota purchase/upgrade consumption rules.
item_recipe_lia_sword_of_solidarity_2,item_lia_sword_of_solidarity_2,01,"[""item_lia_sword_of_solidarity"", ""item_recipe_lia_sword_of_solidarity""]","[750, 550]",0,1300,1300,0,game/scripts/npc/items/item_lia_sword_of_solidarity.txt,37,True,Declared-cost arithmetic only; does not emulate Dota purchase/upgrade consumption rules.
item_recipe_lia_totem_of_persistence,item_lia_totem_of_persistence,01,"[""item_lia_dwarf_armor"", ""item_lia_staff_of_power"", ""item_lia_runed_bracers""]","[515, 790, 220]",330,1855,1635,220,game/scripts/npc/items/item_lia_totem_of_persistence.txt,19,True,Declared-cost arithmetic only; does not emulate Dota purchase/upgrade consumption rules.
item_recipe_lia_widow_boots,item_lia_widow_boots,01,"[""item_lia_boots_of_invisibility"", ""item_lia_demon_edge"", ""item_lia_spider_ring""]","[390, 550, 160]",200,1300,1300,0,game/scripts/npc/items/item_lia_widow_boots.txt,18,True,Declared-cost arithmetic only; does not emulate Dota purchase/upgrade consumption rules.
