item,category_path,source,line,definition_present
item_lia_health_stone_potion,lia_8_players_shops[1]/consumables[1],game/scripts/shops.txt,8,True
item_lia_mana_stone_potion,lia_8_players_shops[1]/consumables[1],game/scripts/shops.txt,9,True
item_lia_health_elixir,lia_8_players_shops[1]/consumables[1],game/scripts/shops.txt,10,True
item_lia_mana_elixir,lia_8_players_shops[1]/consumables[1],game/scripts/shops.txt,11,True
item_lia_healing_ward,lia_8_players_shops[1]/consumables[1],game/scripts/shops.txt,12,True
item_lia_dust_of_appearance,lia_8_players_shops[1]/consumables[1],game/scripts/shops.txt,13,True
item_lia_anti_magic_potion,lia_8_players_shops[1]/consumables[1],game/scripts/shops.txt,14,True
item_lia_potion_of_invulnerability,lia_8_players_shops[1]/consumables[1],game/scripts/shops.txt,15,True
item_lia_potion_of_invisibility,lia_8_players_shops[1]/consumables[1],game/scripts/shops.txt,16,True
item_lia_scroll_of_restoration,lia_8_players_shops[1]/consumables[1],game/scripts/shops.txt,17,True
item_lia_scroll_of_secret_knowledge,lia_8_players_shops[1]/consumables[1],game/scripts/shops.txt,18,True
item_lia_steel_sword,lia_8_players_shops[1]/attributes[1],game/scripts/shops.txt,23,True
item_lia_gloves_of_haste,lia_8_players_shops[1]/attributes[1],game/scripts/shops.txt,24,True
item_lia_claws,lia_8_players_shops[1]/attributes[1],game/scripts/shops.txt,25,True
item_lia_ring_of_regeneration,lia_8_players_shops[1]/attributes[1],game/scripts/shops.txt,26,True
item_lia_ring_of_protection,lia_8_players_shops[1]/attributes[1],game/scripts/shops.txt,27,True
item_lia_spear,lia_8_players_shops[1]/attributes[1],game/scripts/shops.txt,28,True
item_lia_orb_of_fire,lia_8_players_shops[1]/attributes[1],game/scripts/shops.txt,29,True
item_lia_amulet,lia_8_players_shops[1]/attributes[1],game/scripts/shops.txt,30,True
item_lia_ancient_glove,lia_8_players_shops[1]/attributes[1],game/scripts/shops.txt,31,True
item_lia_spider_ring,lia_8_players_shops[1]/attributes[1],game/scripts/shops.txt,32,True
item_lia_helm,lia_8_players_shops[1]/attributes[1],game/scripts/shops.txt,33,True
item_lia_mask_of_death,lia_8_players_shops[1]/attributes[1],game/scripts/shops.txt,34,True
item_lia_mask,lia_8_players_shops[1]/weapons_armor[1],game/scripts/shops.txt,39,True
item_lia_axe,lia_8_players_shops[1]/weapons_armor[1],game/scripts/shops.txt,40,True
item_lia_necklace,lia_8_players_shops[1]/weapons_armor[1],game/scripts/shops.txt,41,True
item_lia_mantle,lia_8_players_shops[1]/weapons_armor[1],game/scripts/shops.txt,42,True
item_lia_boots,lia_8_players_shops[1]/weapons_armor[1],game/scripts/shops.txt,43,True
item_lia_mana_stone,lia_8_players_shops[1]/weapons_armor[1],game/scripts/shops.txt,44,True
item_lia_gloves_of_strength,lia_8_players_shops[1]/weapons_armor[1],game/scripts/shops.txt,45,True
item_lia_thugs_dagger,lia_8_players_shops[1]/weapons_armor[1],game/scripts/shops.txt,46,True
item_lia_staff,lia_8_players_shops[1]/weapons_armor[1],game/scripts/shops.txt,47,True
item_lia_runed_bracers,lia_8_players_shops[1]/weapons_armor[1],game/scripts/shops.txt,48,True
item_lia_stormwind_horn,lia_8_players_shops[1]/weapons_armor[1],game/scripts/shops.txt,49,True
item_lia_amulet_of_spell_shield,lia_8_players_shops[1]/weapons_armor[1],game/scripts/shops.txt,50,True
item_lia_book_of_the_dead,lia_8_players_shops[1]/misc[1],game/scripts/shops.txt,55,True
item_lia_boar,lia_8_players_shops[1]/misc[1],game/scripts/shops.txt,56,True
item_lia_troll_healer,lia_8_players_shops[1]/misc[1],game/scripts/shops.txt,57,True
item_lia_troll_defender,lia_8_players_shops[1]/misc[1],game/scripts/shops.txt,58,True
item_lia_demonic_figurine,lia_8_players_shops[1]/misc[1],game/scripts/shops.txt,59,True
item_lia_runed_gloves,lia_8_players_shops[1]/basics[1],game/scripts/shops.txt,65,True
item_lia_fire_sword,lia_8_players_shops[1]/basics[1],game/scripts/shops.txt,66,True
item_lia_demon_edge,lia_8_players_shops[1]/basics[1],game/scripts/shops.txt,67,True
item_lia_alanith_spear,lia_8_players_shops[1]/basics[1],game/scripts/shops.txt,68,True
item_lia_huge_axe,lia_8_players_shops[1]/basics[1],game/scripts/shops.txt,69,True
item_lia_pantilus_blade,lia_8_players_shops[1]/basics[1],game/scripts/shops.txt,70,True
item_lia_battle_axe,lia_8_players_shops[1]/basics[1],game/scripts/shops.txt,71,True
item_lia_banner_of_victory,lia_8_players_shops[1]/basics[1],game/scripts/shops.txt,72,True
item_lia_battle_javelin,lia_8_players_shops[1]/basics[1],game/scripts/shops.txt,73,True
item_lia_hell_gloves,lia_8_players_shops[1]/basics[1],game/scripts/shops.txt,74,True
item_lia_lightning_spear,lia_8_players_shops[1]/basics[1],game/scripts/shops.txt,75,True
item_lia_blood_blade,lia_8_players_shops[1]/basics[1],game/scripts/shops.txt,76,True
item_lia_hammer,lia_8_players_shops[1]/basics[1],game/scripts/shops.txt,77,True
item_lia_magic_bow,lia_8_players_shops[1]/basics[1],game/scripts/shops.txt,78,True
item_lia_hell_mask,lia_8_players_shops[1]/support[1],game/scripts/shops.txt,84,True
item_lia_boots_of_invisibility,lia_8_players_shops[1]/support[1],game/scripts/shops.txt,85,True
item_lia_hyper_boots,lia_8_players_shops[1]/support[1],game/scripts/shops.txt,86,True
item_lia_crown_of_death,lia_8_players_shops[1]/support[1],game/scripts/shops.txt,87,True
item_lia_mana_staff,lia_8_players_shops[1]/support[1],game/scripts/shops.txt,88,True
item_lia_magic_staff,lia_8_players_shops[1]/support[1],game/scripts/shops.txt,89,True
item_lia_orb_of_frost,lia_8_players_shops[1]/support[1],game/scripts/shops.txt,90,True
item_lia_staff_of_power,lia_8_players_shops[1]/support[1],game/scripts/shops.txt,91,True
item_lia_magic_necklace,lia_8_players_shops[1]/support[1],game/scripts/shops.txt,92,True
item_lia_fire_rod,lia_8_players_shops[1]/support[1],game/scripts/shops.txt,93,True
item_lia_staff_of_help,lia_8_players_shops[1]/magics[1],game/scripts/shops.txt,98,True
item_lia_shield_of_death,lia_8_players_shops[1]/magics[1],game/scripts/shops.txt,99,True
item_lia_staff_of_life,lia_8_players_shops[1]/magics[1],game/scripts/shops.txt,100,True
item_lia_staff_of_illusions,lia_8_players_shops[1]/magics[1],game/scripts/shops.txt,101,True
item_lia_pure_light,lia_8_players_shops[1]/magics[1],game/scripts/shops.txt,102,True
item_lia_staff_of_light,lia_8_players_shops[1]/magics[1],game/scripts/shops.txt,103,True
item_lia_glove_of_pain,lia_8_players_shops[1]/magics[1],game/scripts/shops.txt,104,True
item_ultimate_scepter,lia_8_players_shops[1]/magics[1],game/scripts/shops.txt,105,True
item_lia_lunar_necklace,lia_8_players_shops[1]/magics[1],game/scripts/shops.txt,106,True
item_lia_magic_helm,lia_8_players_shops[1]/defense[1],game/scripts/shops.txt,112,True
item_lia_dwarf_armor,lia_8_players_shops[1]/defense[1],game/scripts/shops.txt,113,True
item_lia_knight_shield,lia_8_players_shops[1]/defense[1],game/scripts/shops.txt,114,True
item_lia_shield_of_endurance,lia_8_players_shops[1]/defense[1],game/scripts/shops.txt,115,True
item_lia_enchanted_shield,lia_8_players_shops[1]/defense[1],game/scripts/shops.txt,116,True
item_lia_mithril_armor,lia_8_players_shops[1]/defense[1],game/scripts/shops.txt,117,True
item_lia_totem_of_persistence,lia_8_players_shops[1]/defense[1],game/scripts/shops.txt,118,True
item_lia_magician_armor,lia_8_players_shops[1]/defense[1],game/scripts/shops.txt,119,True
item_lia_ferus_shield,lia_8_players_shops[1]/defense[1],game/scripts/shops.txt,120,True
item_lia_knight_cuirass,lia_8_players_shops[1]/defense[1],game/scripts/shops.txt,121,True
item_lia_spellbreaker,lia_8_players_shops[1]/defense[1],game/scripts/shops.txt,122,True
item_lia_divine_armor,lia_8_players_shops[1]/defense[1],game/scripts/shops.txt,123,True
item_lia_armor_of_the_red_mist,lia_8_players_shops[1]/defense[1],game/scripts/shops.txt,124,True
item_lia_fire_gloves,lia_8_players_shops[1]/weapons[1],game/scripts/shops.txt,129,True
item_lia_sword_of_solidarity,lia_8_players_shops[1]/weapons[1],game/scripts/shops.txt,130,True
item_lia_seal_of_power_shop,lia_8_players_shops[1]/weapons[1],game/scripts/shops.txt,131,True
item_lia_blade_of_rage_agi,lia_8_players_shops[1]/weapons[1],game/scripts/shops.txt,132,True
item_lia_blade_of_rage_str,lia_8_players_shops[1]/weapons[1],game/scripts/shops.txt,133,True
item_lia_blade_of_rage_int,lia_8_players_shops[1]/weapons[1],game/scripts/shops.txt,134,True
item_lia_widow_boots,lia_8_players_shops[1]/weapons[1],game/scripts/shops.txt,135,True
item_lia_ice_sword,lia_8_players_shops[1]/weapons[1],game/scripts/shops.txt,136,True
item_lia_poleaxe_of_rage,lia_8_players_shops[1]/weapons[1],game/scripts/shops.txt,137,True
item_lia_blade_of_incorporeality,lia_8_players_shops[1]/weapons[1],game/scripts/shops.txt,138,True
item_lia_ghost_blade,lia_8_players_shops[1]/weapons[1],game/scripts/shops.txt,139,True
item_lia_bounty_hunters_crossbow,lia_8_players_shops[1]/weapons[1],game/scripts/shops.txt,140,True
item_lia_crusher,lia_8_players_shops[1]/weapons[1],game/scripts/shops.txt,141,True
item_lia_blood_moon,lia_8_players_shops[1]/weapons[1],game/scripts/shops.txt,142,True
item_lia_hammer_of_titans,lia_8_players_shops[1]/weapons[1],game/scripts/shops.txt,143,True
item_lia_lightning_bow,lia_8_players_shops[1]/weapons[1],game/scripts/shops.txt,144,True
item_lia_health_stone_potion,lia_8_players_shops[1]/pregame[1],game/scripts/shops.txt,178,True
item_lia_mana_stone_potion,lia_8_players_shops[1]/pregame[1],game/scripts/shops.txt,179,True
item_lia_health_elixir,lia_8_players_shops[1]/pregame[1],game/scripts/shops.txt,180,True
item_lia_mana_elixir,lia_8_players_shops[1]/pregame[1],game/scripts/shops.txt,181,True
item_lia_steel_sword,lia_8_players_shops[1]/pregame[1],game/scripts/shops.txt,182,True
item_lia_gloves_of_haste,lia_8_players_shops[1]/pregame[1],game/scripts/shops.txt,183,True
item_lia_claws,lia_8_players_shops[1]/pregame[1],game/scripts/shops.txt,184,True
item_lia_ring_of_regeneration,lia_8_players_shops[1]/pregame[1],game/scripts/shops.txt,185,True
item_lia_ring_of_protection,lia_8_players_shops[1]/pregame[1],game/scripts/shops.txt,186,True
item_lia_spear,lia_8_players_shops[1]/pregame[1],game/scripts/shops.txt,187,True
item_lia_orb_of_fire,lia_8_players_shops[1]/pregame[1],game/scripts/shops.txt,188,True
item_lia_amulet,lia_8_players_shops[1]/pregame[1],game/scripts/shops.txt,189,True
item_lia_ancient_glove,lia_8_players_shops[1]/pregame[1],game/scripts/shops.txt,190,True
item_lia_mask,lia_8_players_shops[1]/pregame[1],game/scripts/shops.txt,191,True
item_lia_axe,lia_8_players_shops[1]/pregame[1],game/scripts/shops.txt,192,True
item_lia_necklace,lia_8_players_shops[1]/pregame[1],game/scripts/shops.txt,193,True
item_lia_mantle,lia_8_players_shops[1]/pregame[1],game/scripts/shops.txt,194,True
item_lia_boots,lia_8_players_shops[1]/pregame[1],game/scripts/shops.txt,195,True
item_lia_mana_stone,lia_8_players_shops[1]/pregame[1],game/scripts/shops.txt,196,True
