id,name_ru,source,line,included_from_engine_root,BaseClass,Model,SoundSet,IdleSoundLoop,ModelScale,RingRadius,Level,Ability1,Ability2,Ability3,Ability4,Ability5,Ability6,Ability7,Ability8,ArmorPhysical,MagicalResistance,AttackCapabilities,AttackDamageMin,AttackDamageMax,AttackRate,AttackAnimationPoint,AttackAcquisitionRange,AttackRange,BoundsHullName,HealthBarOffset,BountyXP,BountyGoldMin,BountyGoldMax,MovementCapabilities,MovementSpeed,MovementTurnRate,StatusHealth,StatusHealthRegen,StatusMana,StatusManaRegen,TeamName,CombatClassAttack,CombatClassDefend,UnitRelationshipClass,AttackType,ArmorType,VisionDaytimeRange,VisionNighttimeRange,HasInventory,vscripts,role_inferred_from_id_path,AbilityLayout,ProjectileModel,ProjectileSpeed,StatusStartingMana,AttackDamageType,StatsManaRegen,MinimapIcon,UnitRelationShipClass,PathfindingSearchDepthScale,SplashAttack,SplashFullDamageRadius,SplashMediumRadius,SplashMediumDamage,SplashSmallRadius,SplashSmallDamage,FormationRank,IsSummoned,AttacksEnabled,GameSoundsFile,CanBeDominated,VoiceFile,UnitLabel,FollowRange,ConsideredHero,model,AttributePrimary,AttributeBaseStrength,AttributeStrengthGain,AttributeBaseIntelligence,AttributeIntelligenceGain,AttributeBaseAgility,AttributeAgilityGain,AttackDesire,UseNeutralCreepBehavior,Portrait,wearable
fire_golem_10_wave,,game/scripts/npc/units/10_wave_megaboss.txt,3,True,npc_dota_creature,models/items/warlock/golem/obsidian_golem/obsidian_golem.vmdl,Hero_WarlockGolem,Hero_WarlockGolem.Spawn_Loop,1.2,80,1,spell_immunity,fire_golem_10_wave_megaboss_immolation,,,,,,,25,100,DOTA_UNIT_CAP_MELEE_ATTACK,251,262,0.6,0.26,1000,100,DOTA_HULL_SIZE_HERO,260,1000,82,85,DOTA_UNIT_CAP_MOVE_GROUND,320,0.5,3000,1,0,0,DOTA_TEAM_GOODGUYS,DOTA_COMBAT_CLASS_ATTACK_HERO,DOTA_COMBAT_CLASS_DEFEND_HERO,DOTA_NPC_UNIT_RELATIONSHIP_TYPE_DEFAULT,chaos,heavy,1400,800,0,units\Megaboss10Spawn.lua,summon_or_other_requires_reference_review,,,,,,,,,,,,,,,,,,,,,,,,,,,,,,,,,,,,
10_wave_megaboss,Мегабосс,game/scripts/npc/units/10_wave_megaboss.txt,68,True,npc_dota_creature,models/heroes/faceless_void/faceless_void.vmdl,Hero_FacelessVoid,,1.8,90,1,10_wave_fire_golem,10_wave_rejuvenation,10_wave_antimagic,10_wave_slow,megaboss_10_return,true_sight,,,70,0,DOTA_UNIT_CAP_MELEE_ATTACK,800,800,0.2,0.3,2000,150,DOTA_HULL_SIZE_HUGE,,500,0,0,DOTA_UNIT_CAP_MOVE_GROUND,400,0.5,23000,1,2000,1,DOTA_TEAM_BADGUYS,DOTA_COMBAT_CLASS_ATTACK_HERO,DOTA_COMBAT_CLASS_DEFEND_HERO,DOTA_NPC_UNIT_RELATIONSHIP_TYPE_DEFAULT,chaos,heavy,1800,1800,0,units\Megaboss10Stats.lua,megaboss_or_final_add,6,,,1500,,,,,,,,,,,,,,,,,,,,,,,,,,,,,,,,
15_wave_megaboss,Мегабосс,game/scripts/npc/units/15_wave_megaboss.txt,3,True,npc_dota_creature,models/heroes/life_stealer/life_stealer.vmdl,Hero_Lifestealer,,1.6,105,1,15_megaboss_illusions,15_megaboss_silence,15_megaboss_astral,megaboss_15_mana_break,true_sight,megaboss_15_ghoul_purge,,,80,0,DOTA_UNIT_CAP_MELEE_ATTACK,2450,2500,1.5,0.3,2000,150,DOTA_HULL_SIZE_HUGE,,1500,0,0,DOTA_UNIT_CAP_MOVE_GROUND,250,0.5,26000,0.5,2500,1.25,DOTA_TEAM_BADGUYS,DOTA_COMBAT_CLASS_ATTACK_HERO,DOTA_COMBAT_CLASS_DEFEND_HERO,DOTA_NPC_UNIT_RELATIONSHIP_TYPE_DEFAULT,chaos,heavy,2000,2000,0,AI\15_megaboss.lua,megaboss_or_final_add,6,,,,,,,,,,,,,,,,,,,,,,,,,,,,,,,,,,,
5_wave_megaboss,Мегабосс,game/scripts/npc/units/5_wave_megaboss.txt,3,True,npc_dota_creature,models/heroes/ursa/ursa.vmdl,Hero_Ursa,,1.3,90,1,5_megaboss_firestorm,5_megaboss_stomp,megaboss_5_bash,megaboss_5_crit,true_sight,,,,20,0,DOTA_UNIT_CAP_MELEE_ATTACK,181,187,0.07,0.3,2000,150,DOTA_HULL_SIZE_HUGE,,500,0,0,DOTA_UNIT_CAP_MOVE_GROUND,350,0.5,4000,1,1000,1,DOTA_TEAM_BADGUYS,DOTA_COMBAT_CLASS_ATTACK_HERO,DOTA_COMBAT_CLASS_DEFEND_HERO,DOTA_NPC_UNIT_RELATIONSHIP_TYPE_DEFAULT,chaos,heavy,1800,1800,0,units\Megaboss5Stats.lua,megaboss_or_final_add,5,,,,,,,,,,,,,,,,,,,,,,,,,,,,,,,,,,,
android_clockwerk_goblin1,Заводной Гоблин,game/scripts/npc/units/android_units.txt,3,True,npc_dota_creature,models/heroes/rattletrap/rattletrap.vmdl,,,0.7,,0,,android_pocket_factory_spawn_goblin1,,,,,,,1,0,DOTA_UNIT_CAP_MELEE_ATTACK,10,10,0.8,0.33,500,90,DOTA_HULL_SIZE_REGULAR,140,,0,0,DOTA_UNIT_CAP_MOVE_GROUND,270,0.5,125,2,0,,DOTA_TEAM_BADGUYS,DOTA_COMBAT_CLASS_ATTACK_HERO,DOTA_COMBAT_CLASS_DEFEND_HERO,DOTA_NPC_UNIT_RELATIONSHIP_TYPE_DEFAULT,normal,heavy,900,800,,,summon_or_other_requires_reference_review,,,,,DAMAGE_TYPE_ArmorPhysical,0,,,,,,,,,,,,,,,,,,,,,,,,,,,,,,
android_clockwerk_goblin2,Заводной Гоблин,game/scripts/npc/units/android_units.txt,82,True,npc_dota_creature,models/heroes/rattletrap/rattletrap.vmdl,,,0.8,,0,,android_pocket_factory_spawn_goblin2,,,,,,,3,0,DOTA_UNIT_CAP_MELEE_ATTACK,43,43,0.7,0.33,500,90,DOTA_HULL_SIZE_REGULAR,140,,0,0,DOTA_UNIT_CAP_MOVE_GROUND,270,0.5,400,2,0,,DOTA_TEAM_BADGUYS,DOTA_COMBAT_CLASS_ATTACK_HERO,DOTA_COMBAT_CLASS_DEFEND_HERO,DOTA_NPC_UNIT_RELATIONSHIP_TYPE_DEFAULT,normal,heavy,900,800,,,summon_or_other_requires_reference_review,,,,,DAMAGE_TYPE_ArmorPhysical,0,,,,,,,,,,,,,,,,,,,,,,,,,,,,,,
android_clockwerk_goblin3,Заводной Гоблин,game/scripts/npc/units/android_units.txt,161,True,npc_dota_creature,models/heroes/rattletrap/rattletrap.vmdl,,,0.9,,0,,android_pocket_factory_spawn_goblin3,,,,,,,5,0,DOTA_UNIT_CAP_MELEE_ATTACK,76,76,0.6,0.33,500,90,DOTA_HULL_SIZE_REGULAR,140,,0,0,DOTA_UNIT_CAP_MOVE_GROUND,270,0.5,700,2,0,,DOTA_TEAM_BADGUYS,DOTA_COMBAT_CLASS_ATTACK_HERO,DOTA_COMBAT_CLASS_DEFEND_HERO,DOTA_NPC_UNIT_RELATIONSHIP_TYPE_DEFAULT,normal,heavy,1800,10,,,summon_or_other_requires_reference_review,,,,,DAMAGE_TYPE_ArmorPhysical,0,,,,,,,,,,,,,,,,,,,,,,,,,,,,,,
android_pocket_factory_building1,Мини-Завод,game/scripts/npc/units/android_units.txt,244,True,npc_dota_building,models/items/rattletrap/warmachine_cog_dc/warmachine_cog_dc.vmdl,Creep_Good_Melee,,2.5,180,4,,,,,,,,,5,0,DOTA_UNIT_CAP_NO_ATTACK,0,0,0,0,0,0,DOTA_HULL_SIZE_BARRACKS,250,,0.0,0.0,DOTA_UNIT_CAP_MOVE_NONE,0,0,500,,0,,DOTA_TEAM_BADGUYS,DOTA_COMBAT_CLASS_ATTACK_HERO,DOTA_COMBAT_CLASS_DEFEND_HERO,,siege,fortified,800,600,,,summon_or_other_requires_reference_review,,,0,,DAMAGE_TYPE_ArmorPhysical,0,minimap_racks90,DOTA_NPC_UNIT_RELATIONSHIP_TYPE_DEFAULT,,,,,,,,,,,,,,,,,,,,,,,,,,,,
android_pocket_factory_building2,Мини-Завод,game/scripts/npc/units/android_units.txt,316,True,npc_dota_building,models/items/rattletrap/warmachine_cog_dc/warmachine_cog_dc.vmdl,Creep_Good_Melee,,2.5,180,5,,,,,,,,,5,0,DOTA_UNIT_CAP_NO_ATTACK,0,0,0,0,0,0,DOTA_HULL_SIZE_BARRACKS,250,,0.0,0.0,DOTA_UNIT_CAP_MOVE_NONE,0,0,1000,,0,,DOTA_TEAM_BADGUYS,DOTA_COMBAT_CLASS_ATTACK_HERO,DOTA_COMBAT_CLASS_DEFEND_HERO,,siege,fortified,800,600,,,summon_or_other_requires_reference_review,,,0,,DAMAGE_TYPE_ArmorPhysical,0,minimap_racks90,DOTA_NPC_UNIT_RELATIONSHIP_TYPE_DEFAULT,,,,,,,,,,,,,,,,,,,,,,,,,,,,
android_pocket_factory_building3,Мини-Завод,game/scripts/npc/units/android_units.txt,388,True,npc_dota_building,models/items/rattletrap/warmachine_cog_dc/warmachine_cog_dc.vmdl,Creep_Good_Melee,,2.5,180,6,,,,,,,,,5,0,DOTA_UNIT_CAP_NO_ATTACK,0,0,0,0,0,0,DOTA_HULL_SIZE_BARRACKS,250,,0.0,0.0,DOTA_UNIT_CAP_MOVE_NONE,0,0,1500,,0,,DOTA_TEAM_BADGUYS,DOTA_COMBAT_CLASS_ATTACK_HERO,DOTA_COMBAT_CLASS_DEFEND_HERO,,siege,fortified,800,600,,,summon_or_other_requires_reference_review,,,0,,DAMAGE_TYPE_ArmorPhysical,0,minimap_racks90,DOTA_NPC_UNIT_RELATIONSHIP_TYPE_DEFAULT,,,,,,,,,,,,,,,,,,,,,,,,,,,,
white_wolf_bm,Белый Волк,game/scripts/npc/units/beastmaster_creeps.txt,3,True,npc_dota_creature,models/items/lycan/wolves/icewrack_pack/icewrack_pack.vmdl,n_creep_Melee,,1,,1,white_wolf_bm_howl,white_wolf_bm_crit,,,,,,,4,0,DOTA_UNIT_CAP_MELEE_ATTACK,61,65,1.15,0.3,500,90,,,0,0,0,DOTA_UNIT_CAP_MOVE_GROUND,500,0.6,950,0,200,1,DOTA_TEAM_GOODGUYS,DOTA_COMBAT_CLASS_ATTACK_HERO,DOTA_COMBAT_CLASS_DEFEND_HERO,DOTA_NPC_UNIT_RELATIONSHIP_TYPE_DEFAULT,normal,heavy,900,800,0,,summon_or_other_requires_reference_review,,,,,,,,,,,,,,,,,,,,,,,,,,,,,,,,,,,,
jungle_stalker_bm,Повелитель Джунглей,game/scripts/npc/units/beastmaster_creeps.txt,63,True,npc_dota_creature,models/heroes/tidehunter/tidehunter.vmdl,n_creep_Melee,,1,,1,jungle_stalker_bm_rejuvenation,jungle_stalker_bm_crit,,,,,,,5,0,DOTA_UNIT_CAP_MELEE_ATTACK,80,80,0.85,0.3,500,128,,,0,0,0,DOTA_UNIT_CAP_MOVE_GROUND,320,0.6,600,0,300,1,DOTA_TEAM_GOODGUYS,DOTA_COMBAT_CLASS_ATTACK_HERO,DOTA_COMBAT_CLASS_DEFEND_HERO,DOTA_NPC_UNIT_RELATIONSHIP_TYPE_DEFAULT,normal,heavy,900,800,0,,summon_or_other_requires_reference_review,,,,,,,,,,,,,,,,,,,,,,,,,,,,,,,,,,,,
phoenix_bm,Феникс,game/scripts/npc/units/beastmaster_creeps.txt,123,True,npc_dota_creature,models/heroes/phoenix/phoenix_bird.vmdl,Hero_Phoenix,,1,,1,spell_immunity,phoenix_bm_spawn_egg,phoenix_bm_phoenix_fire,,,,,,7,0,DOTA_UNIT_CAP_RANGED_ATTACK,100,130,1.4,0.43,500,600,,,0,0,0,DOTA_UNIT_CAP_MOVE_FLY,320,0.6,1400,-25,0,0,DOTA_TEAM_GOODGUYS,DOTA_COMBAT_CLASS_ATTACK_HERO,DOTA_COMBAT_CLASS_DEFEND_HERO,DOTA_NPC_UNIT_RELATIONSHIP_TYPE_DEFAULT,chaos,light,900,800,0,,summon_or_other_requires_reference_review,,particles/units/heroes/hero_phoenix/phoenix_base_attack.vpcf,1800,,,,,,,,,,,,,,,,,,,,,,,,,,,,,,,,,
phoenix_egg_bm,Яйцо Феникса,game/scripts/npc/units/beastmaster_creeps.txt,186,True,npc_dota_creature,models/heroes/phoenix/phoenix_egg.vmdl,n_creep_Melee,,0.5,,1,spell_immunity,phoenix_egg_bm_spawn_phoenix,,,,,,,0,0,DOTA_UNIT_CAP_NO_ATTACK,,,,,,,,,,,,DOTA_UNIT_CAP_MOVE_NONE,,,200,0,0,0,DOTA_TEAM_GOODGUYS,DOTA_COMBAT_CLASS_ATTACK_HERO,DOTA_COMBAT_CLASS_DEFEND_HERO,DOTA_NPC_UNIT_RELATIONSHIP_TYPE_DEFAULT,normal,heavy,600,600,0,,summon_or_other_requires_reference_review,,,,,,,,,,,,,,,,,,,,,,,,,,,,,,,,,,,,
bear_bm,Медведь,game/scripts/npc/units/beastmaster_creeps.txt,235,True,npc_dota_creature,models/heroes/lone_druid/spirit_bear.vmdl,n_creep_Melee,,1,,1,5_megaboss_crit,5_megaboss_bash,,,,,,,15,0,DOTA_UNIT_CAP_MELEE_ATTACK,350,400,2.45,0.3,500,128,,,0,0,0,DOTA_UNIT_CAP_MOVE_GROUND,300,0.6,3200,2,0,0,DOTA_TEAM_GOODGUYS,DOTA_COMBAT_CLASS_ATTACK_HERO,DOTA_COMBAT_CLASS_DEFEND_HERO,DOTA_NPC_UNIT_RELATIONSHIP_TYPE_DEFAULT,normal,heavy,900,800,0,,summon_or_other_requires_reference_review,,,,,,,,,,,,,,,,,,,,,,,,,,,,,,,,,,,,
npc_crypt_lord_locust,,game/scripts/npc/units/beetle.txt,3,True,npc_dota_thinker,models/development/invisiblebox.vmdl,,,1,,1,,,,,,,,,0,0,DOTA_UNIT_CAP_MELEE_ATTACK,13.0,14.0,1,0,900,10,DOTA_HULL_SIZE_HERO,140,,26.0,38.0,DOTA_UNIT_CAP_MOVE_FLY,400,0.2,65,0.25,,,DOTA_TEAM_BADGUYS,DOTA_COMBAT_CLASS_ATTACK_HERO,DOTA_COMBAT_CLASS_DEFEND_HERO,,normal,light,0,10,,,summon_or_other_requires_reference_review,,,500,,DAMAGE_TYPE_ArmorPhysical,-,,DOTA_NPC_UNIT_RELATIONSHIP_TYPE_DEFAULT,,,,,,,,,,,,,,,,,,,,,,,,,,,,
butcher_zombie_1,Зомби,game/scripts/npc/units/butcher_zombies.txt,3,True,npc_dota_creature,models/heroes/undying/undying_minion.vmdl,Undying_Zombie,,0.7,,1,butcher_skin,,,,,,,,0,0,DOTA_UNIT_CAP_MELEE_ATTACK,15,15,0.8,0.5,500,100,DOTA_HULL_SIZE_HERO,,0,0,0,DOTA_UNIT_CAP_MOVE_GROUND,300,0.5,200,1,0,0,DOTA_TEAM_GOODGUYS,DOTA_COMBAT_CLASS_ATTACK_HERO,DOTA_COMBAT_CLASS_DEFEND_HERO,DOTA_NPC_UNIT_RELATIONSHIP_TYPE_DEFAULT,normal,heavy,800,800,0,,summon_or_other_requires_reference_review,,,,,,,,,,,,,,,,,,,,,,,,,,,,,,,,,,,,
butcher_zombie_2,Зомби,game/scripts/npc/units/butcher_zombies.txt,60,True,npc_dota_creature,models/heroes/undying/undying_minion.vmdl,Undying_Zombie,,0.7,,1,butcher_skin,,,,,,,,3,0,DOTA_UNIT_CAP_MELEE_ATTACK,40,40,0.8,0.5,500,100,DOTA_HULL_SIZE_HERO,,0,0,0,DOTA_UNIT_CAP_MOVE_GROUND,300,0.5,400,1,0,0,DOTA_TEAM_GOODGUYS,DOTA_COMBAT_CLASS_ATTACK_HERO,DOTA_COMBAT_CLASS_DEFEND_HERO,DOTA_NPC_UNIT_RELATIONSHIP_TYPE_DEFAULT,normal,heavy,800,800,0,,summon_or_other_requires_reference_review,,,,,,,,,,,,,,,,,,,,,,,,,,,,,,,,,,,,
butcher_zombie_3,Зомби,game/scripts/npc/units/butcher_zombies.txt,117,True,npc_dota_creature,models/heroes/undying/undying_minion.vmdl,Undying_Zombie,,0.7,,1,butcher_zombie_bash,butcher_skin,,,,,,,3,0,DOTA_UNIT_CAP_MELEE_ATTACK,70,70,0.8,0.5,500,100,DOTA_HULL_SIZE_HERO,,0,0,0,DOTA_UNIT_CAP_MOVE_GROUND,330,0.5,600,4,0,0,DOTA_TEAM_GOODGUYS,DOTA_COMBAT_CLASS_ATTACK_HERO,DOTA_COMBAT_CLASS_DEFEND_HERO,DOTA_NPC_UNIT_RELATIONSHIP_TYPE_DEFAULT,normal,heavy,800,800,0,,summon_or_other_requires_reference_review,,,,,,,,,,,,,,,,,,,,,,,,,,,,,,,,,,,,
camera_guy,,game/scripts/npc/units/camera_guy.txt,3,True,npc_dota_creature,models/development/invisiblebox.vmdl,,,,,1,camera_passive,,,,,,,,,,,,,,,,,,,,,,,,,,,,,,,,,,,,,,,helper_or_decoration,,,,,,,,,,,,,,,,,,,,,,,,,,,,,,,,,,,,
arena_rock,Камень,game/scripts/npc/units/decorations.txt,3,True,npc_dota_building,models/props_rock/riveredge_rocks_wallstep002.vmdl,,,1.1,,1,barrel_no_health_bar,,,,,,,,0,100,DOTA_UNIT_CAP_NO_ATTACK,,,,,0,,DOTA_HULL_SIZE_HUGE,,0,0,0,DOTA_UNIT_CAP_MOVE_NONE,,,1,0,0,0,DOTA_TEAM_GOODGUYS,DOTA_COMBAT_CLASS_ATTACK_PIERCE,DOTA_COMBAT_CLASS_DEFEND_STRUCTURE,DOTA_NPC_UNIT_RELATIONSHIP_TYPE_WARD,,,0,0,0,destrSpawn.lua,helper_or_decoration,,,,,,,,,,,,,,,,,,,,,,,,,,,,,,,,,,,,
arena_rock_2,Камень,game/scripts/npc/units/decorations.txt,49,True,npc_dota_building,models/props_rock/riveredge_rock010a.vmdl,,,0.4,,1,barrel_no_health_bar,,,,,,,,0,100,DOTA_UNIT_CAP_NO_ATTACK,,,,,0,,DOTA_HULL_SIZE_HUGE,,0,0,0,DOTA_UNIT_CAP_MOVE_NONE,,,1,0,0,0,DOTA_TEAM_GOODGUYS,DOTA_COMBAT_CLASS_ATTACK_PIERCE,DOTA_COMBAT_CLASS_DEFEND_STRUCTURE,DOTA_NPC_UNIT_RELATIONSHIP_TYPE_WARD,,,0,0,0,destrSpawn.lua,helper_or_decoration,,,,,,,,,,,,,,,,,,,,,,,,,,,,,,,,,,,,
arena_rock_3,Камень,game/scripts/npc/units/decorations.txt,95,True,npc_dota_building,models/props_rock/riveredge_rock005a.vmdl,,,0.6,,1,barrel_no_health_bar,,,,,,,,0,100,DOTA_UNIT_CAP_NO_ATTACK,,,,,0,,DOTA_HULL_SIZE_HUGE,,0,0,0,DOTA_UNIT_CAP_MOVE_NONE,,,1,0,0,0,DOTA_TEAM_GOODGUYS,DOTA_COMBAT_CLASS_ATTACK_PIERCE,DOTA_COMBAT_CLASS_DEFEND_STRUCTURE,DOTA_NPC_UNIT_RELATIONSHIP_TYPE_WARD,,,0,0,0,destrSpawn.lua,helper_or_decoration,,,,,,,,,,,,,,,,,,,,,,,,,,,,,,,,,,,,
arena_rock_4,Камень,game/scripts/npc/units/decorations.txt,140,True,npc_dota_building,models/props_rock/riveredge_rock009a.vmdl,,,0.4,,1,barrel_no_health_bar,,,,,,,,0,100,DOTA_UNIT_CAP_NO_ATTACK,,,,,0,,DOTA_HULL_SIZE_HUGE,,0,0,0,DOTA_UNIT_CAP_MOVE_NONE,,,1,0,0,0,DOTA_TEAM_GOODGUYS,DOTA_COMBAT_CLASS_ATTACK_PIERCE,DOTA_COMBAT_CLASS_DEFEND_STRUCTURE,DOTA_NPC_UNIT_RELATIONSHIP_TYPE_WARD,,,0,0,0,destrSpawn.lua,helper_or_decoration,,,,,,,,,,,,,,,,,,,,,,,,,,,,,,,,,,,,
arena_rock_5,Камень,game/scripts/npc/units/decorations.txt,185,True,npc_dota_building,models/props_mines/mines_rocks_ew_01c.vmdl,,,1,,1,barrel_no_health_bar,,,,,,,,0,100,DOTA_UNIT_CAP_NO_ATTACK,,,,,0,,DOTA_HULL_SIZE_HUGE,,0,0,0,DOTA_UNIT_CAP_MOVE_NONE,,,1,0,0,0,DOTA_TEAM_GOODGUYS,DOTA_COMBAT_CLASS_ATTACK_PIERCE,DOTA_COMBAT_CLASS_DEFEND_STRUCTURE,DOTA_NPC_UNIT_RELATIONSHIP_TYPE_WARD,,,0,0,0,destrSpawn.lua,helper_or_decoration,,,,,,,,,,,,,,,,,,,,,,,,,,,,,,,,,,,,
arena_center_box,Коробка,game/scripts/npc/units/decorations.txt,231,True,npc_dota_building,models/props_mines/mines_rocks_ew_01c.vmdl,,,1,,1,barrel_no_health_bar,,,,,,,,0,100,DOTA_UNIT_CAP_NO_ATTACK,,,,,0,,DOTA_HULL_SIZE_HUGE,,0,0,0,DOTA_UNIT_CAP_MOVE_NONE,,,1,0,0,0,DOTA_TEAM_GOODGUYS,DOTA_COMBAT_CLASS_ATTACK_PIERCE,DOTA_COMBAT_CLASS_DEFEND_STRUCTURE,DOTA_NPC_UNIT_RELATIONSHIP_TYPE_WARD,,,0,0,0,destrSpawn.lua,helper_or_decoration,,,,,,,,,,,,,,,,,,,,,,,,,,,,,,,,,,,,
barricades,Баррикады,game/scripts/npc/units/decorations.txt,277,True,npc_dota_building,models/cage.vmdl,,,0.85,70,1,barrel_no_health_bar,,,,,,,,0,100,DOTA_UNIT_CAP_NO_ATTACK,,,,,0,,DOTA_HULL_SIZE_HUGE,,0,0,0,DOTA_UNIT_CAP_MOVE_NONE,,,1,0,0,0,DOTA_TEAM_GOODGUYS,DOTA_COMBAT_CLASS_ATTACK_PIERCE,DOTA_COMBAT_CLASS_DEFEND_STRUCTURE,DOTA_NPC_UNIT_RELATIONSHIP_TYPE_WARD,,,0,0,0,destrSpawn.lua,helper_or_decoration,,,,,,,,,,,,,,,,,,,,,,,,,,,,,,,,,,,,
barricades_small,Баррикады,game/scripts/npc/units/decorations.txt,325,True,npc_dota_building,models/cage.vmdl,,,0.75,65,1,barrel_no_health_bar,,,,,,,,0,100,DOTA_UNIT_CAP_NO_ATTACK,,,,,0,,DOTA_HULL_SIZE_HUGE,,0,0,0,DOTA_UNIT_CAP_MOVE_NONE,,,1,0,0,0,DOTA_TEAM_GOODGUYS,DOTA_COMBAT_CLASS_ATTACK_PIERCE,DOTA_COMBAT_CLASS_DEFEND_STRUCTURE,DOTA_NPC_UNIT_RELATIONSHIP_TYPE_WARD,,,0,0,0,destrSpawn.lua,helper_or_decoration,,,,,,,,,,,,,,,,,,,,,,,,,,,,,,,,,,,,
barricades_big,Баррикады,game/scripts/npc/units/decorations.txt,373,True,npc_dota_building,models/cage.vmdl,,,0.95,75,1,barrel_no_health_bar,,,,,,,,0,100,DOTA_UNIT_CAP_NO_ATTACK,,,,,0,,DOTA_HULL_SIZE_HUGE,,0,0,0,DOTA_UNIT_CAP_MOVE_NONE,,,1,0,0,0,DOTA_TEAM_GOODGUYS,DOTA_COMBAT_CLASS_ATTACK_PIERCE,DOTA_COMBAT_CLASS_DEFEND_STRUCTURE,DOTA_NPC_UNIT_RELATIONSHIP_TYPE_WARD,,,0,0,0,destrSpawn.lua,helper_or_decoration,,,,,,,,,,,,,,,,,,,,,,,,,,,,,,,,,,,,
npc_dota_creature_barrel,Бочка,game/scripts/npc/units/decorations.txt,421,True,npc_dota_building,models/new_barrel/barrel002_reference.vmdl,,,0.9,,1,barrel_no_health_bar,,,,,,,,0,100,DOTA_UNIT_CAP_NO_ATTACK,,,,,0,,DOTA_HULL_SIZE_HERO,,0,0,0,DOTA_UNIT_CAP_MOVE_NONE,,,1,0,0,0,DOTA_TEAM_GOODGUYS,DOTA_COMBAT_CLASS_ATTACK_PIERCE,DOTA_COMBAT_CLASS_DEFEND_STRUCTURE,DOTA_NPC_UNIT_RELATIONSHIP_TYPE_WARD,,,0,0,0,destrSpawn.lua,helper_or_decoration,,,,,,,,,,,,,,,,,,,,,,,,,,,,,,,,,,,,
small_barrel,Бочка,game/scripts/npc/units/decorations.txt,472,True,npc_dota_building,models/new_barrel/barrel002_reference.vmdl,,,0.85,,1,barrel_no_health_bar,,,,,,,,0,100,DOTA_UNIT_CAP_NO_ATTACK,,,,,0,,DOTA_HULL_SIZE_HERO,,0,0,0,DOTA_UNIT_CAP_MOVE_NONE,,,1,0,0,0,DOTA_TEAM_GOODGUYS,DOTA_COMBAT_CLASS_ATTACK_PIERCE,DOTA_COMBAT_CLASS_DEFEND_STRUCTURE,DOTA_NPC_UNIT_RELATIONSHIP_TYPE_WARD,,,0,0,0,destrSpawn.lua,helper_or_decoration,,,,,,,,,,,,,,,,,,,,,,,,,,,,,,,,,,,,
small_barrel_side,Бочка,game/scripts/npc/units/decorations.txt,518,True,npc_dota_building,models/new_barrel/barrel002_reference2.vmdl,,,0.85,,1,barrel_no_health_bar,,,,,,,,0,100,DOTA_UNIT_CAP_NO_ATTACK,,,,,0,,DOTA_HULL_SIZE_HERO,,0,0,0,DOTA_UNIT_CAP_MOVE_NONE,,,1,0,0,0,DOTA_TEAM_GOODGUYS,DOTA_COMBAT_CLASS_ATTACK_PIERCE,DOTA_COMBAT_CLASS_DEFEND_STRUCTURE,DOTA_NPC_UNIT_RELATIONSHIP_TYPE_WARD,,,0,0,0,destrSpawn.lua,helper_or_decoration,,,,,,,,,,,,,,,,,,,,,,,,,,,,,,,,,,,,
big_barrel,Бочка,game/scripts/npc/units/decorations.txt,565,True,npc_dota_building,models/new_barrel/barrel002_reference.vmdl,,,0.99,,1,barrel_no_health_bar,,,,,,,,0,100,DOTA_UNIT_CAP_NO_ATTACK,,,,,0,,DOTA_HULL_SIZE_HERO,,0,0,0,DOTA_UNIT_CAP_MOVE_NONE,,,1,0,0,0,DOTA_TEAM_GOODGUYS,DOTA_COMBAT_CLASS_ATTACK_PIERCE,DOTA_COMBAT_CLASS_DEFEND_STRUCTURE,DOTA_NPC_UNIT_RELATIONSHIP_TYPE_WARD,,,0,0,0,destrSpawn.lua,helper_or_decoration,,,,,,,,,,,,,,,,,,,,,,,,,,,,,,,,,,,,
tnt_barrel,Бочка со Взрывчаткой,game/scripts/npc/units/decorations.txt,611,True,npc_dota_building,models/heroes/techies/fx_techies_remotebomb.vmdl,,,1.5,,1,barrel_no_health_bar,barrel_explosion,barrel_invulnerability,,,,,,0,100,DOTA_UNIT_CAP_NO_ATTACK,,,,,0,,DOTA_HULL_SIZE_HUGE,,0,0,0,DOTA_UNIT_CAP_MOVE_NONE,,,1,0,0,0,DOTA_TEAM_GOODGUYS,DOTA_COMBAT_CLASS_ATTACK_PIERCE,DOTA_COMBAT_CLASS_DEFEND_STRUCTURE,DOTA_NPC_UNIT_RELATIONSHIP_TYPE_WARD,,,0,0,0,destrSpawn.lua,helper_or_decoration,,,,,,,,,,,,,,,,,,,,,,,,,,,,,,,,,,,,
barricades_halloween,,game/scripts/npc/units/decorations.txt,657,True,npc_dota_building,models/props_structures/pumpkin003.vmdl,,,2.6,70,1,barrel_no_health_bar,,,,,,,,0,100,DOTA_UNIT_CAP_NO_ATTACK,,,,,0,,DOTA_HULL_SIZE_HUGE,,0,0,0,DOTA_UNIT_CAP_MOVE_NONE,,,1,0,0,0,DOTA_TEAM_GOODGUYS,DOTA_COMBAT_CLASS_ATTACK_PIERCE,DOTA_COMBAT_CLASS_DEFEND_STRUCTURE,DOTA_NPC_UNIT_RELATIONSHIP_TYPE_WARD,,,0,0,0,destrSpawn.lua,helper_or_decoration,,,,,,,,,,,,,,,,,,,,,,,,,,,,,,,,,,,,
barricades_halloween2,,game/scripts/npc/units/decorations.txt,705,True,npc_dota_building,models/props_structures/pumpkin002.vmdl,,,1,70,1,barrel_no_health_bar,,,,,,,,0,100,DOTA_UNIT_CAP_NO_ATTACK,,,,,0,,DOTA_HULL_SIZE_HUGE,,0,0,0,DOTA_UNIT_CAP_MOVE_NONE,,,1,0,0,0,DOTA_TEAM_GOODGUYS,DOTA_COMBAT_CLASS_ATTACK_PIERCE,DOTA_COMBAT_CLASS_DEFEND_STRUCTURE,DOTA_NPC_UNIT_RELATIONSHIP_TYPE_WARD,,,0,0,0,destrSpawn.lua,helper_or_decoration,,,,,,,,,,,,,,,,,,,,,,,,,,,,,,,,,,,,
barricades_halloween3,,game/scripts/npc/units/decorations.txt,753,True,npc_dota_building,models/props_structures/pumpkin001.vmdl,,,1,70,1,barrel_no_health_bar,,,,,,,,0,100,DOTA_UNIT_CAP_NO_ATTACK,,,,,0,,DOTA_HULL_SIZE_HUGE,,0,0,0,DOTA_UNIT_CAP_MOVE_NONE,,,1,0,0,0,DOTA_TEAM_GOODGUYS,DOTA_COMBAT_CLASS_ATTACK_PIERCE,DOTA_COMBAT_CLASS_DEFEND_STRUCTURE,DOTA_NPC_UNIT_RELATIONSHIP_TYPE_WARD,,,0,0,0,destrSpawn.lua,helper_or_decoration,,,,,,,,,,,,,,,,,,,,,,,,,,,,,,,,,,,,
dummy_unit,,game/scripts/npc/units/dummy_unit.txt,3,True,npc_dota_creature,,,,,,,dummy_passive,,,,,,,,,,DOTA_UNIT_CAP_NO_ATTACK,,,,,,,,,,,,DOTA_UNIT_CAP_MOVE_NONE,,,,,,,,,,DOTA_NPC_UNIT_RELATIONSHIP_TYPE_WARD,,,0,0,,,helper_or_decoration,4,,,,,,,,,,,,,,,,,,,,,,,,,,,,,,,,,,,
dummy_unit_vulnerable,,game/scripts/npc/units/dummy_unit.txt,15,True,npc_dota_creature,,,,,,,dummy_passive_vulnerable,,,,,,,,,,DOTA_UNIT_CAP_NO_ATTACK,,,,,,,,,,,,DOTA_UNIT_CAP_MOVE_NONE,,,,,,,,,,DOTA_NPC_UNIT_RELATIONSHIP_TYPE_WARD,,,0,0,,,helper_or_decoration,4,,,,,,,,,,,,,,,,,,,,,,,,,,,,,,,,,,,
dummy_unit_building,,game/scripts/npc/units/dummy_unit.txt,27,True,npc_dota_creature,,,,,,,dummy_passive,,,,,,,,,,DOTA_UNIT_CAP_NO_ATTACK,,,,,,,DOTA_HULL_SIZE_BARRACKS,,,,,DOTA_UNIT_CAP_MOVE_NONE,,,,,,,,,,DOTA_NPC_UNIT_RELATIONSHIP_TYPE_DEFAULT,,,0,0,,,helper_or_decoration,4,,,,,,,,,,,,,,,,,,,,,,,,,,,,,,,,,,,
dummy_unit_anomaly,,game/scripts/npc/units/dummy_unit.txt,40,True,npc_dota_creature,,,,,,,dummy_passive,,,,,,,,,,DOTA_UNIT_CAP_NO_ATTACK,,,,,,,,,,,,DOTA_UNIT_CAP_MOVE_NONE,,,,,,,,,,DOTA_NPC_UNIT_RELATIONSHIP_TYPE_WARD,,,0,0,,,helper_or_decoration,4,,,,,,,,,,,,,,,,,,,,,,,,,,,,,,,,,,,
dummy_unit_side_effect,,game/scripts/npc/units/dummy_unit.txt,52,True,npc_dota_creature,,,,,,,dummy_passive,,,,,,,,,,DOTA_UNIT_CAP_NO_ATTACK,,,,,,,,,,,,DOTA_UNIT_CAP_MOVE_NONE,,,,,,,,,,DOTA_NPC_UNIT_RELATIONSHIP_TYPE_WARD,,,0,0,,,helper_or_decoration,4,,,,,,,,,,,,,,,,,,,,,,,,,,,,,,,,,,,
dummy_unit_phase_hero,,game/scripts/npc/units/dummy_unit.txt,64,True,npc_dota_creature,,,,,,,dummy_passive_nofly,,,,,,,,,,DOTA_UNIT_CAP_NO_ATTACK,,,,,,,,,,,,DOTA_UNIT_CAP_MOVE_NONE,,,,,,,,,,DOTA_NPC_UNIT_RELATIONSHIP_TYPE_DEFAULT,,,0,0,,,helper_or_decoration,4,,,,,,,,,,,,,,,,,,,,,,,,,,,,,,,,,,,
dummy_unit_pure_light,,game/scripts/npc/units/dummy_unit.txt,77,True,npc_dota_creature,,,,,,,dummy_passive,pure_light_ability,,,,,,,,,DOTA_UNIT_CAP_NO_ATTACK,,,,,,,,,,,,DOTA_UNIT_CAP_MOVE_NONE,,,,,,,,,,DOTA_NPC_UNIT_RELATIONSHIP_TYPE_WARD,,,0,0,,,helper_or_decoration,4,,,,,,,,,,,,,,,,,,,,,,,,,,,,,,,,,,,
1_wave_boss_extreme,Босс,game/scripts/npc/units/extreme_mode_bosses.txt,3,True,npc_dota_creature,models/creeps/neutral_creeps/n_creep_kobold/kobold_a/n_creep_kobold_a.vmdl,n_creep_Melee,,1.3,,1,1_wave_stomp_extreme,wave_1_poison_extreme,,,,,,,7,0,DOTA_UNIT_CAP_MELEE_ATTACK,61,62,0.85,0.53,900,100,,,25,35,35,DOTA_UNIT_CAP_MOVE_GROUND,300,0.5,400,0.5,500,1,DOTA_TEAM_BADGUYS,DOTA_COMBAT_CLASS_ATTACK_HERO,DOTA_COMBAT_CLASS_DEFEND_HERO,DOTA_NPC_UNIT_RELATIONSHIP_TYPE_DEFAULT,normal,heavy,900,800,0,AI\1_wave_bosses_extreme.lua,wave_boss,,,,,,,,,0.5,,,,,,,,,,,,,,,,,,,,,,,,,,,
2_wave_boss_extreme,Босс,game/scripts/npc/units/extreme_mode_bosses.txt,68,True,npc_dota_creature,models/creeps/neutral_creeps/n_creep_centaur_lrg/n_creep_centaur_lrg.vmdl,n_creep_Melee,,1,,1,wave_2_centaurs_revenge_extreme,2_wave_war_stomp_extreme,wave_2_aura_of_vengeance_extreme,second_wave_wave_of_force_extreme,,,,,10,0,DOTA_UNIT_CAP_MELEE_ATTACK,101,102,0.95,0.5,900,100,,,25,35,35,DOTA_UNIT_CAP_MOVE_GROUND,350,0.5,700,0.5,250,1,DOTA_TEAM_BADGUYS,DOTA_COMBAT_CLASS_ATTACK_HERO,DOTA_COMBAT_CLASS_DEFEND_HERO,DOTA_NPC_UNIT_RELATIONSHIP_TYPE_DEFAULT,normal,heavy,900,800,0,AI\2_wave_bosses_extreme.lua,wave_boss,,,,,,,,,0.5,,,,,,,,,,,,,,,,,,,,,,,,,,,
3_wave_boss_extreme,Босс,game/scripts/npc/units/extreme_mode_bosses.txt,132,True,npc_dota_creature,models/creeps/neutral_creeps/n_creep_dragonspawn_a/n_creep_dragonspawn_a.vmdl,n_creep_Melee,,1,,1,wave_3_evasion_extreme,3_wave_rejuvenation_extreme,,,,,,,13,0,DOTA_UNIT_CAP_MELEE_ATTACK,176,182,0.9,0.3,900,100,,,25,35,35,DOTA_UNIT_CAP_MOVE_GROUND,270,0.6,1000,0.5,400,1,DOTA_TEAM_BADGUYS,DOTA_COMBAT_CLASS_ATTACK_HERO,DOTA_COMBAT_CLASS_DEFEND_HERO,DOTA_NPC_UNIT_RELATIONSHIP_TYPE_DEFAULT,normal,medium,900,800,0,AI\3_wave_bosses_extreme.lua,wave_boss,,,,,,,,,0.5,,,,,,,,,,,,,,,,,,,,,,,,,,,
4_wave_boss_extreme,Босс,game/scripts/npc/units/extreme_mode_bosses.txt,195,True,npc_dota_creature,models/creeps/neutral_creeps/n_creep_troll_dark_b/n_creep_troll_dark_b.vmdl,n_creep_Ranged,,0.9,,1,4_wave_death_coil,4_wave_ensnare_extreme,4_wave_true_hit_extreme,,,,,,14,0,DOTA_UNIT_CAP_RANGED_ATTACK,151,154,0.8,0.3,900,800,,,25,40,40,DOTA_UNIT_CAP_MOVE_GROUND,270,0.5,1200,0.5,400,1,DOTA_TEAM_BADGUYS,DOTA_COMBAT_CLASS_ATTACK_HERO,DOTA_COMBAT_CLASS_DEFEND_HERO,DOTA_NPC_UNIT_RELATIONSHIP_TYPE_DEFAULT,pierce,heavy,900,800,0,AI\4_wave_bosses_extreme.lua,wave_boss,,particles/base_attacks/ranged_badguy.vpcf,1200,,,,,,0.5,,,,,,,,,,,,,,,,,,,,,,,,,,,
6_wave_boss_extreme,Босс,game/scripts/npc/units/extreme_mode_bosses.txt,259,True,npc_dota_creature,models/creeps/thief/thief_01_leader.vmdl,n_creep_Melee,,1.2,,1,6_wave_curse,6_wave_cripple,wave_6_invisibility,,,,,,16,0,DOTA_UNIT_CAP_MELEE_ATTACK,251,253,0.85,0.3,900,100,,,33,40,40,DOTA_UNIT_CAP_MOVE_GROUND,400,0.6,2200,0.5,800,0.75,DOTA_TEAM_BADGUYS,DOTA_COMBAT_CLASS_ATTACK_HERO,DOTA_COMBAT_CLASS_DEFEND_HERO,DOTA_NPC_UNIT_RELATIONSHIP_TYPE_DEFAULT,normal,heavy,900,800,0,AI\6_wave_bosses_extreme.lua,wave_boss,,,,350,,,,,0.5,,,,,,,,,,,,,,,,,,,,,,,,,,,
7_wave_boss_extreme,Босс,game/scripts/npc/units/extreme_mode_bosses.txt,319,True,npc_dota_creature,models/items/furion/treant_stump.vmdl,n_creep_Melee,,1.5,,1,7_wave_howl_of_terror_extreme,7_wave_plague,7_wave_sharp_claws_extreme,,,,,,18,0,DOTA_UNIT_CAP_MELEE_ATTACK,351,355,0.45,0.3,900,100,,,33,40,40,DOTA_UNIT_CAP_MOVE_GROUND,500,0.5,3200,0.5,450,1,DOTA_TEAM_BADGUYS,DOTA_COMBAT_CLASS_ATTACK_HERO,DOTA_COMBAT_CLASS_DEFEND_HERO,DOTA_NPC_UNIT_RELATIONSHIP_TYPE_DEFAULT,normal,heavy,900,800,0,AI\7_wave_bosses_extreme.lua,wave_boss,,,,400,,,,,0.5,,,,,,,,,,,,,,,,,,,,,,,,,,,
8_wave_boss_extreme,Босс,game/scripts/npc/units/extreme_mode_bosses.txt,384,True,npc_dota_creature,models/creeps/lane_creeps/creep_bad_melee/creep_bad_melee_mega.vmdl,Hero_Sven,,1.5,,1,wave_8_cleave,custom_spell_immunity,wave_8_lifesteal_aura,8_wave_storm_bolt,wave_8_lifesteal_extreme,,,,22,0,DOTA_UNIT_CAP_MELEE_ATTACK,401,404,0.95,0.3,900,100,,,33,50,50,DOTA_UNIT_CAP_MOVE_GROUND,270,0.6,3300,3.0,300,0.75,DOTA_TEAM_BADGUYS,DOTA_COMBAT_CLASS_ATTACK_HERO,DOTA_COMBAT_CLASS_DEFEND_HERO,DOTA_NPC_UNIT_RELATIONSHIP_TYPE_DEFAULT,normal,heavy,900,800,0,AI\8_wave_bosses.lua,wave_boss,,,,,,,,,0.5,,,,,,,,,,,,,,,,,,,,,,,,,,,
9_wave_boss_extreme,Босс,game/scripts/npc/units/extreme_mode_bosses.txt,448,True,npc_dota_creature,models/heroes/morphling/morphling.vmdl,Hero_Morphling,,1,,1,9_wave_frost_nova,wave_9_morphallaxis,,,,,,,25,0,DOTA_UNIT_CAP_RANGED_ATTACK,401,410,0.7,0.3,900,600,,,33,45,45,DOTA_UNIT_CAP_MOVE_GROUND,220,0.5,4000,0.5,400,1,DOTA_TEAM_BADGUYS,DOTA_COMBAT_CLASS_ATTACK_HERO,DOTA_COMBAT_CLASS_DEFEND_HERO,DOTA_NPC_UNIT_RELATIONSHIP_TYPE_DEFAULT,pierce,medium,900,800,0,AI\9_wave_bosses.lua,wave_boss,,particles/units/heroes/hero_morphling/morphling_base_attack.vpcf,1300,,,,,,0.5,,,,,,,,,,,,,,,,,,,,,,,,,,,
11_wave_boss_extreme,Босс,game/scripts/npc/units/extreme_mode_bosses.txt,529,True,npc_dota_creature,models/items/beastmaster/boar/beast_deming/beast_deming.vmdl,n_creep_Melee,,1.3,,1,wave_11_mana_break_extreme,,,,,,,,30,0,DOTA_UNIT_CAP_MELEE_ATTACK,451,456,0.25,0.3,900,100,,,48,50,50,DOTA_UNIT_CAP_MOVE_GROUND,320,0.5,7000,0.5,0,0.75,DOTA_TEAM_BADGUYS,DOTA_COMBAT_CLASS_ATTACK_HERO,DOTA_COMBAT_CLASS_DEFEND_HERO,DOTA_NPC_UNIT_RELATIONSHIP_TYPE_DEFAULT,chaos,medium,900,800,0,AI\attack_wave_only.lua,wave_boss,,,,,,,,,0.5,,,,,,,,,,,,,,,,,,,,,,,,,,,
12_wave_boss_extreme,Босс,game/scripts/npc/units/extreme_mode_bosses.txt,593,True,npc_dota_creature,models/creeps/neutral_creeps/n_creep_furbolg/n_creep_furbolg_disrupter.vmdl,n_creep_Melee,,1.2,,1,wave_12_bash,12_wave_bloodlust_extreme,12_wave_roots_extreme,,,,,,30,0,DOTA_UNIT_CAP_MELEE_ATTACK,701,704,0.75,0.3,900,100,,,48,50,50,DOTA_UNIT_CAP_MOVE_GROUND,300,0.5,7000,0.5,600,0,DOTA_TEAM_BADGUYS,DOTA_COMBAT_CLASS_ATTACK_HERO,DOTA_COMBAT_CLASS_DEFEND_HERO,DOTA_NPC_UNIT_RELATIONSHIP_TYPE_DEFAULT,normal,heavy,900,800,0,AI\12_wave_bosses_extreme.lua,wave_boss,,,,,,,,,0.5,,,,,,,,,,,,,,,,,,,,,,,,,,,
13_wave_boss_extreme,Босс,game/scripts/npc/units/extreme_mode_bosses.txt,657,True,npc_dota_creature,models/creeps/neutral_creeps/n_creep_golem_a/neutral_creep_golem_a.vmdl,n_creep_Melee,,1.2,,1,custom_spell_immunity,wave_13_command_aura_extreme,,,,,,,40,0,DOTA_UNIT_CAP_MELEE_ATTACK,801,805,0.65,0.3,900,100,,,48,50,50,DOTA_UNIT_CAP_MOVE_GROUND,270,0.5,8000,0.5,450,1,DOTA_TEAM_BADGUYS,DOTA_COMBAT_CLASS_ATTACK_HERO,DOTA_COMBAT_CLASS_DEFEND_HERO,DOTA_NPC_UNIT_RELATIONSHIP_TYPE_DEFAULT,normal,heavy,900,800,0,AI\attack_wave_only.lua,wave_boss,,,,,,,,,0.5,,,,,,,,,,,,,,,,,,,,,,,,,,,
14_wave_boss_extreme,Босс,game/scripts/npc/units/extreme_mode_bosses.txt,721,True,npc_dota_creature,models/creeps/neutral_creeps/n_creep_thunder_lizard/n_creep_thunder_lizard_big.vmdl,n_creep_Ranged,,1.2,,1,14_wave_storm_bolt_extreme,,,,,,,,50,0,DOTA_UNIT_CAP_RANGED_ATTACK,751,760,0.8,0.3,900,500,,,48,60,60,DOTA_UNIT_CAP_MOVE_GROUND,270,0.5,7000,1.5,800,1.5,DOTA_TEAM_BADGUYS,DOTA_COMBAT_CLASS_ATTACK_HERO,DOTA_COMBAT_CLASS_DEFEND_HERO,DOTA_NPC_UNIT_RELATIONSHIP_TYPE_DEFAULT,chaos,heavy,900,800,0,AI\14_wave_bosses_extreme.lua,wave_boss,,particles/units/heroes/hero_zuus/zuus_arc_lightning_.vpcf,1500,,,,,,0.5,1,75,150,0.5,225,0.25,,,,,,,,,,,,,,,,,,,,,
16_wave_boss_extreme,Босс,game/scripts/npc/units/extreme_mode_bosses.txt,794,True,npc_dota_creature,models/creeps/neutral_creeps/n_creep_ghost_a/n_creep_ghost_a.vmdl,n_creep_Ranged,,1.7,,1,wave_16_mana_burn_extreme,16_wave_slow_extreme,,,,,,,30,0,DOTA_UNIT_CAP_RANGED_ATTACK,1001,1011,1,0.3,900,400,,,63,50,50,DOTA_UNIT_CAP_MOVE_GROUND,270,0.6,8500,0.5,800,1,DOTA_TEAM_BADGUYS,DOTA_COMBAT_CLASS_ATTACK_HERO,DOTA_COMBAT_CLASS_DEFEND_HERO,DOTA_NPC_UNIT_RELATIONSHIP_TYPE_DEFAULT,magic,heavy,900,800,0,AI\16_wave_bosses_extreme.lua,wave_boss,,,900,,,,,,0.5,,,,,,,,,,,,,,,,,,,,,,,,,,,
17_wave_boss_extreme,Босс,game/scripts/npc/units/extreme_mode_bosses.txt,859,True,npc_dota_creature,models/creeps/neutral_creeps/n_creep_vulture_a/n_creep_vulture_a.vmdl,n_creep_Melee,,1.7,,1,wave_17_evasion_extreme,,,,,,,,66,75,DOTA_UNIT_CAP_MELEE_ATTACK,1101,1105,0.75,0.3,900,110,,,63,60,60,DOTA_UNIT_CAP_MOVE_GROUND,350,0.5,9000,0.5,0,1,DOTA_TEAM_BADGUYS,DOTA_COMBAT_CLASS_ATTACK_HERO,DOTA_COMBAT_CLASS_DEFEND_HERO,DOTA_NPC_UNIT_RELATIONSHIP_TYPE_DEFAULT,normal,heavy,900,800,0,AI\attack_wave_only.lua,wave_boss,,,,0,,,,,0.5,,,,,,,,,,,,,,,,,,,,,,,,,,,
18_wave_boss_extreme,Босс,game/scripts/npc/units/extreme_mode_bosses.txt,924,True,npc_dota_creature,models/heroes/enigma/enigma.vmdl,Hero_Enigma,,1.1,,1,wave_18_bash_extreme,,,,,,,,60,50,DOTA_UNIT_CAP_RANGED_ATTACK,1801,1805,1.3,0.3,900,250,,,63,55,55,DOTA_UNIT_CAP_MOVE_GROUND,350,0.5,10000,1,0,0,DOTA_TEAM_BADGUYS,DOTA_COMBAT_CLASS_ATTACK_HERO,DOTA_COMBAT_CLASS_DEFEND_HERO,DOTA_NPC_UNIT_RELATIONSHIP_TYPE_DEFAULT,pierce,medium,900,800,0,AI\attack_wave_only.lua,wave_boss,,particles/econ/items/enigma/enigma_geodesic/enigma_base_attack_eidolon_geodesic.vpcf,1900,,,,,,0.5,,,,,,,,,,,,,,,,,,,,,,,,,,,
19_wave_boss_extreme,Босс,game/scripts/npc/units/extreme_mode_bosses.txt,1000,True,npc_dota_creature,models/creeps/neutral_creeps/n_creep_satyr_a/n_creep_satyr_a.vmdl,n_creep_Melee,,1.3,,1,19_wave_polymorph_extreme,,,,,,,,66,0,DOTA_UNIT_CAP_MELEE_ATTACK,999,999,2.05,0.3,900,100,,,63,65,65,DOTA_UNIT_CAP_MOVE_GROUND,320,0.5,12000,1,1000,1.25,DOTA_TEAM_BADGUYS,DOTA_COMBAT_CLASS_ATTACK_HERO,DOTA_COMBAT_CLASS_DEFEND_HERO,DOTA_NPC_UNIT_RELATIONSHIP_TYPE_DEFAULT,chaos,heavy,900,800,0,AI\19_wave_bosses_extreme.lua,wave_boss,,,,500,,,,,0.5,,,,,,,,,,,,,,,,,,,,,,,,,,,
1_wave_creep_extreme,Кобольд,game/scripts/npc/units/extreme_mode_creeps.txt,3,True,npc_dota_creature,models/creeps/neutral_creeps/n_creep_kobold/kobold_c/n_creep_kobold_c.vmdl,n_creep_Melee,,1,,1,wave_1_poison_extreme,,,,,,,,2,0,DOTA_UNIT_CAP_MELEE_ATTACK,16,17,1.55,0.3,0,100,,,25,4,4,DOTA_UNIT_CAP_MOVE_GROUND,300,0.5,130,0.5,0,0,DOTA_TEAM_BADGUYS,DOTA_COMBAT_CLASS_ATTACK_HERO,DOTA_COMBAT_CLASS_DEFEND_HERO,DOTA_NPC_UNIT_RELATIONSHIP_TYPE_DEFAULT,normal,heavy,800,800,0,AI\attack_wave_only.lua,wave_creep,,,,,,,,,0.5,,,,,,,,,,,,,,,,,,,,,,,,,,,
2_wave_creep_extreme,Кентавр-Воин,game/scripts/npc/units/extreme_mode_creeps.txt,68,True,npc_dota_creature,models/creeps/neutral_creeps/n_creep_centaur_med/n_creep_centaur_med.vmdl,n_creep_Melee,,0.85,,1,wave_2_centaurs_revenge_extreme,,,,,,,,0,0,DOTA_UNIT_CAP_MELEE_ATTACK,31,32,1.55,0.3,0,100,,,25,4,4,DOTA_UNIT_CAP_MOVE_GROUND,350,0.5,220,0.5,0,0,DOTA_TEAM_BADGUYS,DOTA_COMBAT_CLASS_ATTACK_HERO,DOTA_COMBAT_CLASS_DEFEND_HERO,DOTA_NPC_UNIT_RELATIONSHIP_TYPE_DEFAULT,normal,heavy,800,800,0,AI\attack_wave_only.lua,wave_creep,,,,,,,,,0.5,,,,,,,,,,,,,,,,,,,,,,,,,,,
3_wave_creep_extreme,Драконид,game/scripts/npc/units/extreme_mode_creeps.txt,133,True,npc_dota_creature,models/creeps/neutral_creeps/n_creep_dragonspawn_b/n_creep_dragonspawn_b.vmdl,n_creep_Melee,,0.75,,1,wave_3_evasion_extreme,,,,,,,,0,0,DOTA_UNIT_CAP_MELEE_ATTACK,51,57,1.5,0.3,0,100,,,25,5,5,DOTA_UNIT_CAP_MOVE_GROUND,270,0.6,375,0.5,200,1,DOTA_TEAM_BADGUYS,DOTA_COMBAT_CLASS_ATTACK_HERO,DOTA_COMBAT_CLASS_DEFEND_HERO,DOTA_NPC_UNIT_RELATIONSHIP_TYPE_DEFAULT,normal,medium,800,800,0,AI\attack_wave_only.lua,wave_creep,,,,,,,,,0.5,,,,,,,,,,,,,,,,,,,,,,,,,,,
4_wave_creep_extreme,Темный тролль,game/scripts/npc/units/extreme_mode_creeps.txt,198,True,npc_dota_creature,models/creeps/neutral_creeps/n_creep_troll_dark_a/n_creep_troll_dark_a.vmdl,n_creep_Ranged,,0.8,,1,4_wave_true_hit_extreme,,,,,,,,0,0,DOTA_UNIT_CAP_RANGED_ATTACK,41,44,1.3,0.3,0,450,,,25,5,5,DOTA_UNIT_CAP_MOVE_GROUND,270,0.5,400,0.5,0,0,DOTA_TEAM_BADGUYS,DOTA_COMBAT_CLASS_ATTACK_HERO,DOTA_COMBAT_CLASS_DEFEND_HERO,DOTA_NPC_UNIT_RELATIONSHIP_TYPE_DEFAULT,pierce,heavy,800,800,0,AI\attack_wave_only.lua,wave_creep,,particles/base_attacks/ranged_badguy.vpcf,1200,,,,,,0.5,,,,,,,,,,,,,,,,,,,,,,,,,,,
6_wave_creep_extreme,Головорез,game/scripts/npc/units/extreme_mode_creeps.txt,263,True,npc_dota_creature,models/creeps/thief/thief_01.vmdl,n_creep_Melee,,0.85,,1,wave_6_assassin_extreme,wave_6_invisibility,,,,,,,2,0,DOTA_UNIT_CAP_MELEE_ATTACK,76,78,0.85,0.3,0,100,,,33,6,6,DOTA_UNIT_CAP_MOVE_GROUND,320,0.6,750,0.5,300,0.75,DOTA_TEAM_BADGUYS,DOTA_COMBAT_CLASS_ATTACK_HERO,DOTA_COMBAT_CLASS_DEFEND_HERO,DOTA_NPC_UNIT_RELATIONSHIP_TYPE_DEFAULT,normal,heavy,800,800,0,AI\6_wave_creeps.lua,wave_creep,,,,,,,,,0.5,,,,,,,,,,,,,,,,,,,,,,,,,,,
7_wave_creep_extreme,Чумной Энт,game/scripts/npc/units/extreme_mode_creeps.txt,325,True,npc_dota_creature,models/items/furion/treant_stump.vmdl,n_creep_Melee,,1,,1,7_wave_plague,7_wave_sharp_claws_extreme,,,,,,,1,0,DOTA_UNIT_CAP_MELEE_ATTACK,111,115,1.05,0.3,0,100,,,33,6,6,DOTA_UNIT_CAP_MOVE_GROUND,400,0.5,800,0.5,250,1,DOTA_TEAM_BADGUYS,DOTA_COMBAT_CLASS_ATTACK_HERO,DOTA_COMBAT_CLASS_DEFEND_HERO,DOTA_NPC_UNIT_RELATIONSHIP_TYPE_DEFAULT,normal,heavy,800,800,0,AI\attack_wave_only.lua,wave_creep,,,,,,,,,0.5,,,,,,,,,,,,,,,,,,,,,,,,,,,
8_wave_creep_extreme,Властитель,game/scripts/npc/units/extreme_mode_creeps.txt,390,True,npc_dota_creature,models/creeps/lane_creeps/creep_bad_melee/creep_bad_melee.vmdl,Hero_Sven,,1.25,,1,wave_8_cleave,wave_8_lifesteal_extreme,custom_spell_immunity,,,,,,1,80,DOTA_UNIT_CAP_MELEE_ATTACK,126,129,1.05,0.3,0,100,,,33,7,7,DOTA_UNIT_CAP_MOVE_GROUND,270,0.6,950,0.25,300,0.75,DOTA_TEAM_BADGUYS,DOTA_COMBAT_CLASS_ATTACK_HERO,DOTA_COMBAT_CLASS_DEFEND_HERO,DOTA_NPC_UNIT_RELATIONSHIP_TYPE_DEFAULT,normal,heavy,800,800,0,AI\attack_wave_only.lua,wave_creep,,,,,,,,,0.5,,,,,,,,,,,,,,,,,,,,,,,,,,,
9_wave_creep_extreme,Дух Воды,game/scripts/npc/units/extreme_mode_creeps.txt,455,True,npc_dota_creature,models/heroes/morphling/morphling.vmdl,Hero_Morphling,,0.7,,1,,,,,,,,,1,0,DOTA_UNIT_CAP_RANGED_ATTACK,141,150,1.0,0.3,0,450,,,33,7,7,DOTA_UNIT_CAP_MOVE_GROUND,220,0.5,975,0.5,0,0,DOTA_TEAM_BADGUYS,DOTA_COMBAT_CLASS_ATTACK_HERO,DOTA_COMBAT_CLASS_DEFEND_HERO,DOTA_NPC_UNIT_RELATIONSHIP_TYPE_DEFAULT,pierce,medium,800,800,0,AI\attack_wave_only.lua,wave_creep,,particles/units/heroes/hero_morphling/morphling_base_attack.vpcf,1300,,,,,,0.5,,,,,,,,,,,,,,,,,,,,,,,,,,,
11_wave_creep_extreme,Опустошитель,game/scripts/npc/units/extreme_mode_creeps.txt,521,True,npc_dota_creature,models/items/beastmaster/boar/beast_deming/beast_deming.vmdl,n_creep_Melee,,0.8,,1,11_wave_immolation_extreme,wave_11_mana_break_extreme_creeps,wave_11_cleave,,,,,,15,0,DOTA_UNIT_CAP_MELEE_ATTACK,221,226,0.55,0.3,0,100,,,48,8,8,DOTA_UNIT_CAP_MOVE_GROUND,420,0.5,1250,0.5,300,0,DOTA_TEAM_BADGUYS,DOTA_COMBAT_CLASS_ATTACK_HERO,DOTA_COMBAT_CLASS_DEFEND_HERO,DOTA_NPC_UNIT_RELATIONSHIP_TYPE_DEFAULT,chaos,medium,800,800,0,AI\11_wave_creeps_extreme.lua,wave_creep,,,,,,,,,0.5,,,,,,,,,,,,,,,,,,,,,,,,,,,
12_wave_creep_extreme,Адский Медведь,game/scripts/npc/units/extreme_mode_creeps.txt,586,True,npc_dota_creature,models/creeps/neutral_creeps/n_creep_beast/n_creep_beast.vmdl,n_creep_Melee,,0.8,,1,12_wave_stomp,wave_12_crit_extreme,,,,,,,8,0,DOTA_UNIT_CAP_MELEE_ATTACK,241,244,0.65,0.3,0,100,,,48,8,8,DOTA_UNIT_CAP_MOVE_GROUND,300,0.5,1400,0.5,400,0,DOTA_TEAM_BADGUYS,DOTA_COMBAT_CLASS_ATTACK_HERO,DOTA_COMBAT_CLASS_DEFEND_HERO,DOTA_NPC_UNIT_RELATIONSHIP_TYPE_DEFAULT,normal,heavy,800,800,0,AI\12_wave_creeps.lua,wave_creep,,,,,,,,,,,,,,,,,,,,,,,,,,,,,,,,,,,,
13_wave_creep_extreme,Каменный Голем,game/scripts/npc/units/extreme_mode_creeps.txt,649,True,npc_dota_creature,models/creeps/neutral_creeps/n_creep_golem_b/n_creep_golem_b.vmdl,n_creep_Melee,,1,,1,13_wave_hurl_boulder,custom_spell_immunity,,,,,,,10,0,DOTA_UNIT_CAP_MELEE_ATTACK,281,285,0.75,0.3,0,100,,,48,9,9,DOTA_UNIT_CAP_MOVE_GROUND,270,0.5,1600,0.5,100,1,DOTA_TEAM_BADGUYS,DOTA_COMBAT_CLASS_ATTACK_HERO,DOTA_COMBAT_CLASS_DEFEND_HERO,DOTA_NPC_UNIT_RELATIONSHIP_TYPE_DEFAULT,normal,heavy,800,800,0,AI\13_wave_creeps.lua,wave_creep,,,,,,,,,0.5,,,,,,,,,,,,,,,,,,,,,,,,,,,
14_wave_creep_extreme,Громовая Ящерица,game/scripts/npc/units/extreme_mode_creeps.txt,714,True,npc_dota_creature,models/creeps/neutral_creeps/n_creep_thunder_lizard/n_creep_thunder_lizard_small.vmdl,n_creep_Ranged,,0.7,,1,14_wave_shadow_strike_extreme,,,,,,,,15,0,DOTA_UNIT_CAP_RANGED_ATTACK,191,200,0.8,0.3,0,500,,,48,10,10,DOTA_UNIT_CAP_MOVE_GROUND,270,0.5,1500,1.5,500,1.5,DOTA_TEAM_BADGUYS,DOTA_COMBAT_CLASS_ATTACK_HERO,DOTA_COMBAT_CLASS_DEFEND_HERO,DOTA_NPC_UNIT_RELATIONSHIP_TYPE_DEFAULT,chaos,heavy,800,800,0,AI\14_wave_creeps_extreme.lua,wave_creep,,particles/units/heroes/hero_zuus/zuus_arc_lightning_.vpcf,1500,,,,,,0.5,1,75,150,0.5,225,0.25,,,,,,,,,,,,,,,,,,,,,
16_wave_creep_extreme,Призрак,game/scripts/npc/units/extreme_mode_creeps.txt,787,True,npc_dota_creature,models/creeps/neutral_creeps/n_creep_ghost_b/n_creep_ghost_b.vmdl,n_creep_Ranged,,1,,1,wave_16_mana_burn_extreme,wave_16_evasion_extreme,,,,,,,20,0,DOTA_UNIT_CAP_RANGED_ATTACK,376,386,0.8,0.3,0,400,,,63,11,11,DOTA_UNIT_CAP_MOVE_GROUND,270,0.6,2000,0.5,400,1,DOTA_TEAM_BADGUYS,DOTA_COMBAT_CLASS_ATTACK_HERO,DOTA_COMBAT_CLASS_DEFEND_HERO,DOTA_NPC_UNIT_RELATIONSHIP_TYPE_DEFAULT,magic,heavy,800,800,0,AI\16_wave_creeps_extreme.lua,wave_creep,,particles/neutral_fx/ghost_base_attack.vpcf,900,,,,,,0.5,,,,,,,,,,,,,,,,,,,,,,,,,,,
17_wave_creep_extreme,Хвататель,game/scripts/npc/units/extreme_mode_creeps.txt,852,True,npc_dota_creature,models/creeps/neutral_creeps/n_creep_vulture_b/n_creep_vulture_b.vmdl,n_creep_Melee,,1,,1,17_wave_purge_extreme,,,,,,,,40,75,DOTA_UNIT_CAP_MELEE_ATTACK,451,455,1.05,0.3,0,110,,,63,11,11,DOTA_UNIT_CAP_MOVE_GROUND,350,0.5,2500,0.5,300,1,DOTA_TEAM_BADGUYS,DOTA_COMBAT_CLASS_ATTACK_HERO,DOTA_COMBAT_CLASS_DEFEND_HERO,DOTA_NPC_UNIT_RELATIONSHIP_TYPE_DEFAULT,normal,heavy,800,800,0,AI\17_wave_creeps_extreme.lua,wave_creep,,,,,,,,,0.5,,,,,,,,,,,,,,,,,,,,,,,,,,,
18_wave_creep_extreme,Хранитель Пустоты,game/scripts/npc/units/extreme_mode_creeps.txt,917,True,npc_dota_creature,models/heroes/enigma/eidelon.vmdl,n_creep_Ranged,,1.1,,1,18_wave_silence_extreme,,,,,,,,10,50,DOTA_UNIT_CAP_RANGED_ATTACK,451,455,1.1,0.3,0,250,,,63,11,11,DOTA_UNIT_CAP_MOVE_GROUND,350,0.5,2600,1,150,1,DOTA_TEAM_BADGUYS,DOTA_COMBAT_CLASS_ATTACK_HERO,DOTA_COMBAT_CLASS_DEFEND_HERO,DOTA_NPC_UNIT_RELATIONSHIP_TYPE_DEFAULT,pierce,medium,800,800,0,AI\18_wave_creeps_extreme.lua,wave_creep,,particles/econ/items/enigma/enigma_geodesic/enigma_base_attack_eidolon_geodesic.vpcf,1900,,,,,,0.5,,,,,,,,,,,,,,,,,,,,,,,,,,,
19_wave_creep_extreme,Адский Сатир,game/scripts/npc/units/extreme_mode_creeps.txt,991,True,npc_dota_creature,models/creeps/neutral_creeps/n_creep_satyr_c/n_creep_satyr_c.vmdl,n_creep_Melee,,1,,1,19_wave_faerie_fire_extreme,,,,,,,,25,0,DOTA_UNIT_CAP_MELEE_ATTACK,666,666,1.75,0.3,0,100,,,63,12,12,DOTA_UNIT_CAP_MOVE_GROUND,320,0.5,3000,1,500,1.25,DOTA_TEAM_BADGUYS,DOTA_COMBAT_CLASS_ATTACK_HERO,DOTA_COMBAT_CLASS_DEFEND_HERO,DOTA_NPC_UNIT_RELATIONSHIP_TYPE_DEFAULT,chaos,heavy,800,800,0,AI\19_wave_creeps_extreme.lua,wave_creep,,,,,,,,,0.5,,,,,,,,,,,,,,,,,,,,,,,,,,,
firelord_lava_spawn1,Дух Огня,game/scripts/npc/units/firelord_units.txt,3,True,npc_dota_creature,models/items/invoker/forge_spirit/cadenza_spirit/cadenza_spirit.vmdl,,,1,,4,,,,,,,,,1,0,DOTA_UNIT_CAP_RANGED_ATTACK,10,20,0.6,0.4,500,300,DOTA_HULL_SIZE_HERO,140,,0,0,DOTA_UNIT_CAP_MOVE_GROUND,300,0.5,450,0.25,0,,DOTA_TEAM_BADGUYS,DOTA_COMBAT_CLASS_ATTACK_HERO,DOTA_COMBAT_CLASS_DEFEND_HERO,DOTA_NPC_UNIT_RELATIONSHIP_TYPE_DEFAULT,chaos,heavy,900,800,,,summon_or_other_requires_reference_review,,particles/units/heroes/hero_invoker/invoker_forged_spirit_projectile.vpcf,1000,,DAMAGE_TYPE_ArmorPhysical,0,,,,,,,,,,1,1,,,,,,,,,,,,,,,,,,,
firelord_lava_spawn2,Дух Огня,game/scripts/npc/units/firelord_units.txt,69,True,npc_dota_creature,models/items/invoker/forge_spirit/cadenza_spirit/cadenza_spirit.vmdl,,,1,,4,,,,,,,,,2,0,DOTA_UNIT_CAP_RANGED_ATTACK,20,35,0.55,0.4,500,400,DOTA_HULL_SIZE_HERO,140,,0,0,DOTA_UNIT_CAP_MOVE_GROUND,300,0.5,600,0.25,0,,DOTA_TEAM_BADGUYS,DOTA_COMBAT_CLASS_ATTACK_HERO,DOTA_COMBAT_CLASS_DEFEND_HERO,DOTA_NPC_UNIT_RELATIONSHIP_TYPE_DEFAULT,chaos,heavy,900,800,,,summon_or_other_requires_reference_review,,particles/units/heroes/hero_invoker/invoker_forged_spirit_projectile.vpcf,1000,,DAMAGE_TYPE_ArmorPhysical,0,,,,,,,,,,1,1,,,,,,,,,,,,,,,,,,,
firelord_lava_spawn3,Дух Огня,game/scripts/npc/units/firelord_units.txt,135,True,npc_dota_creature,models/items/invoker/forge_spirit/cadenza_spirit/cadenza_spirit.vmdl,,,1,,4,,,,,,,,,4,0,DOTA_UNIT_CAP_RANGED_ATTACK,30,60,0.5,0.4,500,500,DOTA_HULL_SIZE_HERO,140,,0,0,DOTA_UNIT_CAP_MOVE_GROUND,300,0.5,750,0.25,0,,DOTA_TEAM_BADGUYS,DOTA_COMBAT_CLASS_ATTACK_HERO,DOTA_COMBAT_CLASS_DEFEND_HERO,DOTA_NPC_UNIT_RELATIONSHIP_TYPE_DEFAULT,chaos,heavy,900,800,,,summon_or_other_requires_reference_review,,particles/units/heroes/hero_invoker/invoker_forged_spirit_projectile.vpcf,1000,,DAMAGE_TYPE_ArmorPhysical,0,,,,,,,,,,1,1,,,,,,,,,,,,,,,,,,,
npc_serpent_ward_1,Огненная Змея,game/scripts/npc/units/firelord_units.txt,201,True,npc_dota_shadowshaman_serpentward,models/items/shadowshaman/serpent_ward/fiery_ward_of_eki_bukaw/fiery_ward_of_eki_bukaw.vmdl,ShadowShaman_Ward,,1,,6,neutral_spell_immunity,,,,,,,,0,0,DOTA_UNIT_CAP_RANGED_ATTACK,20,20,1,0.3,600,600,DOTA_HULL_SIZE_REGULAR,170,0,0,0,DOTA_UNIT_CAP_MOVE_NONE,0,0.5,250,0.25,0,0,DOTA_TEAM_GOODGUYS,DOTA_COMBAT_CLASS_ATTACK_HERO,DOTA_COMBAT_CLASS_DEFEND_HERO,DOTA_NPC_UNIT_RELATIONSHIP_TYPE_DEFAULT,chaos,heavy,900,800,0,,summon_or_other_requires_reference_review,,particles/units/heroes/hero_shadowshaman/shadow_shaman_ward_base_attack.vpcf,900,,DAMAGE_TYPE_ArmorPhysical,,,,,,,,,,,,,"ground, air",,,,,,,,,,,,,,,,,,
npc_serpent_ward_2,Огненная Змея,game/scripts/npc/units/firelord_units.txt,281,True,npc_dota_shadowshaman_serpentward,models/items/shadowshaman/serpent_ward/fiery_ward_of_eki_bukaw/fiery_ward_of_eki_bukaw.vmdl,ShadowShaman_Ward,,1,,6,neutral_spell_immunity,,,,,,,,0,0,DOTA_UNIT_CAP_RANGED_ATTACK,40,40,1,0.3,600,700,DOTA_HULL_SIZE_REGULAR,170,0,0,0,DOTA_UNIT_CAP_MOVE_NONE,0,0.5,500,0.25,0,0,DOTA_TEAM_GOODGUYS,DOTA_COMBAT_CLASS_ATTACK_HERO,DOTA_COMBAT_CLASS_DEFEND_HERO,DOTA_NPC_UNIT_RELATIONSHIP_TYPE_DEFAULT,chaos,heavy,900,800,0,,summon_or_other_requires_reference_review,,particles/units/heroes/hero_shadowshaman/shadow_shaman_ward_base_attack.vpcf,900,,DAMAGE_TYPE_ArmorPhysical,,,,,,,,,,,,,"ground, air",,,,,,,,,,,,,,,,,,
npc_serpent_ward_3,Огненная Змея,game/scripts/npc/units/firelord_units.txt,361,True,npc_dota_shadowshaman_serpentward,models/items/shadowshaman/serpent_ward/fiery_ward_of_eki_bukaw/fiery_ward_of_eki_bukaw.vmdl,ShadowShaman_Ward,,1,,6,neutral_spell_immunity,,,,,,,,0,0,DOTA_UNIT_CAP_RANGED_ATTACK,60,60,1,0.3,600,800,DOTA_HULL_SIZE_REGULAR,170,0,0,0,DOTA_UNIT_CAP_MOVE_NONE,0,0.5,750,0.25,0,0,DOTA_TEAM_GOODGUYS,DOTA_COMBAT_CLASS_ATTACK_HERO,DOTA_COMBAT_CLASS_DEFEND_HERO,DOTA_NPC_UNIT_RELATIONSHIP_TYPE_DEFAULT,chaos,heavy,900,800,0,,summon_or_other_requires_reference_review,,particles/units/heroes/hero_shadowshaman/shadow_shaman_ward_base_attack.vpcf,900,,DAMAGE_TYPE_ArmorPhysical,,,,,,,,,,,,,"ground, air",,,,,,,,,,,,,,,,,,
npc_serpent_ward_4,Огненная Змея,game/scripts/npc/units/firelord_units.txt,441,True,npc_dota_shadowshaman_serpentward,models/items/shadowshaman/serpent_ward/fiery_ward_of_eki_bukaw/fiery_ward_of_eki_bukaw.vmdl,ShadowShaman_Ward,,1,,6,neutral_spell_immunity,,,,,,,,0,0,DOTA_UNIT_CAP_RANGED_ATTACK,160,160,1,0.3,600,1000,DOTA_HULL_SIZE_REGULAR,170,0,0,0,DOTA_UNIT_CAP_MOVE_NONE,0,0.5,1200,0.25,0,0,DOTA_TEAM_GOODGUYS,DOTA_COMBAT_CLASS_ATTACK_HERO,DOTA_COMBAT_CLASS_DEFEND_HERO,DOTA_NPC_UNIT_RELATIONSHIP_TYPE_DEFAULT,chaos,heavy,900,800,0,,summon_or_other_requires_reference_review,,particles/units/heroes/hero_shadowshaman/shadow_shaman_ward_base_attack.vpcf,900,,DAMAGE_TYPE_ArmorPhysical,,,,,,,,,,,,,"ground, air",,,,,,,,,,,,,,,,,,
fire_trap_unit,Огненная Ловушка,game/scripts/npc/units/firelord_units.txt,521,True,npc_dota_ward_base_truesight,,,,1,,0,,,,,,,,,,,,,,,,,,DOTA_HULL_SIZE_SMALL,140,,,,DOTA_UNIT_CAP_MOVE_NONE,,,100,0,0,0,DOTA_TEAM_GOODGUYS,DOTA_COMBAT_CLASS_ATTACK_HERO,DOTA_COMBAT_CLASS_DEFEND_HERO,DOTA_NPC_UNIT_RELATIONSHIP_TYPE_WARD,pierce,unarmored,400,400,,,summon_or_other_requires_reference_review,,,,,,,,,,,,,,,,,,,,,,,,,,,,,,,,,,,,
npc_water_elemental_1,Дух Воды,game/scripts/npc/units/hermit_water_elementals.txt,3,True,npc_dota_creature,models/heroes/morphling/morphling.vmdl,Hero_morphling,Hero_Morphling.IdleLoop,0.6,70,1,,,,,,,,,2,,DOTA_UNIT_CAP_RANGED_ATTACK,15,20,1.3,0.45,400,300,,190,0,0,0,DOTA_UNIT_CAP_MOVE_GROUND,220,0.6,300,0.25,0,0.0,DOTA_TEAM_NEUTRALS,DOTA_COMBAT_CLASS_ATTACK_HERO,DOTA_COMBAT_CLASS_DEFEND_HERO,DOTA_NPC_UNIT_RELATIONSHIP_TYPE_DEFAULT,magic,heavy,900,800,,,summon_or_other_requires_reference_review,,particles/units/heroes/hero_morphling/morphling_base_attack.vpcf,1300,,,,,,,,,,,,,,,,soundevents/game_sounds_heroes/game_sounds_morphling.vsndevts,0,soundevents/voscripts/game_sounds_vo_morphling.vsndevts,,,,,,,,,,,,,,,
npc_water_elemental_2,Дух Воды,game/scripts/npc/units/hermit_water_elementals.txt,92,True,npc_dota_creature,models/heroes/morphling/morphling.vmdl,Hero_morphling,Hero_Morphling.IdleLoop,0.7,70,2,,,,,,,,,4,,DOTA_UNIT_CAP_RANGED_ATTACK,30,35,1.1,0.45,400,300,,190,0,0,0,DOTA_UNIT_CAP_MOVE_GROUND,220,0.6,550,0.5,0,0.0,DOTA_TEAM_NEUTRALS,DOTA_COMBAT_CLASS_ATTACK_HERO,DOTA_COMBAT_CLASS_DEFEND_HERO,DOTA_NPC_UNIT_RELATIONSHIP_TYPE_DEFAULT,magic,heavy,900,800,,,summon_or_other_requires_reference_review,,particles/units/heroes/hero_morphling/morphling_base_attack.vpcf,1300,,,,,,,,,,,,,,,,soundevents/game_sounds_heroes/game_sounds_morphling.vsndevts,0,soundevents/voscripts/game_sounds_vo_morphling.vsndevts,,,,,,,,,,,,,,,
npc_water_elemental_3,Дух Воды,game/scripts/npc/units/hermit_water_elementals.txt,180,True,npc_dota_creature,models/heroes/morphling/morphling.vmdl,Hero_morphling,Hero_Morphling.IdleLoop,0.8,70,3,,,,,,,,,6,,DOTA_UNIT_CAP_RANGED_ATTACK,60,65,0.9,0.45,400,300,,190,0,0,0,DOTA_UNIT_CAP_MOVE_GROUND,220,0.6,800,1.0,0,0.0,DOTA_TEAM_NEUTRALS,DOTA_COMBAT_CLASS_ATTACK_HERO,DOTA_COMBAT_CLASS_DEFEND_HERO,DOTA_NPC_UNIT_RELATIONSHIP_TYPE_DEFAULT,magic,heavy,900,800,,,summon_or_other_requires_reference_review,,particles/units/heroes/hero_morphling/morphling_base_attack.vpcf,1300,,,,,,,,,,,,,,,,soundevents/game_sounds_heroes/game_sounds_morphling.vsndevts,0,soundevents/voscripts/game_sounds_vo_morphling.vsndevts,,,,,,,,,,,,,,,
npc_water_elemental_4,Дух Воды,game/scripts/npc/units/hermit_water_elementals.txt,268,True,npc_dota_creature,models/heroes/morphling/morphling.vmdl,Hero_morphling,Hero_Morphling.IdleLoop,1.0,70,4,water_elemental_4_orb,,,,,,,,10,,DOTA_UNIT_CAP_RANGED_ATTACK,120,140,0.75,0.45,400,300,,190,0,0,0,DOTA_UNIT_CAP_MOVE_GROUND,300,0.6,1450,2.0,0,0.0,DOTA_TEAM_NEUTRALS,DOTA_COMBAT_CLASS_ATTACK_HERO,DOTA_COMBAT_CLASS_DEFEND_HERO,DOTA_NPC_UNIT_RELATIONSHIP_TYPE_DEFAULT,magic,heavy,900,800,,,summon_or_other_requires_reference_review,,particles/units/heroes/hero_morphling/morphling_base_attack.vpcf,1300,,,,,,,,,,,,,,,,soundevents/game_sounds_heroes/game_sounds_morphling.vsndevts,0,soundevents/voscripts/game_sounds_vo_morphling.vsndevts,,,,,,,,,,,,,,,
item_lia_healing_ward_unit,Дух-Целитель,game/scripts/npc/units/item_lia_healing_ward_unit.txt,3,True,npc_dota_ward_base,models/heroes/juggernaut/jugg_healing_ward.vmdl,Creep_Good_Range,,,,1,healing_ward_ability,,,,,,,,0,100,DOTA_UNIT_CAP_NO_ATTACK,0,0,1,0.5,800,500,,,0,0,0,DOTA_UNIT_CAP_MOVE_NONE,0,0,1,0,0,0,DOTA_TEAM_GOODGUYS,DOTA_COMBAT_CLASS_ATTACK_HERO,DOTA_COMBAT_CLASS_DEFEND_HERO,DOTA_NPC_UNIT_RELATIONSHIP_TYPE_WARD,normal,unarmored,600,600,0,units\item_lia_healing_ward_unit.lua,summon_or_other_requires_reference_review,,,900,,DAMAGE_TYPE_ArmorPhysical,,,,,,,,,,,,,,,,,healing_ward,0,,,,,,,,,,,,,
keeper_of_the_grove_treant_1,Энт,game/scripts/npc/units/keeper_of_the_grove_units.txt,3,True,npc_dota_creature,models/heroes/furion/treant.vmdl,,,0.8,,1,,,,,,,,,4,0,DOTA_UNIT_CAP_MELEE_ATTACK,60,60,2.25,0.467,500,120,,,,0,0,DOTA_UNIT_CAP_MOVE_GROUND,170,0.5,350,1,0,,DOTA_TEAM_BADGUYS,DOTA_COMBAT_CLASS_ATTACK_HERO,DOTA_COMBAT_CLASS_DEFEND_HERO,DOTA_NPC_UNIT_RELATIONSHIP_TYPE_DEFAULT,normal,heavy,900,800,,,summon_or_other_requires_reference_review,,,,,DAMAGE_TYPE_ArmorPhysical,0,,,,,,,,,,,,,,,,,,,,,,,,,,,,,,
keeper_of_the_grove_treant_2,Энт,game/scripts/npc/units/keeper_of_the_grove_units.txt,65,True,npc_dota_creature,models/heroes/furion/treant.vmdl,,,0.9,,1,keeper_of_the_grove_treants_unity,keeper_of_the_grove_treants_cyclone,,,,,,,8,0,DOTA_UNIT_CAP_MELEE_ATTACK,125,125,2.2,0.467,500,120,,,,0,0,DOTA_UNIT_CAP_MOVE_GROUND,160,0.5,700,3,0,,DOTA_TEAM_BADGUYS,DOTA_COMBAT_CLASS_ATTACK_HERO,DOTA_COMBAT_CLASS_DEFEND_HERO,DOTA_NPC_UNIT_RELATIONSHIP_TYPE_DEFAULT,normal,heavy,900,800,,,summon_or_other_requires_reference_review,,,,,DAMAGE_TYPE_ArmorPhysical,0,,,,,,,,,,,,,,,,,,,,,,,,,,,,,,
keeper_of_the_grove_treant_3,Энт,game/scripts/npc/units/keeper_of_the_grove_units.txt,127,True,npc_dota_creature,models/heroes/furion/treant.vmdl,,,1,,1,keeper_of_the_grove_treants_unity,keeper_of_the_grove_treants_cyclone,keeper_of_the_grove_treants_reborn,,,,,,16,0,DOTA_UNIT_CAP_MELEE_ATTACK,250,250,2.15,0.467,500,120,,,,0,0,DOTA_UNIT_CAP_MOVE_GROUND,150,0.5,1400,15,0,,DOTA_TEAM_BADGUYS,DOTA_COMBAT_CLASS_ATTACK_HERO,DOTA_COMBAT_CLASS_DEFEND_HERO,DOTA_NPC_UNIT_RELATIONSHIP_TYPE_DEFAULT,normal,heavy,900,800,,,summon_or_other_requires_reference_review,,,,,DAMAGE_TYPE_ArmorPhysical,0,,,,,,,,,,,,,,,,,,,,,,,,,,,,,,
keeper_of_the_grove_young_treant,Молодой Энт,game/scripts/npc/units/keeper_of_the_grove_units.txt,190,True,npc_dota_creature,models/heroes/furion/treant.vmdl,,,0.6,,0,,,,,,,,,0,0,DOTA_UNIT_CAP_MELEE_ATTACK,80,80,2,0.467,500,100,,,,0,0,DOTA_UNIT_CAP_MOVE_GROUND,220,0.5,550,5,0,,DOTA_TEAM_BADGUYS,DOTA_COMBAT_CLASS_ATTACK_HERO,DOTA_COMBAT_CLASS_DEFEND_HERO,DOTA_NPC_UNIT_RELATIONSHIP_TYPE_DEFAULT,normal,heavy,900,800,,,summon_or_other_requires_reference_review,,,,,DAMAGE_TYPE_ArmorPhysical,0,,,,,,,,,,,,,,,,,,,,,,,,,,,,,,
keeper_of_the_grove_guardian_spirit,Дух-Защитник,game/scripts/npc/units/keeper_of_the_grove_units.txt,252,True,npc_dota_creature,models/heroes/leshrac/leshrac.vmdl,,,1,,0,keeper_of_the_grove_guardian_spirit_narure_forces,,,,,,,,0,25,DOTA_UNIT_CAP_RANGED_ATTACK,6,12,1.85,0.4,800,610,,,,0,0,DOTA_UNIT_CAP_MOVE_GROUND,265,0.4,525,1.15,75,0.01,DOTA_TEAM_GOODGUYS,DOTA_COMBAT_CLASS_ATTACK_HERO,DOTA_COMBAT_CLASS_DEFEND_HERO,DOTA_NPC_UNIT_RELATIONSHIP_TYPE_HERO,hero,hero,900,800,,,summon_or_other_requires_reference_review,,,,,DAMAGE_TYPE_ArmorPhysical,,,,,,,,,,,,,,,,,,,1,,,,,,,,,,,,
necromancer_skeleton1,Мертвец,game/scripts/npc/units/necromancer_creeps.txt,3,True,npc_dota_creature,,n_creep_Melee,,0.8,,1,,,,,,,,,1,0,DOTA_UNIT_CAP_MELEE_ATTACK,15,16,1.25,0.56,500,100,,,0,0,0,DOTA_UNIT_CAP_MOVE_GROUND,270,0.5,275,0.5,0,0,DOTA_TEAM_GOODGUYS,DOTA_COMBAT_CLASS_ATTACK_HERO,DOTA_COMBAT_CLASS_DEFEND_HERO,DOTA_NPC_UNIT_RELATIONSHIP_TYPE_DEFAULT,normal,heavy,900,800,0,,summon_or_other_requires_reference_review,,,,,,,,,,,,,,,,,,,,,,,,,models/items/undying/idol_of_ruination/ruin_wight_minion.vmdl,,,,,,,,,,,
necromancer_skeleton2,Мертвец,game/scripts/npc/units/necromancer_creeps.txt,59,True,npc_dota_creature,,n_creep_Melee,,0.9,,1,,,,,,,,,2,0,DOTA_UNIT_CAP_MELEE_ATTACK,25,28,1.25,0.56,500,100,,,0,0,0,DOTA_UNIT_CAP_MOVE_GROUND,270,0.5,650,0.5,0,0,DOTA_TEAM_GOODGUYS,DOTA_COMBAT_CLASS_ATTACK_HERO,DOTA_COMBAT_CLASS_DEFEND_HERO,DOTA_NPC_UNIT_RELATIONSHIP_TYPE_DEFAULT,normal,heavy,900,800,0,,summon_or_other_requires_reference_review,,,,,,,,,,,,,,,,,,,,,,,,,models/items/undying/idol_of_ruination/ruin_wight_minion.vmdl,,,,,,,,,,,
necromancer_skeleton3,Мертвец,game/scripts/npc/units/necromancer_creeps.txt,115,True,npc_dota_creature,,n_creep_Melee,,1.0,,1,,,,,,,,,3,0,DOTA_UNIT_CAP_MELEE_ATTACK,50,55,1.25,0.4,500,100,,,0,0,0,DOTA_UNIT_CAP_MOVE_GROUND,270,0.5,1250,0.5,0,0,DOTA_TEAM_GOODGUYS,DOTA_COMBAT_CLASS_ATTACK_HERO,DOTA_COMBAT_CLASS_DEFEND_HERO,DOTA_NPC_UNIT_RELATIONSHIP_TYPE_DEFAULT,normal,heavy,900,800,0,,summon_or_other_requires_reference_review,,,,,,,,,,,,,,,,,,,,,,,,,models/items/undying/idol_of_ruination/ruin_wight_minion.vmdl,,,,,,,,,,,
necromancer_skeleton4,Мертвец,game/scripts/npc/units/necromancer_creeps.txt,170,True,npc_dota_creature,,n_creep_Melee,,1.1,,1,necromancer_skel_return,,,,,,,,9,0,DOTA_UNIT_CAP_MELEE_ATTACK,100,107,1.05,0.4,500,100,,,0,0,0,DOTA_UNIT_CAP_MOVE_GROUND,270,0.5,1500,0.5,0,0,DOTA_TEAM_GOODGUYS,DOTA_COMBAT_CLASS_ATTACK_HERO,DOTA_COMBAT_CLASS_DEFEND_HERO,DOTA_NPC_UNIT_RELATIONSHIP_TYPE_DEFAULT,normal,heavy,900,800,0,,summon_or_other_requires_reference_review,,,,,,,,,,,,,,,,,,,,,,,,,models/items/undying/idol_of_ruination/ruin_wight_minion.vmdl,,,,,,,,,,,
1_wave_boss,Босс,game/scripts/npc/units/normal_mode_bosses.txt,3,True,npc_dota_creature,models/creeps/neutral_creeps/n_creep_kobold/kobold_a/n_creep_kobold_a.vmdl,n_creep_Melee,,1.3,,1,1_wave_stomp,wave_1_poison,,,,,,,2,0,DOTA_UNIT_CAP_MELEE_ATTACK,31,32,1.25,0.3,900,100,,,25,35,35,DOTA_UNIT_CAP_MOVE_GROUND,300,0.5,250,0.5,150,1,DOTA_TEAM_BADGUYS,DOTA_COMBAT_CLASS_ATTACK_HERO,DOTA_COMBAT_CLASS_DEFEND_HERO,DOTA_NPC_UNIT_RELATIONSHIP_TYPE_DEFAULT,normal,heavy,1400,800,0,AI\1_wave_bosses.lua,wave_boss,,,,,,,,,0.75,,,,,,,,,,,,,,,,,,,,,,,,,,,
2_wave_boss,Босс,game/scripts/npc/units/normal_mode_bosses.txt,68,True,npc_dota_creature,models/creeps/neutral_creeps/n_creep_centaur_lrg/n_creep_centaur_lrg.vmdl,n_creep_Melee,,1,,1,second_wave_wave_of_force,wave_2_aura_of_vengeance,wave_2_centaurs_revenge,,,,,,4,0,DOTA_UNIT_CAP_MELEE_ATTACK,61,62,1.25,0.3,900,100,,,25,35,35,DOTA_UNIT_CAP_MOVE_GROUND,350,0.5,300,0.5,200,1,DOTA_TEAM_BADGUYS,DOTA_COMBAT_CLASS_ATTACK_HERO,DOTA_COMBAT_CLASS_DEFEND_HERO,DOTA_NPC_UNIT_RELATIONSHIP_TYPE_DEFAULT,normal,heavy,1400,800,0,AI\2_wave_bosses.lua,wave_boss,,,,,,,,,0.75,,,,,,,,,,,,,,,,,,,,,,,,,,,
3_wave_boss,Босс,game/scripts/npc/units/normal_mode_bosses.txt,132,True,npc_dota_creature,models/creeps/neutral_creeps/n_creep_dragonspawn_a/n_creep_dragonspawn_a.vmdl,n_creep_Melee,,1,,1,wave_3_evasion,3_wave_rejuvenation,,,,,,,6,0,DOTA_UNIT_CAP_MELEE_ATTACK,101,107,1.3,0.3,900,100,,,25,35,35,DOTA_UNIT_CAP_MOVE_GROUND,270,0.6,500,0.5,400,1,DOTA_TEAM_BADGUYS,DOTA_COMBAT_CLASS_ATTACK_HERO,DOTA_COMBAT_CLASS_DEFEND_HERO,DOTA_NPC_UNIT_RELATIONSHIP_TYPE_DEFAULT,normal,medium,1400,800,0,AI\3_wave_bosses.lua,wave_boss,,,,,,,,,0.75,,,,,,,,,,,,,,,,,,,,,,,,,,,
4_wave_boss,Босс,game/scripts/npc/units/normal_mode_bosses.txt,195,True,npc_dota_creature,models/creeps/neutral_creeps/n_creep_troll_dark_b/n_creep_troll_dark_b.vmdl,n_creep_Ranged,,0.9,,1,4_wave_death_coil,,,,,,,,7,0,DOTA_UNIT_CAP_RANGED_ATTACK,81,84,0.9,0.3,900,800,,,25,40,40,DOTA_UNIT_CAP_MOVE_GROUND,270,0.5,650,0.5,300,1,DOTA_TEAM_BADGUYS,DOTA_COMBAT_CLASS_ATTACK_HERO,DOTA_COMBAT_CLASS_DEFEND_HERO,DOTA_NPC_UNIT_RELATIONSHIP_TYPE_DEFAULT,pierce,heavy,1400,800,0,AI\4_wave_bosses.lua,wave_boss,,particles/base_attacks/ranged_badguy.vpcf,1200,,,,,,0.75,,,,,,,,,,,,,,,,,,,,,,,,,,,
6_wave_boss,Босс,game/scripts/npc/units/normal_mode_bosses.txt,259,True,npc_dota_creature,models/creeps/thief/thief_01_leader.vmdl,n_creep_Melee,,1.2,,1,6_wave_cripple,wave_6_invisibility,,,,,,,6,0,DOTA_UNIT_CAP_MELEE_ATTACK,151,153,1.05,0.3,900,100,,,33,40,40,DOTA_UNIT_CAP_MOVE_GROUND,400,0.6,1250,0.5,500,0.75,DOTA_TEAM_BADGUYS,DOTA_COMBAT_CLASS_ATTACK_HERO,DOTA_COMBAT_CLASS_DEFEND_HERO,DOTA_NPC_UNIT_RELATIONSHIP_TYPE_DEFAULT,normal,heavy,1400,800,0,AI\6_wave_bosses.lua,wave_boss,,,,350,,,,,0.75,,,,,,,,,,,,,,,,,,,,,,,,,,,
7_wave_boss,Босс,game/scripts/npc/units/normal_mode_bosses.txt,319,True,npc_dota_creature,models/items/furion/treant_stump.vmdl,n_creep_Melee,,1.5,,1,7_wave_howl_of_terror,7_wave_plague,,,,,,,6,0,DOTA_UNIT_CAP_MELEE_ATTACK,221,225,0.55,0.3,900,100,,,33,40,40,DOTA_UNIT_CAP_MOVE_GROUND,500,0.5,1600,0.5,450,1,DOTA_TEAM_BADGUYS,DOTA_COMBAT_CLASS_ATTACK_HERO,DOTA_COMBAT_CLASS_DEFEND_HERO,DOTA_NPC_UNIT_RELATIONSHIP_TYPE_DEFAULT,normal,heavy,1400,800,0,AI\7_wave_bosses.lua,wave_boss,,,,400,,,,,0.75,,,,,,,,,,,,,,,,,,,,,,,,,,,
8_wave_boss,Босс,game/scripts/npc/units/normal_mode_bosses.txt,384,True,npc_dota_creature,models/creeps/lane_creeps/creep_bad_melee/creep_bad_melee_mega.vmdl,Hero_Sven,,1.5,,1,wave_8_cleave,custom_spell_immunity,wave_8_lifesteal_aura,8_wave_storm_bolt,,,,,8,0,DOTA_UNIT_CAP_MELEE_ATTACK,251,254,1.25,0.3,900,100,,,33,50,50,DOTA_UNIT_CAP_MOVE_GROUND,270,0.6,1900,3.0,300,0.75,DOTA_TEAM_BADGUYS,DOTA_COMBAT_CLASS_ATTACK_HERO,DOTA_COMBAT_CLASS_DEFEND_HERO,DOTA_NPC_UNIT_RELATIONSHIP_TYPE_DEFAULT,normal,heavy,1400,800,0,AI\8_wave_bosses.lua,wave_boss,,,,,,,,,0.75,,,,,,,,,,,,,,,,,,,,,,,,,,,
9_wave_boss,Босс,game/scripts/npc/units/normal_mode_bosses.txt,448,True,npc_dota_creature,models/heroes/morphling/morphling.vmdl,Hero_Morphling,,1,,1,9_wave_frost_nova,wave_9_morphallaxis,,,,,,,4,0,DOTA_UNIT_CAP_RANGED_ATTACK,281,290,0.7,0.3,900,600,,,33,45,45,DOTA_UNIT_CAP_MOVE_GROUND,220,0.5,2400,0.5,400,1,DOTA_TEAM_BADGUYS,DOTA_COMBAT_CLASS_ATTACK_HERO,DOTA_COMBAT_CLASS_DEFEND_HERO,DOTA_NPC_UNIT_RELATIONSHIP_TYPE_DEFAULT,pierce,medium,1400,800,0,AI\9_wave_bosses.lua,wave_boss,,particles/units/heroes/hero_morphling/morphling_base_attack.vpcf,1300,,,,,,0.75,,,,,,,,,,,,,,,,,,,,,,,,,,,
11_wave_boss,Босс,game/scripts/npc/units/normal_mode_bosses.txt,529,True,npc_dota_creature,models/items/beastmaster/boar/beast_deming/beast_deming.vmdl,n_creep_Melee,,1.2,,1,wave_11_mana_break,,,,,,,,16,0,DOTA_UNIT_CAP_MELEE_ATTACK,361,366,0.25,0.3,900,100,,,48,50,50,DOTA_UNIT_CAP_MOVE_GROUND,320,0.5,4000,0.5,0,0.75,DOTA_TEAM_BADGUYS,DOTA_COMBAT_CLASS_ATTACK_HERO,DOTA_COMBAT_CLASS_DEFEND_HERO,DOTA_NPC_UNIT_RELATIONSHIP_TYPE_DEFAULT,chaos,medium,1400,800,0,AI\attack_wave_only.lua,wave_boss,,,,,,,,,1,,,,,,,,,,,,,,,,,,,,,,,,,,,
12_wave_boss,Босс,game/scripts/npc/units/normal_mode_bosses.txt,593,True,npc_dota_creature,models/creeps/neutral_creeps/n_creep_furbolg/n_creep_furbolg_disrupter.vmdl,n_creep_Melee,,1,,1,wave_12_bash,12_wave_bloodlust,12_wave_roots,,,,,,15,0,DOTA_UNIT_CAP_MELEE_ATTACK,481,484,0.85,0.3,900,100,,,48,50,50,DOTA_UNIT_CAP_MOVE_GROUND,300,0.5,4200,0.5,600,0,DOTA_TEAM_BADGUYS,DOTA_COMBAT_CLASS_ATTACK_HERO,DOTA_COMBAT_CLASS_DEFEND_HERO,DOTA_NPC_UNIT_RELATIONSHIP_TYPE_DEFAULT,normal,heavy,1400,800,0,AI\12_wave_bosses.lua,wave_boss,,,,,,,,,0.75,,,,,,,,,,,,,,,,,,,,,,,,,,,
13_wave_boss,Босс,game/scripts/npc/units/normal_mode_bosses.txt,657,True,npc_dota_creature,models/creeps/neutral_creeps/n_creep_golem_a/neutral_creep_golem_a.vmdl,n_creep_Melee,,1,,1,custom_spell_immunity,wave_13_command_aura,,,,,,,20,0,DOTA_UNIT_CAP_MELEE_ATTACK,601,605,0.65,0.3,900,100,,,48,50,50,DOTA_UNIT_CAP_MOVE_GROUND,270,0.5,4500,0.5,450,1,DOTA_TEAM_BADGUYS,DOTA_COMBAT_CLASS_ATTACK_HERO,DOTA_COMBAT_CLASS_DEFEND_HERO,DOTA_NPC_UNIT_RELATIONSHIP_TYPE_DEFAULT,normal,heavy,1400,800,0,AI\attack_wave_only.lua,wave_boss,,,,,,,,,0.75,,,,,,,,,,,,,,,,,,,,,,,,,,,
14_wave_boss,Босс,game/scripts/npc/units/normal_mode_bosses.txt,722,True,npc_dota_creature,models/creeps/neutral_creeps/n_creep_thunder_lizard/n_creep_thunder_lizard_big.vmdl,n_creep_Ranged,,1,,1,14_wave_storm_bolt,,,,,,,,20,0,DOTA_UNIT_CAP_RANGED_ATTACK,501,510,1,0.3,900,500,,,48,60,60,DOTA_UNIT_CAP_MOVE_GROUND,270,0.5,3500,1.5,800,1.5,DOTA_TEAM_BADGUYS,DOTA_COMBAT_CLASS_ATTACK_HERO,DOTA_COMBAT_CLASS_DEFEND_HERO,DOTA_NPC_UNIT_RELATIONSHIP_TYPE_DEFAULT,chaos,heavy,1400,800,0,AI\14_wave_bosses.lua,wave_boss,,particles/units/heroes/hero_zuus/zuus_arc_lightning_.vpcf,1500,,,,,,0.75,1,75,150,0.5,225,0.25,,,,,,,,,,,,,,,,,,,,,
16_wave_boss,Босс,game/scripts/npc/units/normal_mode_bosses.txt,795,True,npc_dota_creature,models/creeps/neutral_creeps/n_creep_ghost_a/n_creep_ghost_a.vmdl,n_creep_Ranged,,1.5,,1,wave_16_mana_burn,16_wave_slow,,,,,,,30,0,DOTA_UNIT_CAP_RANGED_ATTACK,751,761,1,0.3,900,400,,,63,50,50,DOTA_UNIT_CAP_MOVE_GROUND,270,0.6,4500,0.5,800,1,DOTA_TEAM_BADGUYS,DOTA_COMBAT_CLASS_ATTACK_HERO,DOTA_COMBAT_CLASS_DEFEND_HERO,DOTA_NPC_UNIT_RELATIONSHIP_TYPE_DEFAULT,magic,heavy,1400,800,0,AI\16_wave_bosses.lua,wave_boss,,,900,,,,,,0.75,,,,,,,,,,,,,,,,,,,,,,,,,,,
17_wave_boss,Босс,game/scripts/npc/units/normal_mode_bosses.txt,861,True,npc_dota_creature,models/creeps/neutral_creeps/n_creep_vulture_a/n_creep_vulture_a.vmdl,n_creep_Melee,,1.5,,1,wave_17_evasion,,,,,,,,66,50,DOTA_UNIT_CAP_MELEE_ATTACK,901,905,0.85,0.3,900,110,,,63,60,60,DOTA_UNIT_CAP_MOVE_GROUND,350,0.5,5200,0.5,400,1,DOTA_TEAM_BADGUYS,DOTA_COMBAT_CLASS_ATTACK_HERO,DOTA_COMBAT_CLASS_DEFEND_HERO,DOTA_NPC_UNIT_RELATIONSHIP_TYPE_DEFAULT,normal,heavy,1400,800,0,AI\attack_wave_only.lua,wave_boss,,,,300,,,,,0.75,,,,,,,,,,,,,,,,,,,,,,,,,,,
18_wave_boss,Босс,game/scripts/npc/units/normal_mode_bosses.txt,926,True,npc_dota_creature,models/heroes/enigma/enigma.vmdl,Hero_Enigma,,1.1,,1,wave_18_bash,,,,,,,,30,50,DOTA_UNIT_CAP_RANGED_ATTACK,1401,1405,1.5,0.3,900,250,,,63,55,55,DOTA_UNIT_CAP_MOVE_GROUND,350,0.5,5500,1,0,0,DOTA_TEAM_BADGUYS,DOTA_COMBAT_CLASS_ATTACK_HERO,DOTA_COMBAT_CLASS_DEFEND_HERO,DOTA_NPC_UNIT_RELATIONSHIP_TYPE_DEFAULT,pierce,medium,1400,800,0,AI\attack_wave_only.lua,wave_boss,,particles/econ/items/enigma/enigma_geodesic/enigma_base_attack_eidolon_geodesic.vpcf,1900,,,,,,0.75,,,,,,,,,,,,,,,,,,,,,,,,,,,
19_wave_boss,Босс,game/scripts/npc/units/normal_mode_bosses.txt,1002,True,npc_dota_creature,models/creeps/neutral_creeps/n_creep_satyr_a/n_creep_satyr_a.vmdl,n_creep_Melee,,1,,1,19_wave_polymorph,,,,,,,,35,0,DOTA_UNIT_CAP_MELEE_ATTACK,999,999,2.05,0.3,900,100,,,63,65,65,DOTA_UNIT_CAP_MOVE_GROUND,320,0.5,7000,1,1000,1.25,DOTA_TEAM_BADGUYS,DOTA_COMBAT_CLASS_ATTACK_HERO,DOTA_COMBAT_CLASS_DEFEND_HERO,DOTA_NPC_UNIT_RELATIONSHIP_TYPE_DEFAULT,chaos,heavy,1400,800,0,AI\19_wave_bosses.lua,wave_boss,,,,500,,,,,0.75,,,,,,,,,,,,,,,,,,,,,,,,,,,
1_wave_creep,Кобольд,game/scripts/npc/units/normal_mode_creeps.txt,3,True,npc_dota_creature,models/creeps/neutral_creeps/n_creep_kobold/kobold_c/n_creep_kobold_c.vmdl,n_creep_Melee,,1,,1,wave_1_poison,,,,,,,,2,0,DOTA_UNIT_CAP_MELEE_ATTACK,16,17,1.55,0.3,0,100,,,25,4,4,DOTA_UNIT_CAP_MOVE_GROUND,300,0.5,130,0.5,0,0,DOTA_TEAM_BADGUYS,DOTA_COMBAT_CLASS_ATTACK_HERO,DOTA_COMBAT_CLASS_DEFEND_HERO,DOTA_NPC_UNIT_RELATIONSHIP_TYPE_DEFAULT,normal,heavy,800,800,0,AI\attack_wave_only.lua,wave_creep,,,,,,,,,0.75,,,,,,,,,,,,,,,,,,,,,,,,,,,
2_wave_creep,Кентавр-Воин,game/scripts/npc/units/normal_mode_creeps.txt,69,True,npc_dota_creature,models/creeps/neutral_creeps/n_creep_centaur_med/n_creep_centaur_med.vmdl,n_creep_Melee,,0.85,,1,wave_2_centaurs_revenge,,,,,,,,0,0,DOTA_UNIT_CAP_MELEE_ATTACK,31,32,1.55,0.3,0,100,,,25,4,4,DOTA_UNIT_CAP_MOVE_GROUND,350,0.5,220,0.5,0,0,DOTA_TEAM_BADGUYS,DOTA_COMBAT_CLASS_ATTACK_HERO,DOTA_COMBAT_CLASS_DEFEND_HERO,DOTA_NPC_UNIT_RELATIONSHIP_TYPE_DEFAULT,normal,heavy,800,800,0,AI\attack_wave_only.lua,wave_creep,,,,,,,,,0.75,,,,,,,,,,,,,,,,,,,,,,,,,,,
3_wave_creep,Драконид,game/scripts/npc/units/normal_mode_creeps.txt,134,True,npc_dota_creature,models/creeps/neutral_creeps/n_creep_dragonspawn_b/n_creep_dragonspawn_b.vmdl,n_creep_Melee,,0.75,,1,wave_3_evasion,,,,,,,,0,0,DOTA_UNIT_CAP_MELEE_ATTACK,51,57,1.5,0.3,0,100,,,25,5,5,DOTA_UNIT_CAP_MOVE_GROUND,270,0.6,375,0.5,200,1,DOTA_TEAM_BADGUYS,DOTA_COMBAT_CLASS_ATTACK_HERO,DOTA_COMBAT_CLASS_DEFEND_HERO,DOTA_NPC_UNIT_RELATIONSHIP_TYPE_DEFAULT,normal,medium,800,800,0,AI\attack_wave_only.lua,wave_creep,,,,,,,,,0.75,,,,,,,,,,,,,,,,,,,,,,,,,,,
4_wave_creep,Темный тролль,game/scripts/npc/units/normal_mode_creeps.txt,199,True,npc_dota_creature,models/creeps/neutral_creeps/n_creep_troll_dark_a/n_creep_troll_dark_a.vmdl,n_creep_Ranged,,0.8,,1,4_wave_true_hit,,,,,,,,0,0,DOTA_UNIT_CAP_RANGED_ATTACK,41,44,1.3,0.3,0,450,,,25,5,5,DOTA_UNIT_CAP_MOVE_GROUND,270,0.5,400,0.5,0,0,DOTA_TEAM_BADGUYS,DOTA_COMBAT_CLASS_ATTACK_HERO,DOTA_COMBAT_CLASS_DEFEND_HERO,DOTA_NPC_UNIT_RELATIONSHIP_TYPE_DEFAULT,pierce,heavy,800,800,0,AI\attack_wave_only.lua,wave_creep,,particles/base_attacks/ranged_badguy.vpcf,1200,,,,,,0.75,,,,,,,,,,,,,,,,,,,,,,,,,,,
6_wave_creep,Головорез,game/scripts/npc/units/normal_mode_creeps.txt,264,True,npc_dota_creature,models/creeps/thief/thief_01.vmdl,n_creep_Melee,,0.85,,1,wave_6_assassin,wave_6_invisibility,,,,,,,2,0,DOTA_UNIT_CAP_MELEE_ATTACK,76,78,0.85,0.3,0,100,,,33,6,6,DOTA_UNIT_CAP_MOVE_GROUND,320,0.6,750,0.5,300,0.75,DOTA_TEAM_BADGUYS,DOTA_COMBAT_CLASS_ATTACK_HERO,DOTA_COMBAT_CLASS_DEFEND_HERO,DOTA_NPC_UNIT_RELATIONSHIP_TYPE_DEFAULT,normal,heavy,800,800,0,AI\6_wave_creeps.lua,wave_creep,,,,,,,,,0.75,,,,,,,,,,,,,,,,,,,,,,,,,,,
7_wave_creep,Чумной Энт,game/scripts/npc/units/normal_mode_creeps.txt,324,True,npc_dota_creature,models/items/furion/treant_stump.vmdl,n_creep_Melee,,1,,1,7_wave_plague,7_wave_sharp_claws,,,,,,,2,0,DOTA_UNIT_CAP_MELEE_ATTACK,111,115,1.05,0.3,0,100,,,33,6,6,DOTA_UNIT_CAP_MOVE_GROUND,400,0.5,800,0.5,250,1,DOTA_TEAM_BADGUYS,DOTA_COMBAT_CLASS_ATTACK_HERO,DOTA_COMBAT_CLASS_DEFEND_HERO,DOTA_NPC_UNIT_RELATIONSHIP_TYPE_DEFAULT,normal,heavy,800,800,0,AI\attack_wave_only.lua,wave_creep,,,,,,,,,0.75,,,,,,,,,,,,,,,,,,,,,,,,,,,
8_wave_creep,Властитель,game/scripts/npc/units/normal_mode_creeps.txt,389,True,npc_dota_creature,models/creeps/lane_creeps/creep_bad_melee/creep_bad_melee.vmdl,Hero_Sven,,1.25,,1,wave_8_cleave,,,,,,,,1,80,DOTA_UNIT_CAP_MELEE_ATTACK,126,129,1.05,0.3,0,100,,,33,7,7,DOTA_UNIT_CAP_MOVE_GROUND,270,0.6,950,0.25,300,0.75,DOTA_TEAM_BADGUYS,DOTA_COMBAT_CLASS_ATTACK_HERO,DOTA_COMBAT_CLASS_DEFEND_HERO,DOTA_NPC_UNIT_RELATIONSHIP_TYPE_DEFAULT,normal,heavy,800,800,0,AI\attack_wave_only.lua,wave_creep,,,,,,,,,0.75,,,,,,,,,,,,,,,,,,,,,,,,,,,
9_wave_creep,Дух Воды,game/scripts/npc/units/normal_mode_creeps.txt,454,True,npc_dota_creature,models/heroes/morphling/morphling.vmdl,Hero_Morphling,,0.7,,1,,,,,,,,,1,0,DOTA_UNIT_CAP_RANGED_ATTACK,141,150,1.0,0.3,0,450,,,33,7,7,DOTA_UNIT_CAP_MOVE_GROUND,220,0.5,975,0.5,0,0,DOTA_TEAM_BADGUYS,DOTA_COMBAT_CLASS_ATTACK_HERO,DOTA_COMBAT_CLASS_DEFEND_HERO,DOTA_NPC_UNIT_RELATIONSHIP_TYPE_DEFAULT,pierce,medium,800,800,0,AI\attack_wave_only.lua,wave_creep,,particles/units/heroes/hero_morphling/morphling_base_attack.vpcf,1300,,,,,,0.75,,,,,,,,,,,,,,,,,,,,,,,,,,,
11_wave_creep,Опустошитель,game/scripts/npc/units/normal_mode_creeps.txt,520,True,npc_dota_creature,models/items/beastmaster/boar/beast_deming/beast_deming.vmdl,n_creep_Melee,,0.8,,1,11_wave_immolation,wave_11_cleave,,,,,,,8,0,DOTA_UNIT_CAP_MELEE_ATTACK,181,186,0.65,0.3,0,100,,,48,8,8,DOTA_UNIT_CAP_MOVE_GROUND,420,0.5,1100,0.5,300,0.75,DOTA_TEAM_BADGUYS,DOTA_COMBAT_CLASS_ATTACK_HERO,DOTA_COMBAT_CLASS_DEFEND_HERO,DOTA_NPC_UNIT_RELATIONSHIP_TYPE_DEFAULT,chaos,medium,800,800,0,AI\11_wave_creeps.lua,wave_creep,,,,,,,,,1,,,,,,,,,,,,,,,,,,,,,,,,,,,
12_wave_creep,Адский Медведь,game/scripts/npc/units/normal_mode_creeps.txt,585,True,npc_dota_creature,models/creeps/neutral_creeps/n_creep_beast/n_creep_beast.vmdl,n_creep_Melee,,0.8,,1,12_wave_stomp,wave_12_crit,,,,,,,8,0,DOTA_UNIT_CAP_MELEE_ATTACK,241,244,0.65,0.3,0,100,,,48,8,8,DOTA_UNIT_CAP_MOVE_GROUND,300,0.5,1400,0.5,100,2,DOTA_TEAM_BADGUYS,DOTA_COMBAT_CLASS_ATTACK_HERO,DOTA_COMBAT_CLASS_DEFEND_HERO,DOTA_NPC_UNIT_RELATIONSHIP_TYPE_DEFAULT,normal,heavy,800,800,0,AI\12_wave_creeps.lua,wave_creep,,,,,,,,,0.75,,,,,,,,,,,,,,,,,,,,,,,,,,,
13_wave_creep,Каменный Голем,game/scripts/npc/units/normal_mode_creeps.txt,650,True,npc_dota_creature,models/creeps/neutral_creeps/n_creep_golem_b/n_creep_golem_b.vmdl,n_creep_Melee,,0.95,,1,13_wave_hurl_boulder,,,,,,,,10,80,DOTA_UNIT_CAP_MELEE_ATTACK,281,285,0.75,0.3,0,100,,,48,9,9,DOTA_UNIT_CAP_MOVE_GROUND,270,0.5,1600,0.5,100,1,DOTA_TEAM_BADGUYS,DOTA_COMBAT_CLASS_ATTACK_HERO,DOTA_COMBAT_CLASS_DEFEND_HERO,DOTA_NPC_UNIT_RELATIONSHIP_TYPE_DEFAULT,normal,heavy,800,800,0,AI\13_wave_creeps.lua,wave_creep,,,,,,,,,0.75,,,,,,,,,,,,,,,,,,,,,,,,,,,
14_wave_creep,Громовая Ящерица,game/scripts/npc/units/normal_mode_creeps.txt,716,True,npc_dota_creature,models/creeps/neutral_creeps/n_creep_thunder_lizard/n_creep_thunder_lizard_small.vmdl,n_creep_Ranged,,0.7,,1,14_wave_shadow_strike,,,,,,,,15,0,DOTA_UNIT_CAP_RANGED_ATTACK,191,200,0.8,0.3,0,500,,,48,10,10,DOTA_UNIT_CAP_MOVE_GROUND,270,0.5,1500,1.5,500,1.5,DOTA_TEAM_BADGUYS,DOTA_COMBAT_CLASS_ATTACK_HERO,DOTA_COMBAT_CLASS_DEFEND_HERO,DOTA_NPC_UNIT_RELATIONSHIP_TYPE_DEFAULT,chaos,heavy,800,800,0,AI\14_wave_creeps.lua,wave_creep,,particles/units/heroes/hero_zuus/zuus_arc_lightning_.vpcf,1500,,,,,,0.75,1,75,150,0.5,225,0.25,,,,,,,,,,,,,,,,,,,,,
16_wave_creep,Призрак,game/scripts/npc/units/normal_mode_creeps.txt,789,True,npc_dota_creature,models/creeps/neutral_creeps/n_creep_ghost_b/n_creep_ghost_frost.vmdl,n_creep_Ranged,,1,,1,wave_16_mana_burn,,,,,,,,20,0,DOTA_UNIT_CAP_RANGED_ATTACK,376,386,0.8,0.3,0,400,,,63,11,11,DOTA_UNIT_CAP_MOVE_GROUND,270,0.6,1700,0.5,400,1,DOTA_TEAM_BADGUYS,DOTA_COMBAT_CLASS_ATTACK_HERO,DOTA_COMBAT_CLASS_DEFEND_HERO,DOTA_NPC_UNIT_RELATIONSHIP_TYPE_DEFAULT,magic,heavy,800,800,0,AI\16_wave_creeps.lua,wave_creep,,particles/neutral_fx/ghost_base_attack.vpcf,900,,,,,,0.75,,,,,,,,,,,,,,,,,,,,,,,,,,,
17_wave_creep,Хвататель,game/scripts/npc/units/normal_mode_creeps.txt,855,True,npc_dota_creature,models/creeps/neutral_creeps/n_creep_vulture_b/n_creep_vulture_b.vmdl,n_creep_Melee,,1,,1,17_wave_purge,,,,,,,,40,50,DOTA_UNIT_CAP_MELEE_ATTACK,451,455,1.05,0.3,0,110,,,63,11,11,DOTA_UNIT_CAP_MOVE_GROUND,350,0.5,2200,0.5,300,1,DOTA_TEAM_BADGUYS,DOTA_COMBAT_CLASS_ATTACK_HERO,DOTA_COMBAT_CLASS_DEFEND_HERO,DOTA_NPC_UNIT_RELATIONSHIP_TYPE_DEFAULT,normal,heavy,800,800,0,AI\17_wave_creeps.lua,wave_creep,,,,,,,,,0.75,,,,,,,,,,,,,,,,,,,,,,,,,,,
18_wave_creep,Хранитель Пустоты,game/scripts/npc/units/normal_mode_creeps.txt,921,True,npc_dota_creature,models/heroes/enigma/eidelon.vmdl,n_creep_Ranged,,1.1,,1,18_wave_silence,,,,,,,,10,50,DOTA_UNIT_CAP_RANGED_ATTACK,451,455,1.1,0.3,0,250,,,63,11,11,DOTA_UNIT_CAP_MOVE_GROUND,350,0.5,2200,1,150,1,DOTA_TEAM_BADGUYS,DOTA_COMBAT_CLASS_ATTACK_HERO,DOTA_COMBAT_CLASS_DEFEND_HERO,DOTA_NPC_UNIT_RELATIONSHIP_TYPE_DEFAULT,pierce,medium,800,800,0,AI\18_wave_creeps.lua,wave_creep,,particles/econ/items/enigma/enigma_geodesic/enigma_base_attack_eidolon_geodesic.vpcf,1900,,,,,,0.75,,,,,,,,,,,,,,,,,,,,,,,,,,,
19_wave_creep,Адский Сатир,game/scripts/npc/units/normal_mode_creeps.txt,996,True,npc_dota_creature,models/creeps/neutral_creeps/n_creep_satyr_c/n_creep_satyr_c.vmdl,n_creep_Melee,,1,,1,19_wave_faerie_fire,,,,,,,,25,0,DOTA_UNIT_CAP_MELEE_ATTACK,666,666,1.75,0.3,0,100,,,63,12,12,DOTA_UNIT_CAP_MOVE_GROUND,320,0.5,2500,1,500,1.25,DOTA_TEAM_BADGUYS,DOTA_COMBAT_CLASS_ATTACK_HERO,DOTA_COMBAT_CLASS_DEFEND_HERO,DOTA_NPC_UNIT_RELATIONSHIP_TYPE_DEFAULT,chaos,heavy,800,800,0,AI\19_wave_creeps.lua,wave_creep,,,,,,,,,0.75,,,,,,,,,,,,,,,,,,,,,,,,,,,
npc_dummy_blank,,game/scripts/npc/units/npc_dummy_blank.txt,4,True,npc_dota_base_additive,models/development/invisiblebox.vmdl,Creep_Good_Range,,,,0,,,,,,,,,0,0,DOTA_UNIT_CAP_NO_ATTACK,0,0,1,0.5,800,500,DOTA_HULL_SIZE_HERO,,0,0,0,DOTA_UNIT_CAP_MOVE_GROUND,450,10,1,0,0,0,DOTA_TEAM_GOODGUYS,DOTA_COMBAT_CLASS_ATTACK_HERO,DOTA_COMBAT_CLASS_DEFEND_SOFT,DOTA_NPC_UNIT_RELATIONSHIP_TYPE_WARD,,,0,0,,,helper_or_decoration,,,900,,DAMAGE_TYPE_ArmorPhysical,,,,,,,,,,,,,,,,,healing_ward,250,,,DOTA_ATTRIBUTE_STRENGTH,0,0,0,0,0,0,1.5,,,
orn_megaboss,Орн,game/scripts/npc/units/orn_megaboss.txt,3,True,npc_dota_creature,models/heroes/juggernaut/juggernaut.vmdl,Hero_Juggernaut,,1.6,105,1,true_sight,orn_all_bonuses,orn_cleave_manabreak_lifesteal,orn_return,orn_bash,orn_crit,orn_mana_break,,80,25,DOTA_UNIT_CAP_MELEE_ATTACK,675,725,0.4,0.3,5000,180,,,0,0,0,DOTA_UNIT_CAP_MOVE_GROUND,450,0.6,20000,50,3000,1,DOTA_TEAM_BADGUYS,DOTA_COMBAT_CLASS_ATTACK_HERO,DOTA_COMBAT_CLASS_DEFEND_HERO,DOTA_NPC_UNIT_RELATIONSHIP_TYPE_DEFAULT,hero,heavy,2000,2000,0,units\MegabossOrnStats.lua,megaboss_or_final_add,7,,,,,,,,,,,,,,,,,,,,,,,,,,,,,,,,,,,
orn_mutant_boss,,game/scripts/npc/units/orn_mutant_boss.txt,3,True,npc_dota_creature,models/heroes/undying/undying_minion.vmdl,n_creep_Melee,,1.6,,1,,,,,,,,,50,0,DOTA_UNIT_CAP_MELEE_ATTACK,2000,2000,1.2,0.3,2000,90,,,100,20,20,DOTA_UNIT_CAP_MOVE_GROUND,300,0.5,2000,250,0,0,DOTA_TEAM_BADGUYS,DOTA_COMBAT_CLASS_ATTACK_HERO,DOTA_COMBAT_CLASS_DEFEND_HERO,DOTA_NPC_UNIT_RELATIONSHIP_TYPE_DEFAULT,chaos,heavy,2000,2000,0,,megaboss_or_final_add,,,,,,,,,,,,,,,,,,,,,,,,,,,,,,,,,,,,
book_of_the_dead_skeleton_melee,Скелет-Воин,game/scripts/npc/units/purchasable_units.txt,3,True,npc_dota_creature,models/creeps/neutral_creeps/n_creep_troll_skeleton/n_creep_skeleton_melee.vmdl,n_creep_Melee,,1,,1,,,,,,,,,1,,DOTA_UNIT_CAP_MELEE_ATTACK,22,22,1.5,0.4,500,128,DOTA_HULL_SIZE_HERO,150,100,5,5,DOTA_UNIT_CAP_MOVE_GROUND,180,0.4,250,0.1,0,0,DOTA_TEAM_GOODGUYS,DOTA_COMBAT_CLASS_ATTACK_HERO,DOTA_COMBAT_CLASS_DEFEND_HERO,DOTA_NPC_UNIT_RELATIONSHIP_TYPE_DEFAULT,normal,heavy,900,800,0,,summon_or_other_requires_reference_review,,,,,DAMAGE_TYPE_ArmorPhysical,,,,,,,,,,,,,,,,,,,,,,,,,,,,,,,
book_of_the_dead_skeleton_melee_ranged,Скелет-Лучник,game/scripts/npc/units/purchasable_units.txt,62,True,npc_dota_creature,models/heroes/clinkz/clinkz.vmdl,Hero_Clinkz,,0.5,,1,,,,,,,,,1,,DOTA_UNIT_CAP_RANGED_ATTACK,18,18,1.2,0.3,500,500,DOTA_HULL_SIZE_HERO,140,100,5,5,DOTA_UNIT_CAP_MOVE_GROUND,180,0.4,210,0.5,0,0.75,DOTA_TEAM_GOODGUYS,DOTA_COMBAT_CLASS_ATTACK_HERO,DOTA_COMBAT_CLASS_DEFEND_HERO,DOTA_NPC_UNIT_RELATIONSHIP_TYPE_DEFAULT,pierce,heavy,1400,1400,,,summon_or_other_requires_reference_review,,particles/units/heroes/hero_clinkz/clinkz_base_attack.vpcf,900,,DAMAGE_TYPE_ArmorPhysical,,,,,,,,,,,,,,soundevents/game_sounds_heroes/game_sounds_clinkz.vsndevts,,soundevents/voscripts/game_sounds_heroes/game_sounds_clinkz.vsndevts,,,,,,,,,,,,,0,,
npc_lia_troll_defender,Тролль-Защитник,game/scripts/npc/units/purchasable_units.txt,145,True,npc_dota_creature,models/heroes/troll_warlord/troll_warlord.vmdl,n_creep_Ranged,,0.9,,1,invulnerability,troll_defender_armor_aura,,,,,,,1,0,DOTA_UNIT_CAP_RANGED_ATTACK,30,30,1.6,0.4,500,500,,,100,5,5,DOTA_UNIT_CAP_MOVE_GROUND,290,0.5,100,0,100,0,DOTA_TEAM_GOODGUYS,DOTA_COMBAT_CLASS_ATTACK_HERO,DOTA_COMBAT_CLASS_DEFEND_HERO,DOTA_NPC_UNIT_RELATIONSHIP_TYPE_DEFAULT,pierce,heavy,800,900,0,,summon_or_other_requires_reference_review,,particles/units/heroes/hero_troll_warlord/troll_warlord_base_attack.vpcf,1200,,DAMAGE_TYPE_ArmorPhysical,,,,,,,,,,,,,,,,,,,,,,,,,,,,,,,
npc_lia_troll_healer,Тролль-Лекарь,game/scripts/npc/units/purchasable_units.txt,213,True,npc_dota_creature,models/creeps/neutral_creeps/n_creep_forest_trolls/n_creep_forest_troll_high_priest.vmdl,n_creep_Ranged,,0.9,,1,spell_immunity,troll_healer_heal,,,,,,,15,0,DOTA_UNIT_CAP_NO_ATTACK,0,0,1.8,0.3,500,600,,,0,0,0,DOTA_UNIT_CAP_MOVE_GROUND,290,0.5,700,0.5,100,0.5,DOTA_TEAM_GOODGUYS,DOTA_COMBAT_CLASS_ATTACK_HERO,DOTA_COMBAT_CLASS_DEFEND_HERO,DOTA_NPC_UNIT_RELATIONSHIP_TYPE_DEFAULT,pierce,heavy,1000,1000,0,AI\TrollHealer.lua,summon_or_other_requires_reference_review,,particles/base_attacks/ranged_badguy.vpcf,1200,,DAMAGE_TYPE_ArmorPhysical,,,,,,,,,,,,,,,,,,,,,,,,,,,,,,,
npc_doom_guard_spawn,Привратник Ада,game/scripts/npc/units/purchasable_units.txt,267,True,npc_dota_creature,models/heroes/doom/doom.vmdl,Hero_DoomBringer,Hero_DoomBringer.IdleLoop,0.9,,6,doom_spawn_cripple,doom_spawn_stomp,,,,,,,7,,DOTA_UNIT_CAP_MELEE_ATTACK,140,140,1.3,0.467,1000,128,DOTA_HULL_SIZE_HERO,250,100,0,0,DOTA_UNIT_CAP_MOVE_GROUND,270,0.4,1700,0.5,500,1.25,DOTA_TEAM_GOODGUYS,DOTA_COMBAT_CLASS_ATTACK_HERO,DOTA_COMBAT_CLASS_DEFEND_HERO,DOTA_NPC_UNIT_RELATIONSHIP_TYPE_DEFAULT,chaos,heavy,1400,1400,,,summon_or_other_requires_reference_review,,,,,DAMAGE_TYPE_ArmorPhysical,,,,,,,,,,,,,,soundevents/game_sounds_heroes/game_sounds_doombringer.vsndevts,,,,,,,,,,,,,,,0,vgui/hud/heroportraits/portrait_doom_bringer,
hell_beast,Адская Тварь,game/scripts/npc/units/purchasable_units.txt,356,True,npc_dota_creature,models/heroes/faceless_void/faceless_void.vmdl,Hero_FacelessVoid,,1.0,,1,hell_beast_bloodlust,hell_beast_sleep,,,,,,,5,0,DOTA_UNIT_CAP_MELEE_ATTACK,60,65,0.9,0.3,500,100,DOTA_HULL_SIZE_HERO,250,0,0,0,DOTA_UNIT_CAP_MOVE_GROUND,300,0.5,900,0.5,300,1,DOTA_TEAM_GOODGUYS,DOTA_COMBAT_CLASS_ATTACK_HERO,DOTA_COMBAT_CLASS_DEFEND_HERO,DOTA_NPC_UNIT_RELATIONSHIP_TYPE_DEFAULT,chaos,heavy,900,800,0,,summon_or_other_requires_reference_review,,,,,,,,,,,,,,,,,,,,,,,,,,,,,,,,,,,,
spherical_staff_fire_golem,Огненный Голем,game/scripts/npc/units/purchasable_units.txt,439,True,npc_dota_creature,models/items/warlock/golem/obsidian_golem/obsidian_golem.vmdl,Hero_WarlockGolem,Hero_WarlockGolem.Spawn_Loop,1,,1,spell_immunity,spherical_staff_fire_golem_immolation,,,,,,,16,100,DOTA_UNIT_CAP_MELEE_ATTACK,100,120,0.95,0.26,500,100,,260,0,0,0,DOTA_UNIT_CAP_MOVE_GROUND,320,0.4,1800,1,0,0,DOTA_TEAM_GOODGUYS,DOTA_COMBAT_CLASS_ATTACK_HERO,DOTA_COMBAT_CLASS_DEFEND_HERO,DOTA_NPC_UNIT_RELATIONSHIP_TYPE_DEFAULT,chaos,heavy,900,800,0,,summon_or_other_requires_reference_review,,,,,,,,,,,,,,,,,,,,,,,,,,,,,,,,,,,,
npc_lia_boar,Кабан,game/scripts/npc/units/purchasable_units.txt,503,True,npc_dota_creature,models/heroes/beastmaster/beastmaster_beast.vmdl,n_creep_Ranged,,0.9,,1,invulnerability,boar_poison,,,,,,,0,0,DOTA_UNIT_CAP_RANGED_ATTACK,16,17,1.25,0.33,500,500,,,100,5,5,DOTA_UNIT_CAP_MOVE_GROUND,310,0.6,100,0,100,0,DOTA_TEAM_GOODGUYS,DOTA_COMBAT_CLASS_ATTACK_HERO,DOTA_COMBAT_CLASS_DEFEND_HERO,DOTA_NPC_UNIT_RELATIONSHIP_TYPE_DEFAULT,pierce,heavy,800,900,0,,summon_or_other_requires_reference_review,,particles/units/heroes/hero_beastmaster/beastmaster_boar_attack.vpcf,1050,,DAMAGE_TYPE_ArmorPhysical,,,,,,,,,,,,,,,,,,,,,,,,,,,,,,,
pure_light_totem,,game/scripts/npc/units/pure_light_totem.txt,3,True,npc_dota_building,models/props/traps/barking_dog/barking_dog.vmdl,Creep_Good_Melee,,0.5,180,1,,,,,,,,,5,100,DOTA_UNIT_CAP_NO_ATTACK,0,0,0,0,0,0,DOTA_HULL_SIZE_BARRACKS,250,,0,0,DOTA_UNIT_CAP_MOVE_NONE,0,0,500,,0,,DOTA_TEAM_BADGUYS,DOTA_COMBAT_CLASS_ATTACK_HERO,DOTA_COMBAT_CLASS_DEFEND_HERO,,siege,fortified,800,600,,,summon_or_other_requires_reference_review,,,0,,DAMAGE_TYPE_ArmorPhysical,0,minimap_racks90,DOTA_NPC_UNIT_RELATIONSHIP_TYPE_DEFAULT,,,,,,,,,,,,,,,,,,,,,,,,,,,,
shadow_master_shadow,Тень,game/scripts/npc/units/shadow_master_shadow.txt,3,True,npc_dota_creature,models/heroes/terrorblade/terrorblade.vmdl,,,1,,0,shadow_return_to_owner,shadow_shadow_mastery,shadow_world_of_shadows,,,,,,0,25,DOTA_UNIT_CAP_MELEE_ATTACK,2,24,1.75,0.3,800,100,,,0,0,0,DOTA_UNIT_CAP_MOVE_GROUND,275,0.5,530,1.0,75,0.05,DOTA_TEAM_GOODGUYS,DOTA_COMBAT_CLASS_ATTACK_HERO,DOTA_COMBAT_CLASS_DEFEND_HERO,DOTA_NPC_UNIT_RELATIONSHIP_TYPE_HERO,hero,hero,900,800,,heroes/ShadowMaster/PaintBlack.lua,summon_or_other_requires_reference_review,,,,,,,,,,,,,,,,,,,,,,,,1,,,,,,,,,,,,
npc_dota_broodmother_spiderling_custom_1,Слабый Паук,game/scripts/npc/units/spider_queen_spiders.txt,3,True,npc_dota_broodmother_spiderling,models/heroes/broodmother/spiderling.vmdl,n_creep_Melee,,0.4,,1,,,,,,,,,0,0,DOTA_UNIT_CAP_MELEE_ATTACK,11,12,1.05,0.5,500,100,,,0,0,0,DOTA_UNIT_CAP_MOVE_GROUND,270,0.5,150,0.5,0,0,DOTA_TEAM_GOODGUYS,DOTA_COMBAT_CLASS_ATTACK_HERO,DOTA_COMBAT_CLASS_DEFEND_HERO,DOTA_NPC_UNIT_RELATIONSHIP_TYPE_DEFAULT,normal,heavy,800,800,0,,summon_or_other_requires_reference_review,,,,,,,,,,,,,,,,,,,,,,,,,,,,,,,,,,,,746
npc_dota_broodmother_spiderling_custom_2,Сильный Паук,game/scripts/npc/units/spider_queen_spiders.txt,56,True,npc_dota_broodmother_spiderling,models/heroes/broodmother/spiderling.vmdl,n_creep_Melee,,0.5,,2,,,,,,,,,0,0,DOTA_UNIT_CAP_MELEE_ATTACK,26,27,0.75,0.5,500,100,,,0,0,0,DOTA_UNIT_CAP_MOVE_GROUND,270,0.5,350,1,0,0,DOTA_TEAM_GOODGUYS,DOTA_COMBAT_CLASS_ATTACK_HERO,DOTA_COMBAT_CLASS_DEFEND_HERO,DOTA_NPC_UNIT_RELATIONSHIP_TYPE_DEFAULT,normal,heavy,800,800,0,,summon_or_other_requires_reference_review,,,,,,,,,,,,,,,,,,,,,,,,,,,,,,,,,,,,746
npc_dota_broodmother_spiderling_custom_3,Паук-Воин,game/scripts/npc/units/spider_queen_spiders.txt,109,True,npc_dota_broodmother_spiderling,models/heroes/broodmother/spiderling.vmdl,n_creep_Melee,,0.6,,3,,,,,,,,,0,0,DOTA_UNIT_CAP_MELEE_ATTACK,51,52,0.55,0.5,500,100,,,0,0,0,DOTA_UNIT_CAP_MOVE_GROUND,270,0.5,550,1.5,0,0,DOTA_TEAM_GOODGUYS,DOTA_COMBAT_CLASS_ATTACK_HERO,DOTA_COMBAT_CLASS_DEFEND_HERO,DOTA_NPC_UNIT_RELATIONSHIP_TYPE_DEFAULT,normal,heavy,800,800,0,,summon_or_other_requires_reference_review,,,,,,,,,,,,,,,,,,,,,,,,,,,,,,,,,,,,746
spirit_of_the_plains1,Дух Равнин,game/scripts/npc/units/wanderer_creeps.txt,3,True,npc_dota_creature,models/heroes/spectre/spectre.vmdl,n_creep_Melee,,0.8,,1,spirit_of_the_plains_fog,,,,,,,,2,0,DOTA_UNIT_CAP_RANGED_ATTACK,20,30,1.0,0.33,500,450,,,0,0,0,DOTA_UNIT_CAP_MOVE_GROUND,320,0.6,500,1.6,100,2,DOTA_TEAM_GOODGUYS,DOTA_COMBAT_CLASS_ATTACK_HERO,DOTA_COMBAT_CLASS_DEFEND_HERO,DOTA_NPC_UNIT_RELATIONSHIP_TYPE_DEFAULT,normal,heavy,900,800,0,,summon_or_other_requires_reference_review,,particles/units/heroes/hero_spectre/spectre_desolate.vpcf,1200,,,,,,,,,,,,,,,,,,,,,,,,,,,,,,,,,
spirit_of_the_plains2,Дух Равнин,game/scripts/npc/units/wanderer_creeps.txt,71,True,npc_dota_creature,models/heroes/spectre/spectre.vmdl,n_creep_Melee,,0.8,,1,spirit_of_the_plains_fog,neutral_spell_immunity,,,,,,,6,0,DOTA_UNIT_CAP_RANGED_ATTACK,40,50,0.8,0.33,500,450,,,0,0,0,DOTA_UNIT_CAP_MOVE_GROUND,320,0.6,800,1.6,150,2,DOTA_TEAM_GOODGUYS,DOTA_COMBAT_CLASS_ATTACK_HERO,DOTA_COMBAT_CLASS_DEFEND_HERO,DOTA_NPC_UNIT_RELATIONSHIP_TYPE_DEFAULT,normal,heavy,900,800,0,,summon_or_other_requires_reference_review,,particles/units/heroes/hero_spectre/spectre_desolate.vpcf,1200,,,,,,,,,,,,,,,,,,,,,,,,,,,,,,,,,
spirit_of_the_plains3,Дух Равнин,game/scripts/npc/units/wanderer_creeps.txt,146,True,npc_dota_creature,models/heroes/spectre/spectre.vmdl,n_creep_Melee,,0.8,,1,spirit_of_the_plains_fog,neutral_spell_immunity,spirit_of_the_plains_slow,,,,,,10,0,DOTA_UNIT_CAP_RANGED_ATTACK,90,110,0.5,0.33,500,450,,,0,0,0,DOTA_UNIT_CAP_MOVE_GROUND,320,0.6,1100,2.0,200,2,DOTA_TEAM_GOODGUYS,DOTA_COMBAT_CLASS_ATTACK_HERO,DOTA_COMBAT_CLASS_DEFEND_HERO,DOTA_NPC_UNIT_RELATIONSHIP_TYPE_DEFAULT,normal,heavy,900,800,0,,summon_or_other_requires_reference_review,,particles/units/heroes/hero_spectre/spectre_desolate.vpcf,1200,,,,,,,,,,,,,,,,,,,,,,,,,,,,,,,,,
ghost_1,Призрак,game/scripts/npc/units/wanderer_creeps.txt,221,True,npc_dota_creature,models/heroes/razor/razor.vmdl,n_creep_Melee,,1,,1,essence_of_the_ghost_aura1,,,,,,,,7,0,DOTA_UNIT_CAP_RANGED_ATTACK,130,140,0.9,0.6,500,475,,,0,0,0,DOTA_UNIT_CAP_MOVE_GROUND,300,0.6,1000,1.0,0,0,DOTA_TEAM_GOODGUYS,DOTA_COMBAT_CLASS_ATTACK_HERO,DOTA_COMBAT_CLASS_DEFEND_HERO,DOTA_NPC_UNIT_RELATIONSHIP_TYPE_DEFAULT,chaos,heavy,900,800,0,,summon_or_other_requires_reference_review,,particles/units/heroes/hero_razor/razor_base_attack.vpcf,2500,,,,,,,,,,,,,,,,,,,,,,,,,,,,,,,,,
ghost_2,Призрак,game/scripts/npc/units/wanderer_creeps.txt,301,True,npc_dota_creature,models/heroes/razor/razor.vmdl,n_creep_Melee,,1,,1,essence_of_the_ghost_aura2,,,,,,,,10,0,DOTA_UNIT_CAP_RANGED_ATTACK,180,190,1.0,0.6,500,475,,,0,0,0,DOTA_UNIT_CAP_MOVE_GROUND,300,0.6,1500,1.0,0,0,DOTA_TEAM_GOODGUYS,DOTA_COMBAT_CLASS_ATTACK_HERO,DOTA_COMBAT_CLASS_DEFEND_HERO,DOTA_NPC_UNIT_RELATIONSHIP_TYPE_DEFAULT,chaos,heavy,900,800,0,,summon_or_other_requires_reference_review,,particles/units/heroes/hero_razor/razor_base_attack.vpcf,2500,,,,,,,,,,,,,,,,,,,,,,,,,,,,,,,,,
ghost_3,Призрак,game/scripts/npc/units/wanderer_creeps.txt,379,True,npc_dota_creature,models/heroes/razor/razor.vmdl,n_creep_Melee,,1,,1,essence_of_the_ghost_aura3,,,,,,,,15,0,DOTA_UNIT_CAP_RANGED_ATTACK,250,260,1.1,0.6,500,475,,,0,0,0,DOTA_UNIT_CAP_MOVE_GROUND,400,0.6,2000,2.0,0,0,DOTA_TEAM_GOODGUYS,DOTA_COMBAT_CLASS_ATTACK_HERO,DOTA_COMBAT_CLASS_DEFEND_HERO,DOTA_NPC_UNIT_RELATIONSHIP_TYPE_DEFAULT,chaos,heavy,900,800,0,,summon_or_other_requires_reference_review,,particles/units/heroes/hero_razor/razor_base_attack.vpcf,2500,,,,,,,,,,,,,,,,,,,,,,,,,,,,,,,,,
ghost_4,Призрак,game/scripts/npc/units/wanderer_creeps.txt,460,True,npc_dota_creature,models/heroes/razor/razor.vmdl,n_creep_Melee,,1,,1,essence_of_the_ghost_aura4,,,,,,,,25,0,DOTA_UNIT_CAP_RANGED_ATTACK,320,330,1.5,0.6,500,475,,,0,0,0,DOTA_UNIT_CAP_MOVE_GROUND,450,0.6,2500,10.0,0,0,DOTA_TEAM_GOODGUYS,DOTA_COMBAT_CLASS_ATTACK_HERO,DOTA_COMBAT_CLASS_DEFEND_HERO,DOTA_NPC_UNIT_RELATIONSHIP_TYPE_DEFAULT,chaos,heavy,900,800,0,,summon_or_other_requires_reference_review,,particles/units/heroes/hero_razor/razor_base_attack.vpcf,2500,,,,,,,,,,,,,,,,,,,,,,,,,,,,,,,,,
