section,field,value,line,source,section_line
Misc,MaxHeroLevel,50,2,war3mapMisc.txt,1
Misc,HeroFactorXP,200,3,war3mapMisc.txt,1
Misc,StrAttackBonus,1.5,4,war3mapMisc.txt,1
Misc,IntManaBonus,10.0,5,war3mapMisc.txt,1
Misc,AgiAttackSpeedBonus,0.01,6,war3mapMisc.txt,1
Misc,StrHitPointBonus,8.0,7,war3mapMisc.txt,1
Misc,AgiDefenseBase,-1.0,8,war3mapMisc.txt,1
Misc,PawnItemRange,450.0,9,war3mapMisc.txt,1
Misc,CreepCallForHelp,450.0,10,war3mapMisc.txt,1
Misc,FrostMoveSpeedDecrease,0.4,11,war3mapMisc.txt,1
Misc,EtherealHealBonus,1.5,12,war3mapMisc.txt,1
Misc,MinUnitSpeed,0.0,13,war3mapMisc.txt,1
Misc,TradingIncLarge,100,14,war3mapMisc.txt,1
Misc,TradingIncSmall,10,15,war3mapMisc.txt,1
Misc,BoneDecayTime,45.0,16,war3mapMisc.txt,1
Misc,IllusionsBestowAuras,1,17,war3mapMisc.txt,1
Misc,FlyingHeroesBestowAuras,1,18,war3mapMisc.txt,1
Misc,MagicImmunesResistDamage,0,19,war3mapMisc.txt,1
Misc,GiveItemRange,200.0,20,war3mapMisc.txt,1
Misc,PickupItemRange,200.0,21,war3mapMisc.txt,1
Misc,DamageBonusHero,"1.00,1.00,1.00,0.50,1.00,1.00,0.05,1.00",22,war3mapMisc.txt,1
Misc,DamageBonusChaos,"1.00,1.00,1.00,1.00,1.00,1.00,1.00,1.00",23,war3mapMisc.txt,1
Misc,DamageBonusSpells,"1.00,1.00,1.00,1.00,1.00,0.80,0.05,1.00",24,war3mapMisc.txt,1
Misc,MaxUnitLevel,30,25,war3mapMisc.txt,1
Misc,AgiDefenseBonus,0.2,26,war3mapMisc.txt,1
Misc,UpkeepUsage,"0,80,10000,10000,10000,10000,10000,10000,10000,10000",27,war3mapMisc.txt,1
Misc,DamageBonusMagic,"1.25,0.75,1.75,0.35,1.00,0.80,0.05,1.00",28,war3mapMisc.txt,1
Misc,DamageBonusPierce,"2.00,0.75,1.00,0.35,1.00,0.70,0.05,1.50",29,war3mapMisc.txt,1
Misc,ChanceToMiss,0.1,30,war3mapMisc.txt,1
Misc,MaxUnitSpeed,522.0,31,war3mapMisc.txt,1
TALT,DependencyOr,"n02L,n000,n07F,n00S,n007,n07H,n04Q,n04R,n07G",33,war3mapMisc.txt,32
