ingredient_id,result_id,quantity,source_line
I003,I001,1,4674
I000,I001,1,4674
I002,I001,1,4674
I00A,I009,1,4676
I008,I009,1,4676
I007,I009,1,4676
I00J,I00H,1,4678
I00I,I00H,1,4678
I08M,I00H,1,4678
I006,I005,1,4680
I000,I005,1,4680
I02A,I005,1,4680
I004,I005,1,4680
I00M,I00L,1,4682
I007,I00L,1,4682
I00K,I00L,1,4682
I002,I00L,2,4682
I00G,I00F,1,4684
I004,I00F,1,4684
I00C,I00F,1,4684
I0A5,I0A3,1,4686
I007,I0A3,1,4686
I000,I0A3,1,4686
I00I,I0A3,1,4686
I00D,I00B,1,4688
I001,I00B,1,4688
I00C,I00B,1,4688
I016,I015,1,4690
I00I,I015,1,4690
I009,I015,1,4690
I02O,I02P,1,4692
I00I,I02P,1,4692
I004,I02P,1,4692
I00K,I02P,1,4692
I08K,I02P,1,4692
I012,I011,1,4694
I00I,I011,1,4694
I08L,I011,1,4694
I001,I011,1,4694
I01V,I01U,1,4696
I001,I01U,1,4696
I019,I01U,1,4696
I01V,I07N,1,4697
I01U,I07N,1,4697
I027,I026,1,4699
I00P,I026,1,4699
I024,I026,1,4699
I027,I03Y,1,4700
I026,I03Y,1,4700
I040,I042,1,4702
I00S,I042,2,4702
I00R,I042,1,4702
I00X,I00W,1,4704
I019,I00W,1,4704
I00S,I00W,1,4704
I01O,I01N,1,4706
I019,I01N,2,4706
I02A,I01N,1,4706
I02M,I02N,1,4708
I00S,I02N,1,4708
I08L,I02N,1,4708
I00C,I02N,1,4708
I02M,I07P,1,4709
I02N,I07P,1,4709
I02B,I02C,1,4711
I00I,I02C,1,4711
I019,I02C,1,4711
I02A,I02C,1,4711
I05M,I05E,1,4713
I02N,I05E,1,4713
I00C,I05E,1,4713
I00K,I05E,1,4713
I00S,I05E,1,4713
I058,I057,1,4715
I00S,I057,1,4715
I00P,I057,1,4715
I019,I057,1,4715
I07R,I057,1,4715
I075,I04F,1,4717
I057,I04F,1,4717
I00N,I04F,1,4717
I00U,I00T,1,4719
I00R,I00T,1,4719
I00S,I00T,1,4719
I00E,I00T,1,4719
I00U,I00V,1,4720
I00T,I00V,1,4720
I046,I048,1,4722
I042,I048,1,4722
I019,I048,1,4722
I08T,I08Q,1,4724
I00W,I08Q,1,4724
I01E,I08Q,1,4724
I044,I045,1,4726
I042,I045,1,4726
I01E,I045,1,4726
I044,I096,1,4727
I045,I096,1,4727
I01T,I01B,1,4729
I00W,I01B,1,4729
I00R,I01B,1,4729
I01T,I07M,1,4730
I01B,I07M,1,4730
I010,I00Z,1,4732
I02G,I00Z,1,4732
I00S,I00Z,1,4732
I07B,I07A,1,4734
I00N,I07A,1,4734
I08M,I07A,1,4734
I02F,I02G,1,4736
I00R,I02G,1,4736
I08K,I02G,1,4736
I089,I085,1,4738
I057,I085,1,4738
I042,I085,1,4738
I07R,I085,1,4738
I089,I088,1,4739
I085,I088,1,4739
I05R,I04D,1,4741
I00T,I04D,1,4741
I00P,I04D,1,4741
I01X,I025,1,4743
I0A3,I025,1,4743
I042,I025,1,4743
I00S,I025,1,4743
I09C,I09A,1,4745
I00L,I09A,1,4745
I01K,I09A,1,4745
I02D,I02E,1,4747
I007,I02E,1,4747
I00E,I02E,1,4747
I01E,I02E,1,4747
I02D,I03Z,1,4748
I02E,I03Z,1,4748
I06W,I07T,1,4750
I001,I07T,1,4750
I007,I07T,1,4750
I00C,I07T,1,4750
I06W,I07O,1,4751
I001,I07O,1,4751
I007,I07O,1,4751
I08L,I07O,1,4751
I06W,I087,1,4752
I001,I087,1,4752
I007,I087,1,4752
I00S,I087,1,4752
I03P,I03N,1,4754
I01N,I03N,1,4754
I007,I03N,1,4754
I018,I017,1,4756
I009,I017,2,4756
I018,I07C,1,4757
I017,I07C,1,4757
I02K,I02L,1,4759
I00L,I02L,1,4759
I00F,I02L,1,4759
I081,I07Y,1,4761
I015,I07Y,1,4761
I00L,I07Y,1,4761
I01Q,I01P,1,4763
I005,I01P,1,4763
I00B,I01P,1,4763
I03V,I03T,1,4765
I015,I03T,1,4765
I011,I03T,1,4765
I03Q,I03S,1,4767
I00H,I03S,1,4767
I007,I03S,1,4767
I08Z,I07U,1,4769
I02P,I07U,1,4769
I005,I07U,1,4769
I03X,I0AL,1,4771
I0A3,I0AL,1,4771
I001,I0AL,1,4771
I08L,I0AL,1,4771
I06L,I06J,1,4773
I00Y,I06J,1,4773
I00O,I06J,1,4773
I06L,I08U,1,4774
I06J,I08U,1,4774
I014,I013,1,4776
I0AP,I013,1,4776
I06B,I013,1,4776
I0A3,I013,1,4776
I0AN,I0AP,1,4778
I00Y,I0AP,1,4778
I0AQ,I0AS,1,4780
I00Y,I0AS,1,4780
I00O,I0AS,1,4780
I05S,I05P,1,4782
I00Y,I05P,1,4782
I0A3,I05P,1,4782
I07O,I05P,1,4782
I05S,I05P,1,4783
I00Y,I05P,1,4783
I0A3,I05P,1,4783
I07T,I05P,1,4783
I05S,I05P,1,4784
I00Y,I05P,1,4784
I0A3,I05P,1,4784
I087,I05P,1,4784
I0B3,I0AZ,1,4786
I00W,I0AZ,1,4786
I01E,I0AZ,1,4786
I01K,I0AZ,1,4786
I00Y,I0AZ,1,4786
I0B4,I0B0,1,4788
I01N,I0B0,1,4788
I019,I0B0,1,4788
I00Y,I0B0,1,4788
I0B5,I0B1,1,4790
I029,I0B1,1,4790
I00E,I0B1,1,4790
I00Y,I0B1,1,4790
I0B6,I0B2,1,4792
I01U,I0B2,1,4792
I02A,I0B2,1,4792
I00Y,I0B2,1,4792
I01H,I01I,1,4794
I00N,I01I,1,4794
I01K,I01I,1,4794
I00Q,I00O,1,4796
I00P,I00O,1,4796
I00N,I00O,1,4796
I028,I029,1,4798
I00P,I029,1,4798
I000,I029,1,4798
I00E,I029,1,4798
I01G,I01F,1,4800
I00P,I01F,1,4800
I00E,I01F,1,4800
I01E,I01F,1,4800
I06T,I06R,1,4802
I00O,I06R,1,4802
I00E,I06R,2,4802
I063,I04B,1,4804
I01F,I04B,1,4804
I07A,I04B,1,4804
I077,I076,1,4806
I01F,I076,1,4806
I029,I076,1,4806
I01S,I01R,1,4808
I01F,I01R,1,4808
I00O,I01R,1,4808
I01I,I01R,1,4808
I092,I090,1,4810
I03Y,I090,1,4810
I06R,I090,1,4810
I05V,I05Y,1,4812
I01F,I05Y,1,4812
I00O,I05Y,1,4812
I00P,I05Y,1,4812
I0A9,I0A6,1,4814
I02C,I0A6,1,4814
I029,I0A6,1,4814
I074,I072,1,4816
I026,I072,1,4816
I024,I072,1,4816
I074,I05Q,1,4817
I072,I05Q,1,4817
I086,I082,1,4819
I00I,I082,1,4819
I00N,I082,1,4819
I09I,I09G,1,4821
I02A,I09G,1,4821
I019,I09G,2,4821
I09W,I09U,1,4823
I00O,I09U,1,4823
I01W,I09U,1,4823
I09K,I09L,1,4825
I02N,I09L,1,4825
I00R,I09L,3,4825
I09Z,I09X,1,4827
I057,I09X,1,4827
I01N,I09X,1,4827
I02A,I09X,1,4827
I05L,I05K,1,4829
I00P,I05K,1,4829
I019,I05K,1,4829
I08A,I08D,1,4831
I05K,I08D,1,4831
I07P,I08D,1,4831
I065,I064,1,4833
I0A3,I064,1,4833
I011,I064,1,4833
I0AC,I0AD,1,4835
I00B,I0AD,1,4835
I07N,I0AD,1,4835
I06V,I070,1,4837
I011,I070,1,4837
I00I,I070,1,4837
I09T,I09P,1,4839
I0A3,I09P,2,4839
I001,I09P,1,4839
I0AG,I0AE,1,4841
I02N,I0AE,1,4841
I05K,I0AE,1,4841
I07R,I0AE,1,4841
I04Z,I049,1,4843
I02G,I049,1,4843
I00O,I049,1,4843
I00N,I049,2,4843
I052,I050,1,4845
I00F,I050,2,4845
I0A3,I050,1,4845
I055,I054,1,4847
I03Y,I054,1,4847
I00P,I054,1,4847
I00N,I054,1,4847
I059,I05A,1,4849
I0A3,I05A,1,4849
I03S,I05A,1,4849
I00C,I05A,1,4849
I08L,I05A,1,4849
I00S,I05A,1,4849
I05B,I05D,1,4851
I00S,I05D,3,4851
I029,I05D,1,4851
I00P,I05D,1,4851
I05J,I05I,1,4853
I00O,I05I,1,4853
I057,I05I,1,4853
I08X,I0A7,1,4855
I011,I0A7,1,4855
I0A3,I0A7,1,4855
I00L,I0A7,1,4855
I02P,I0A7,1,4855
I061,I060,1,4857
I00V,I060,1,4857
I03N,I060,1,4857
I015,I060,1,4857
I08V,I08I,1,4859
I004,I08I,1,4859
I08L,I08I,1,4859
I00L,I08I,1,4859
I005,I08I,1,4859
I08F,I08I,1,4859
