id,sources,effect4,effect3,effect2,mod1,base1,effect1,timemod,timebase,lumbermod,lumberbase,goldmod,goldbase,maxlevel,used,race,class,Name,Tip,Ubertip,Hotkey,Art,Buttonpos,Requirescount,Requires,Requires1,Requires2,display_name,jass_functions,inherit,base2,mod2,UberTip,mod3,base3,code2,code1,global,ButtonPos,base4,mod4,Requiresamount,Requiresamount5,Requiresamount6,Requiresamount7,Requiresamount8,Requires5,Requires6,Requires7,Requires8
Rhme,"[""Units\\UpgradeData.slk:36"", ""Units\\HumanUpgradeStrings.txt:6"", ""Units\\HumanUpgradeFunc.txt:5""]",_,_,_,1,1,ratd,15,60,125,50,75,100,3,1,human,melee,"Iron Forged Swords,Steel Forged Swords,Mithril Forged Swords","Upgrade to Iron Forged |cffffcc00S|rwords,Upgrade to Steel Forged |cffffcc00S|rwords,Upgrade to Mithril Forged |cffffcc00S|rwords","Increases the attack damage of Militia, Footmen, Spell Breakers, Dragonhawk Riders, Gryphon Riders and Knights."",""Further increases the attack damage of Militia, Footmen, Spell Breakers, Dragonhawk Riders, Gryphon Riders and Knights."",""Further increases the attack damage of Militia, Footmen, Spell Breakers, Dragonhawk Riders, Gryphon Riders and Knights.","S,S,S","ReplaceableTextures\CommandButtons\BTNSteelMelee.blp,ReplaceableTextures\CommandButtons\BTNThoriumMelee.blp,ReplaceableTextures\CommandButtons\BTNArcaniteMelee.blp","0,0",3,,hkee,hcas,"Iron Forged Swords,Steel Forged Swords,Mithril Forged Swords",[],,,,,,,,,,,,,,,,,,,,,
Rhra,"[""Units\\UpgradeData.slk:53"", ""Units\\HumanUpgradeStrings.txt:11"", ""Units\\HumanUpgradeFunc.txt:12""]",_,_,_,1,1,ratd,15,60,125,50,75,100,3,1,human,ranged,"Black Gunpowder,Refined Gunpowder,Imbued Gunpowder","Upgrade to Black |cffffcc00G|runpowder,Upgrade to Refined |cffffcc00G|runpowder,Upgrade to Imbued |cffffcc00G|runpowder","Increases the ranged attack damage of Riflemen, Mortar Teams, Siege Engines and Flying Machines."",""Further increases the ranged attack damage of Riflemen, Mortar Teams, Siege Engines and Flying Machines."",""Further increases the ranged attack damage of Riflemen, Mortar Teams, Siege Engines and Flying Machines.","G,G,G","ReplaceableTextures\CommandButtons\BTNHumanMissileUpOne.blp,ReplaceableTextures\CommandButtons\BTNHumanMissileUpTwo.blp,ReplaceableTextures\CommandButtons\BTNHumanMissileUpThree.blp","1,0",3,,hkee,hcas,"Black Gunpowder,Refined Gunpowder,Imbued Gunpowder",[],,,,,,,,,,,,,,,,,,,,,
Rhhb,"[""Units\\UpgradeData.slk:70"", ""Units\\HumanUpgradeStrings.txt:76"", ""Units\\HumanUpgradeFunc.txt:80""]",_,_,_,,200,rasd,,45,,225,,125,1,1,human,_,Storm Hammers,Research Storm |cffffcc00H|rammers,Causes a Gryphon Rider's attacks to damage multiple units.,H,ReplaceableTextures\CommandButtons\BTNStormHammer.blp,"0,2",,,,,Storm Hammers,[],1,,,,,,,,,,,,,,,,,,,,
Rhar,"[""Units\\UpgradeData.slk:84"", ""Units\\HumanUpgradeStrings.txt:16"", ""Units\\HumanUpgradeFunc.txt:19""]",_,_,_,,,rarm,15,60,100,75,25,125,3,1,human,armor,"Iron Plating,Steel Plating,Mithril Plating","Upgrade to Iron |cffffcc00P|rlating,Upgrade to Steel |cffffcc00P|rlating,Upgrade to Mithril |cffffcc00P|rlating","Increases the armor of Militia, Footmen, Spell Breakers, Knights, Flying Machines and Siege Engines."",""Further increases the armor of Militia, Footmen, Spell Breakers, Knights, Flying Machines and Siege Engines."",""Further increases the armor of Militia, Footmen, Spell Breakers, Knights, Flying Machines and Siege Engines.","P,P,P","ReplaceableTextures\CommandButtons\BTNHumanArmorUpOne.blp,ReplaceableTextures\CommandButtons\BTNHumanArmorUpTwo.blp,ReplaceableTextures\CommandButtons\BTNHumanArmorUpThree.blp","0,1",3,,hkee,hcas,"Iron Plating,Steel Plating,Mithril Plating",[],,,,,,,,,,,,,,,,,,,,,
Rhgb,"[""Units\\UpgradeData.slk:99"", ""Units\\HumanUpgradeStrings.txt:31"", ""Units\\HumanUpgradeFunc.txt:40""]",_,_,_,,3,renw,,35,,100,50,150,1,1,human,_,Flying Machine Bombs,Research Flying Machine |cffffcc00B|rombs,Allows Flying Machines to attack land units.,B,ReplaceableTextures\CommandButtons\BTNHumanArtilleryUpOne.blp,"0,2",,hcas,,,Flying Machine Bombs,[],1,,,,,,,,,,,,,,,,,,,,
Rhac,"[""Units\\UpgradeData.slk:114"", ""Units\\HumanUpgradeStrings.txt:26"", ""Units\\HumanUpgradeFunc.txt:33""]",_,_,rhpo,,,rarm,15,60,75,100,25,100,3,1,human,armor,"Improved Masonry,Advanced Masonry,Imbued Masonry","Upgrade to Improved |cffffcc00M|rasonry,Upgrade to Advanced |cffffcc00M|rasonry,Upgrade to Imbued |cffffcc00M|rasonry","Increases the armor and hit points of Human buildings."",""Further increases the armor and hit points of Human buildings."",""Further increases the armor and hit points of Human buildings.","M,M,M","ReplaceableTextures\CommandButtons\BTNStoneArchitecture.blp,ReplaceableTextures\CommandButtons\BTNArcaniteArchitecture.blp,ReplaceableTextures\CommandButtons\BTNImbuedMasonry.blp","1,0",3,,hkee,hcas,"Improved Masonry,Advanced Masonry,Imbued Masonry",[],,0.2,0.2,,,,,,,,,,,,,,,,,,
Rhde,"[""Units\\UpgradeData.slk:131"", ""Units\\HumanUpgradeStrings.txt:41"", ""Units\\HumanUpgradeFunc.txt:50""]",_,_,_,,,_,,45,,100,,150,1,1,human,_,Defend,Research |cffffcc00D|refend,,D,ReplaceableTextures\CommandButtons\BTNDefend.blp,"0,2",,,,,Defend,[],1,,,"Allows Footmen to use the Defend ability, which increases their defensive capabilities against Piercing attacks.",,,,,,,,,,,,,,,,,
Rhan,"[""Units\\UpgradeData.slk:144"", ""Units\\HumanUpgradeStrings.txt:46"", ""Units\\HumanUpgradeFunc.txt:53""]",_,_,_,,150,rhpx,,40,,250,,150,1,1,human,_,Animal War Training,Research |cffffcc00A|rnimal War Training,"Increases the maximum hit points of Knights, Dragonhawk Riders, and Gryphon Riders by <Rhan,base1>.",A,ReplaceableTextures\CommandButtons\BTNAnimalWarTraining.blp,"2,2",,"hlum,hcas,hbla",,,Animal War Training,[],1,,,,,,,,,,,,,,,,,,,,
Rhpt,"[""Units\\UpgradeData.slk:158"", ""Units\\HumanUpgradeStrings.txt:51"", ""Units\\HumanUpgradeFunc.txt:57""]",ratd,rhpx,rmnr,100,100,rmnx,15,60,100,50,,100,2,1,human,caster,"Priest Adept Training,Priest Master Training","Pries|cffffcc00t|r Adept Training,Pries|cffffcc00t|r Master Training","Increases Priests' mana capacity, mana regeneration rate, hit points, and gives them the ability to cast Dispel Magic."",""Increases Priests' mana capacity, mana regeneration rate, hit points, and gives them the ability to cast Inner Fire.","T,T","ReplaceableTextures\CommandButtons\BTNPriestAdept.blp,ReplaceableTextures\CommandButtons\BTNPriestMaster.blp","1,2",2,,hcas,,"Priest Adept Training,Priest Master Training",[],1,0.325,0.325,,40,40,,,,,,,,,,,,,,,
Rhst,"[""Units\\UpgradeData.slk:179"", ""Units\\HumanUpgradeStrings.txt:56"", ""Units\\HumanUpgradeFunc.txt:63""]",ratd,rhpx,rmnr,100,100,rmnx,15,60,100,50,,100,2,1,human,caster,"Sorceress Adept Training,Sorceress Master Training","S|cffffcc00o|rrceress Adept Training,S|cffffcc00o|rrceress Master Training","Increases Sorceresses' mana capacity, mana regeneration rate, hit points, and gives them the ability to cast Invisibility."",""Increases Sorceresses' mana capacity, mana regeneration rate, hit points, and gives them the ability to cast Polymorph.","O,O","ReplaceableTextures\CommandButtons\BTNSorceressAdept.blp,ReplaceableTextures\CommandButtons\BTNSorceressMaster.blp","0,2",2,,hcas,,"Sorceress Adept Training,Sorceress Master Training",[],1,0.325,0.325,,40,40,,,,,,,,,,,,,,,
Rhla,"[""Units\\UpgradeData.slk:200"", ""Units\\HumanUpgradeStrings.txt:21"", ""Units\\HumanUpgradeFunc.txt:26""]",_,_,_,,,rarm,15,60,75,100,50,100,3,1,human,armor,"Studded Leather Armor,Reinforced Leather Armor,Dragonhide Armor","Upgrade to Studded Leather |cffffcc00A|rrmor,Upgrade to Reinforced Leather |cffffcc00A|rrmor,Upgrade to Dragonhide |cffffcc00A|rrmor","Increases the armor of Riflemen, Mortar Teams, Dragonhawk Riders and Gryphon Riders."",""Further increases the armor of Riflemen, Mortar Teams, Dragonhawk Riders and Gryphon Riders."",""Further increases the armor of Riflemen, Mortar Teams, Dragonhawk Riders and Gryphon Riders.","A,A,A","ReplaceableTextures\CommandButtons\BTNLeatherUpgradeOne.blp,ReplaceableTextures\CommandButtons\BTNLeatherUpgradeTwo.blp,ReplaceableTextures\CommandButtons\BTNLeatherUpgradeThree.blp","1,1",3,,hkee,hcas,"Studded Leather Armor,Reinforced Leather Armor,Dragonhide Armor",[],,,,,,,,,,,,,,,,,,,,,
Rhri,"[""Units\\UpgradeData.slk:215"", ""Units\\HumanUpgradeStrings.txt:61"", ""Units\\HumanUpgradeFunc.txt:69""]",_,_,_,200,200,ratr,,30,,125,,75,1,1,human,_,Long Rifles,Upgrade to |cffffcc00L|rong Rifles,Increases the range of Riflemen attacks.,L,ReplaceableTextures\CommandButtons\BTNDwarvenLongRifle.blp,"1,2",,harm,,,Long Rifles,[],1,,,,,,,,,,,,,,,,,,,,
Rhlh,"[""Units\\UpgradeData.slk:230"", ""Units\\HumanUpgradeStrings.txt:36"", ""Units\\HumanUpgradeFunc.txt:44""]",_,_,_,5,5,rlum,15,60,,,100,100,2,1,human,_,"Improved Lumber Harvesting,Advanced Lumber Harvesting","Improved |cffffcc00L|rumber Harvesting,Advanced |cffffcc00L|rumber Harvesting","Increases the amount of lumber that Peasants can carry by <Rhlh,mod1>."",""Further increases the amount of lumber that Peasants can carry by <Rhlh,mod1>.","L,L","ReplaceableTextures\CommandButtons\BTNHumanLumberUpgrade1.blp,ReplaceableTextures\CommandButtons\BTNHumanLumberUpgrade2.blp","0,0",2,hkee,hcas,,"Improved Lumber Harvesting,Advanced Lumber Harvesting",[],1,,,,,,,,,,,,,,,,,,,,
Rhse,"[""Units\\UpgradeData.slk:246"", ""Units\\HumanUpgradeStrings.txt:66"", ""Units\\HumanUpgradeFunc.txt:73""]",_,_,_,,,_,,30,,50,,50,1,1,human,_,Magic Sentry,Research |cffffcc00M|ragic Sentry,Provides Human towers with the ability to detect invisible units.,M,ReplaceableTextures\CommandButtons\BTNMagicalSentry.blp,"2,2",,,,,Magic Sentry,[],,,,,,,,,,,,,,,,,,,,,
Rhfl,"[""Units\\UpgradeData.slk:258"", ""Units\\HumanUpgradeStrings.txt:71"", ""Units\\HumanUpgradeFunc.txt:76""]",_,_,_,,,_,,30,,50,,50,1,1,human,_,Flare,Research Fla|cffffcc00r|re,Provides Mortar Teams with the Flare ability. Flares can be used to reveal any area of the map. |nCan see invisible units.,R,ReplaceableTextures\CommandButtons\BTNFlare.blp,"1,2",,hkee,,,Flare,[],1,,,,,,,,,,,,,,,,,,,,
Rhss,"[""Units\\UpgradeData.slk:271"", ""Units\\HumanUpgradeStrings.txt:1"", ""Units\\HumanUpgradeFunc.txt:1""]",_,_,_,,,_,,45,,75,,75,1,1,human,_,Control Magic,Research Control Ma|cffffcc00g|ric,Gives Spell Breakers the ability to take control of enemy summoned units.,G,ReplaceableTextures\CommandButtons\BTNControlMagic.blp,"2,1",,"hvlt,hcas",,,Control Magic,[],1,,,,,,,,,,,,,,,,,,,,
Rhrt,"[""Units\\UpgradeData.slk:284"", ""Units\\HumanUpgradeStrings.txt:81"", ""Units\\HumanUpgradeFunc.txt:84""]",_,_,rtma,,1,rtma,,40,,150,,50,1,1,human,_,Barrage,Research Barra|cffffcc00g|re,"Upgrades Siege Engines, giving them the Barrage ability, which allows them to damage nearby enemy air units.",G,ReplaceableTextures\CommandButtons\BTNScatterRockets.blp,"2,2",,hcas,,,Barrage,[],1,-1,,,,,hrtt,hmtt,1,,,,,,,,,,,,
Rhpm,"[""Units\\UpgradeData.slk:302"", ""Units\\HumanUpgradeStrings.txt:86"", ""Units\\HumanUpgradeFunc.txt:88""]",_,_,_,,,_,,20,,25,,50,1,1,human,_,Backpack,Research |cffffcc00B|rackpack,Gives specific Human ground units the ability to carry items.,B,ReplaceableTextures\CommandButtons\BTNPackBeast.blp,"3,0",,hvlt,,,Backpack,[],,,,,,,,,,,,,,,,,,,,,
Rhfc,"[""Units\\UpgradeData.slk:314"", ""Units\\HumanUpgradeStrings.txt:91"", ""Units\\HumanUpgradeFunc.txt:92""]",_,_,_,,,_,,40,,150,,100,1,1,human,_,Flak Cannons,Research Flak |cffffcc00C|rannons,Upgrades the weapons on Flying Machines to give them an area effect damage attack against air units.,C,ReplaceableTextures\CommandButtons\BTNFlakCannons.blp,"0,1",,hcas,,,Flak Cannons,[],1,,,,,,,,,,,,,,,,,,,,
Rhfs,"[""Units\\UpgradeData.slk:327"", ""Units\\HumanUpgradeStrings.txt:96"", ""Units\\HumanUpgradeFunc.txt:96""]",_,_,_,,,_,,40,,100,,50,1,1,human,_,Fragmentation Shards,Research Fragmentation |cffffcc00S|rhards,Upgrades the mortar shells on Mortar Teams to increase the damage they deal to Unarmored and Medium armor units.,S,ReplaceableTextures\CommandButtons\BTNFragmentationBombs.blp,"1,1",,hcas,,,Fragmentation Shards,[],1,,,,,,,,,,,,,,,,,,,,
Rhcd,"[""Units\\UpgradeData.slk:340"", ""Units\\HumanUpgradeStrings.txt:101"", ""Units\\HumanUpgradeFunc.txt:100""]",_,_,_,,,_,,35,,100,,50,1,1,human,_,Cloud,Research |cffffcc00C|rloud,"Provides Dragonhawk Riders with the Cloud ability, which stops ranged buildings from attacking.",C,ReplaceableTextures\CommandButtons\BTNCloudOfFog.blp,"1,2",,hvlt,,,Cloud,[],1,,,,,,,,,,,,,,,,,,,,
Roen,"[""Units\\UpgradeData.slk:353"", ""Units\\OrcUpgradeStrings.txt:1"", ""Units\\OrcUpgradeFunc.txt:1""]",_,_,_,,,_,,40,,75,,50,1,1,orc,_,Ensnare,Research E|cffffcc00n|rsnare,Enables Raiders to use the Ensnare ability. Ensnare causes a target enemy unit to be bound to the ground so that it cannot move. Air units that are ensnared can be attacked as though they were land units.,N,ReplaceableTextures\CommandButtons\BTNEnsnare.blp,"0,2",,,,,Ensnare,[],1,,,,,,,,,,,,,,,,,,,,
Rume,"[""Units\\UpgradeData.slk:366"", ""Units\\UndeadUpgradeStrings.txt:6"", ""Units\\UndeadUpgradeFunc.txt:5""]",_,_,_,1,1,ratd,15,60,100,50,75,125,3,1,undead,melee,"Unholy Strength,Improved Unholy Strength,Advanced Unholy Strength","Upgrade to Unholy |cffffcc00S|rtrength,Upgrade to Improved Unholy |cffffcc00S|rtrength,Upgrade to Advanced Unholy |cffffcc00S|rtrength","Increases the attack damage of Ghouls, Meat Wagons, Abominations, Skeleton Warriors, and Skeletal Mages."",""Further increases the attack damage of Ghouls, Meat Wagons, Abominations, Skeleton Warriors, and Skeletal Mages."",""Further increases the attack damage of Ghouls, Meat Wagons, Abominations, Skeleton Warriors, and Skeletal Mages.","S,S,S","ReplaceableTextures\CommandButtons\BTNUnholyStrength.blp,ReplaceableTextures\CommandButtons\BTNImprovedUnholyStrength.blp,ReplaceableTextures\CommandButtons\BTNAdvancedUnholyStrength.blp","0,0",3,,unp1,unp2,"Unholy Strength,Improved Unholy Strength,Advanced Unholy Strength",[],,,,,,,,,,,,,,,,,,,,,
Rura,"[""Units\\UpgradeData.slk:383"", ""Units\\UndeadUpgradeStrings.txt:11"", ""Units\\UndeadUpgradeFunc.txt:12""]",_,_,_,1,1,ratd,15,60,75,50,50,150,3,1,undead,ranged,"Creature Attack,Improved Creature Attack,Advanced Creature Attack","Upgrade to Creature |cffffcc00A|rttack,Upgrade to Improved Creature |cffffcc00A|rttack,Upgrade to Advanced Creature |cffffcc00A|rttack","Increases the attack damage of Crypt Fiends, Gargoyles, Destroyers, and Frost Wyrms."",""Further increases the attack damage of Crypt Fiends, Gargoyles, Destroyers, and Frost Wyrms."",""Further increases the attack damage of Crypt Fiends, Gargoyles, Destroyers, and Frost Wyrms.","A,A,A","ReplaceableTextures\CommandButtons\BTNCreatureAttack.blp,ReplaceableTextures\CommandButtons\BTNImprovedCreatureAttack.blp,ReplaceableTextures\CommandButtons\BTNAdvancedCreatureAttack.blp","1,0",3,,unp1,unp2,"Creature Attack,Improved Creature Attack,Advanced Creature Attack",[],,,,,,,,,,,,,,,,,,,,,
Ruar,"[""Units\\UpgradeData.slk:400"", ""Units\\UndeadUpgradeStrings.txt:16"", ""Units\\UndeadUpgradeFunc.txt:19""]",_,_,_,,,rarm,15,60,100,50,75,125,3,1,undead,armor,"Unholy Armor,Improved Unholy Armor,Advanced Unholy Armor","Upgrade to |cffffcc00U|rnholy Armor,Upgrade to Improved |cffffcc00U|rnholy Armor,Upgrade to Advanced |cffffcc00U|rnholy Armor","Increases the armor of Ghouls, Abominations, Skeleton Warriors, and Skeletal Mages."",""Further increases the armor of Ghouls, Abominations, Skeleton Warriors, and Skeletal Mages."",""Further increases the armor of Ghouls, Abominations, Skeleton Warriors, and Skeletal Mages.","U,U,U","ReplaceableTextures\CommandButtons\BTNUnholyArmor.blp,ReplaceableTextures\CommandButtons\BTNImprovedUnholyArmor.blp,ReplaceableTextures\CommandButtons\BTNAdvancedUnholyArmor.blp","0,1",3,,unp1,unp2,"Unholy Armor,Improved Unholy Armor,Advanced Unholy Armor",[],,,,,,,,,,,,,,,,,,,,,
Ruac,"[""Units\\UpgradeData.slk:415"", ""Units\\UndeadUpgradeStrings.txt:26"", ""Units\\UndeadUpgradeFunc.txt:33""]",_,_,_,,,_,,30,,,,75,1,1,undead,_,Cannibalize,Research |cffffcc00C|rannibalize,Enables Ghouls and Abominations to use the Cannibalize ability. Cannibalize consumes a nearby corpse to restore health.,C,ReplaceableTextures\CommandButtons\BTNCannibalize.blp,"0,1",,,,,Cannibalize,[],1,,,,,,,,,,,,,,,,,,,,
Rugf,"[""Units\\UpgradeData.slk:427"", ""Units\\UndeadUpgradeStrings.txt:31"", ""Units\\UndeadUpgradeFunc.txt:36""]",_,_,rmvx,,0.25,rats,,45,,150,,100,1,1,undead,_,Ghoul Frenzy,Research Ghoul Fren|cffffcc00z|ry,"Increases the attack rate of Ghouls by <Rugf,base1,%>%, and increases their movement speed.",Z,ReplaceableTextures\CommandButtons\BTNGhoulFrenzy.blp,"0,2",,"ugrv,unp2",,,Ghoul Frenzy,[],1,80,,,,,,,,,,,,,,,,,,,
Ruwb,"[""Units\\UpgradeData.slk:442"", ""Units\\UndeadUpgradeStrings.txt:36"", ""Units\\UndeadUpgradeFunc.txt:40""]",_,_,_,,,_,,30,,75,,75,1,1,undead,_,Web,Research |cffffcc00W|reb,"Enables Crypt Fiends to use the Web ability. Web binds a target enemy air unit in webbing, forcing it to the ground. Webbed units can be hit as though they were land units.",W,ReplaceableTextures\CommandButtons\BTNWeb.blp,"1,2",,"ugrv,unp1",,,Web,[],1,,,,,,,,,,,,,,,,,,,,
Rusf,"[""Units\\UpgradeData.slk:455"", ""Units\\UndeadUpgradeStrings.txt:41"", ""Units\\UndeadUpgradeFunc.txt:44""]",_,_,_,,,_,,40,,150,,75,1,1,undead,_,Stone Form,Research |cffffcc00S|rtone Form,"Enables the ability for Gargoyles to assume Stone Form. Stone Form transforms the Gargoyle into a statue with high armor, spell immunity, and regeneration. The Gargoyle cannot attack in this form.",S,ReplaceableTextures\CommandButtons\BTNStoneForm.blp,"2,2",,"ugrv,unp2",,,Stone Form,[],1,,,,,,,,,,,,,,,,,,,,
Rune,"[""Units\\UpgradeData.slk:468"", ""Units\\UndeadUpgradeStrings.txt:46"", ""Units\\UndeadUpgradeFunc.txt:48""]",ratd,rhpx,rmnr,100,100,rmnx,15,60,100,50,,100,2,1,undead,caster,"Necromancer Adept Training,Necromancer Master Training","N|cffffcc00e|rcromancer Adept Training,N|cffffcc00e|rcromancer Master Training","Increases Necromancers' mana capacity, mana regeneration rate, hit points, and gives them the ability to cast Unholy Frenzy."",""Increases Necromancers' mana capacity, mana regeneration rate, hit points, and gives them the ability to cast Cripple.","E,E","ReplaceableTextures\CommandButtons\BTNNecromancerAdept.blp,ReplaceableTextures\CommandButtons\BTNNecromancerMaster.blp","0,2",2,,unp2,,"Necromancer Adept Training,Necromancer Master Training",[],1,0.325,0.325,,40,40,,,,,,,,,,,,,,,
Ruba,"[""Units\\UpgradeData.slk:489"", ""Units\\UndeadUpgradeStrings.txt:51"", ""Units\\UndeadUpgradeFunc.txt:54""]",ratd,rhpx,rmnr,100,100,rmnx,15,60,100,50,,100,2,1,undead,caster,"Banshee Adept Training,Banshee Master Training","B|cffffcc00a|rnshee Adept Training,B|cffffcc00a|rnshee Master Training","Increases Banshees' mana capacity, mana regeneration rate, hit points, and gives them the ability to cast Anti-magic Shell."",""Increases Banshees' mana capacity, mana regeneration rate, hit points, and gives them the ability to cast Possession.","A,A","ReplaceableTextures\CommandButtons\BTNBansheeAdept.blp,ReplaceableTextures\CommandButtons\BTNBansheeMaster.blp","1,2",2,,unp2,,"Banshee Adept Training,Banshee Master Training",[],1,0.325,0.325,,40,40,,,,,,,,,,,,,,,
Rufb,"[""Units\\UpgradeData.slk:510"", ""Units\\UndeadUpgradeStrings.txt:56"", ""Units\\UndeadUpgradeFunc.txt:60""]",_,_,_,,,_,,60,,275,,150,1,1,undead,_,Freezing Breath,Research Freezing |cffffcc00B|rreath,"Enables Frost Wyrms to use the Freezing Breath ability. When cast on a building, temporarily stops production.",B,ReplaceableTextures\CommandButtons\BTNFreezingBreath.blp,"0,2",,,,,Freezing Breath,[],1,,,,,,,,,,,,,,,,,,,,
Rusl,"[""Units\\UpgradeData.slk:523"", ""Units\\UndeadUpgradeStrings.txt:61"", ""Units\\UndeadUpgradeFunc.txt:63""]",_,_,_,,15,rrai,,60,,75,,100,1,1,undead,_,Skeletal Longevity,Research |cffffcc00S|rkeletal Longevity,"Increases the duration of raised Skeleton Warriors and Skeletal Mages by <Rusl,base1> seconds.",S,ReplaceableTextures\CommandButtons\BTNSkeletalLongevity.blp,"2,2",,,,,Skeletal Longevity,[],1,,,,,,,,,,,,,,,,,,,,
Rucr,"[""Units\\UpgradeData.slk:537"", ""Units\\UndeadUpgradeStrings.txt:21"", ""Units\\UndeadUpgradeFunc.txt:26""]",_,_,_,,,rarm,15,60,125,75,50,150,3,1,undead,armor,"Creature Carapace,Improved Creature Carapace,Advanced Creature Carapace","Upgrade to Creature |cffffcc00C|rarapace,Upgrade to Improved Creature |cffffcc00C|rarapace,Upgrade to Advanced Creature |cffffcc00C|rarapace","Increases the armor of Crypt Fiends, Gargoyles, Destroyers, and Frost Wyrms."",""Further increases the armor of Crypt Fiends, Gargoyles, Destroyers, and Frost Wyrms."",""Further increases the armor of the Crypt Fiends, Gargoyles, Destroyers, and Frost Wyrms.","C,C,C","ReplaceableTextures\CommandButtons\BTNCreatureCarapace.blp,ReplaceableTextures\CommandButtons\BTNImprovedCreatureCarapace.blp,ReplaceableTextures\CommandButtons\BTNAdvancedCreatureCarapace.blp","1,1",3,,unp1,unp2,"Creature Carapace,Improved Creature Carapace,Advanced Creature Carapace",[],,,,,,,,,,,,,,,,,,,,,
Rupc,"[""Units\\UpgradeData.slk:552"", ""Units\\UndeadUpgradeStrings.txt:66"", ""Units\\UndeadUpgradeFunc.txt:66""]",_,_,_,,,_,,45,,200,,100,1,1,undead,_,Disease Cloud,Research |cffffcc00D|risease Cloud,"Gives Abominations a Disease Cloud aura that deals <Aap1,DataB1> damage per second for <Aap1,DataA1> seconds to nearby enemy units. Meat Wagons will cause Disease Clouds wherever they attack that deal <Aap2,DataB1> damage per second for <Aap2,DataA1> seconds to nearby enemy units. |nUndead are immune to Disease Cloud.",D,ReplaceableTextures\CommandButtons\BTNPlagueCloud.blp,"1,2",,unp2,,,Disease Cloud,[],1,,,,,,,,,,,,,,,,,,,,
Rusm,"[""Units\\UpgradeData.slk:565"", ""Units\\UndeadUpgradeStrings.txt:71"", ""Units\\UndeadUpgradeFunc.txt:70""]",_,_,_,1,1,rlev,,45,,150,,125,1,1,undead,_,Skeletal Mastery,Research Skeletal |cffffcc00M|rastery,Causes one of the two skeletons created by Raise Dead to be a Skeletal Mage.,M,ReplaceableTextures\CommandButtons\BTNSkeletonMage.blp,"2,1",,unp2,,,Skeletal Mastery,[],1,,,,,,,Arai,,,,,,,,,,,,,
Rubu,"[""Units\\UpgradeData.slk:581"", ""Units\\UndeadUpgradeStrings.txt:76"", ""Units\\UndeadUpgradeFunc.txt:74""]",_,_,_,,,_,,45,,75,,75,1,1,undead,_,Burrow,Research |cffffcc00B|rurrow,"Crypt Fiends gain the ability to burrow. Burrowed Crypt Fiends are invisible and gain increased hit point regeneration, but cannot attack.",B,ReplaceableTextures\CommandButtons\BTNCryptFiendBurrow.blp,"1,1",,"unp1,ugrv",,,Burrow,[],1,,,,,,,,,,,,,,,,,,,,
Rusp,"[""Units\\UpgradeData.slk:594"", ""Units\\UndeadUpgradeStrings.txt:1"", ""Units\\UndeadUpgradeFunc.txt:1""]",_,_,_,,,_,,60,,150,,75,1,1,undead,_,Destroyer Form,Research Des|cffffcc00t|rroyer Form,"Allows the Obsidian Statue to transform into a Destroyer, a large flying unit that must devour magic to sustain its mana. The Destroyer has Spell Immunity, Devour Magic, Absorb Mana, and Orb of Annihilation. |n|n|cffffcc00Attacks land and air units.|r",T,ReplaceableTextures\CommandButtons\BTNDestroyer.blp,,,"unp2,utom",,,Destroyer Form,[],1,,,,,,,,,"2,2",,,,,,,,,,,
Ruex,"[""Units\\UpgradeData.slk:607"", ""Units\\UndeadUpgradeStrings.txt:81"", ""Units\\UndeadUpgradeFunc.txt:78""]",_,_,_,,,_,,20,,100,,125,1,1,undead,_,Exhume Corpses,Research |cffffcc00E|rxhume Corpses,Gives Meat Wagons the ability to generate corpses.,E,ReplaceableTextures\CommandButtons\BTNExhumeCorpses.blp,"0,2",,unp2,,,Exhume Corpses,[],1,,,,,,,,,,,,,,,,,,,,
Rupm,"[""Units\\UpgradeData.slk:620"", ""Units\\UndeadUpgradeStrings.txt:86"", ""Units\\UndeadUpgradeFunc.txt:82""]",_,_,_,,,_,,20,,25,,50,1,1,undead,_,Backpack,Research |cffffcc00B|rackpack,Gives specific Undead ground units the ability to carry items.,B,ReplaceableTextures\CommandButtons\BTNPackBeast.blp,"3,0",,utom,,,Backpack,[],,,,,,,,,,,,,,,,,,,,,
Resm,"[""Units\\UpgradeData.slk:632"", ""Units\\NightElfUpgradeStrings.txt:1"", ""Units\\NightElfUpgradeFunc.txt:1""]",_,_,_,1,1,ratd,15,60,100,75,50,125,3,1,nightelf,melee,"Strength of the Moon,Improved Strength of the Moon,Advanced Strength of the Moon","Upgrade to Strength of the |cffffcc00M|roon,Upgrade to Improved Strength of the |cffffcc00M|roon,Upgrade to Advanced Strength of the |cffffcc00M|roon","Increases the damage of Archers, Huntresses, Glaive Throwers, and Hippogryph Riders."",""Further increases the damage of Archers, Huntresses, Glaive Throwers, and Hippogryph Riders."",""Further increases the damage of Archers, Huntresses, Glaive Throwers, and Hippogryph Riders.","M,M,M","ReplaceableTextures\CommandButtons\BTNStrengthOfTheMoon.blp,ReplaceableTextures\CommandButtons\BTNImprovedStrengthOfTheMoon.blp,ReplaceableTextures\CommandButtons\BTNAdvancedStrengthOfTheMoon.blp","0,0",3,,etoa,etoe,"Strength of the Moon,Improved Strength of the Moon,Advanced Strength of the Moon",[],,,,,,,,,,,,,,,,,,,,,
Resw,"[""Units\\UpgradeData.slk:649"", ""Units\\NightElfUpgradeStrings.txt:6"", ""Units\\NightElfUpgradeFunc.txt:8""]",_,_,_,1,1,ratd,15,60,100,75,75,100,3,1,nightelf,ranged,"Strength of the Wild,Improved Strength of the Wild,Advanced Strength of the Wild","Upgrade to Strength of the |cffffcc00W|rild,Upgrade to Improved Strength of the |cffffcc00W|rild,Upgrade to Advanced Strength of the |cffffcc00W|rild","Increases the damage of Druids of the Claw in Bear Form, Druids of the Talon in Storm Crow Form, Dryads, Mountain Giants, Faerie Dragons, Hippogryphs, and Chimaeras."",""Further increases the damage of Druids of the Claw in Bear Form, Druids of the Talon in Storm Crow Form, Dryads, Mountain Giants, Faerie Dragons, Hippogryphs, and Chimaeras."",""Further increases the damage of Druids of the Claw in Bear Form, Druids of the Talon in Storm Crow Form, Dryads, Mountain Giants, Faerie Dragons, Hippogryphs, and Chimaeras.","W,W,W","ReplaceableTextures\CommandButtons\BTNStrengthOfTheWild.blp,ReplaceableTextures\CommandButtons\BTNImprovedStrengthOfTheWild.blp,ReplaceableTextures\CommandButtons\BTNAdvancedStrengthOfTheWild.blp","1,0",3,,etoa,etoe,"Strength of the Wild,Improved Strength of the Wild,Advanced Strength of the Wild",[],,,,,,,,,,,,,,,,,,,,,
Rema,"[""Units\\UpgradeData.slk:666"", ""Units\\NightElfUpgradeStrings.txt:11"", ""Units\\NightElfUpgradeFunc.txt:15""]",_,_,_,,,rarm,15,60,75,75,50,150,3,1,nightelf,armor,"Moon Armor,Improved Moon Armor,Advanced Moon Armor","Upgrade to Moon |cffffcc00A|rrmor,Upgrade to Improved Moon |cffffcc00A|rrmor,Upgrade to Advanced Moon |cffffcc00A|rrmor","Increases the armor of Archers, Huntresses, and Hippogryph Riders."",""Further increases the armor of Archers, Huntresses, and Hippogryph Riders."",""Further increases the armor of Archers, Huntresses, and Hippogryph Riders.","A,A,A","ReplaceableTextures\CommandButtons\BTNMoonArmor.blp,ReplaceableTextures\CommandButtons\BTNImprovedMoonArmor.blp,ReplaceableTextures\CommandButtons\BTNAdvancedMoonArmor.blp","0,1",3,,etoa,etoe,"Moon Armor,Improved Moon Armor,Advanced Moon Armor",[],,,,,,,,,,,,,,,,,,,,,
Rerh,"[""Units\\UpgradeData.slk:681"", ""Units\\NightElfUpgradeStrings.txt:16"", ""Units\\NightElfUpgradeFunc.txt:22""]",_,_,_,,,rarm,15,60,100,50,50,150,3,1,nightelf,armor,"Reinforced Hides,Improved Reinforced Hides,Advanced Reinforced Hides","Upgrade to |cffffcc00R|reinforced Hides,Upgrade to Improved |cffffcc00R|reinforced Hides,Upgrade to Advanced |cffffcc00R|reinforced Hides","Increases the armor of Druids of the Claw in Bear Form, Druids of the Talon in Storm Crow Form, Dryads, Mountain Giants, Faerie Dragons, Hippogryphs, and Chimaeras."",""Further increases the armor of Druids of the Claw in Bear Form, Druids of the Talon in Storm Crow Form, Dryads, Mountain Giants, Faerie Dragons, Hippogryphs, and Chimaeras."",""Further increases the armor of Druids of the Claw in Bear Form, Druids of the Talon in Storm Crow Form, Dryads, Mountain Giants, Faerie Dragons, Hippogryphs, and Chimaeras.","R,R,R","ReplaceableTextures\CommandButtons\BTNReinforcedHides.blp,ReplaceableTextures\CommandButtons\BTNImprovedReinforcedHides.blp,ReplaceableTextures\CommandButtons\BTNAdvancedReinforcedHides.blp","1,1",3,,etoa,etoe,"Reinforced Hides,Improved Reinforced Hides,Advanced Reinforced Hides",[],,,,,,,,,,,,,,,,,,,,,
Reuv,"[""Units\\UpgradeData.slk:696"", ""Units\\NightElfUpgradeStrings.txt:21"", ""Units\\NightElfUpgradeFunc.txt:29""]",_,_,_,,,_,,45,,50,,50,1,1,nightelf,_,Ultravision,Upgrade to |cffffcc00U|rltravision,Gives Night Elves the ability to see as far at night as they do during the day.,U,ReplaceableTextures\CommandButtons\BTNUltravision.blp,"2,0",,,,,Ultravision,[],1,,,,,,,,,,,,,,,,,,,,
Renb,"[""Units\\UpgradeData.slk:709"", ""Units\\NightElfUpgradeStrings.txt:26"", ""Units\\NightElfUpgradeFunc.txt:32""]",_,_,rarm,,40,rmvx,,60,,200,,150,1,1,nightelf,_,Nature's Blessing',Research |cffffcc00N|rature's Blessing',Upgrades all Ancients' and Treants' movement speed and armor.,N,ReplaceableTextures\CommandButtons\BTNNaturesBlessing.blp,"2,0",,etoa,,,Nature's Blessing',[],1,,,,,,,,,,,,,,,,,,,,
Resc,"[""Units\\UpgradeData.slk:723"", ""Units\\NightElfUpgradeStrings.txt:41"", ""Units\\NightElfUpgradeFunc.txt:44""]",_,_,_,,,_,,20,,100,,100,1,1,nightelf,_,Sentinel,Research |cffffcc00S|rentinel,Gives the Huntress the ability to send her owl companion to a nearby tree and provide vision. |nCan see invisible units.,S,ReplaceableTextures\CommandButtons\BTNSentinel.blp,"1,1",,"edob,etoa",,,Sentinel,[],1,,,,,,,,,,,,,,,,,,,,
Remg,"[""Units\\UpgradeData.slk:736"", ""Units\\NightElfUpgradeStrings.txt:46"", ""Units\\NightElfUpgradeFunc.txt:48""]",_,_,_,,1,ratc,,35,,150,,100,1,1,nightelf,_,Upgrade Moon Glaive,Upgrade Moon |cffffcc00G|rlaive,Gives the Huntress the ability to strike additional units with her bouncing glaive attacks.,G,ReplaceableTextures\CommandButtons\BTNUpgradeMoonGlaive.blp,"1,2",,"edob,etoe",,,Upgrade Moon Glaive,[],1,,,,,,,,,,,,,,,,,,,,
Reib,"[""Units\\UpgradeData.slk:750"", ""Units\\NightElfUpgradeStrings.txt:31"", ""Units\\NightElfUpgradeFunc.txt:36""]",_,_,_,200,200,ratr,,35,,100,,50,1,1,nightelf,_,Improved Bows,Research |cffffcc00I|rmproved Bows,Increases the Archer's and Hippogryph Rider's attack range.,I,ReplaceableTextures\CommandButtons\BTNImprovedBows.blp,"0,1",,etoa,,,Improved Bows,[],1,,,,,,,,,,,,,,,,,,,,
Remk,"[""Units\\UpgradeData.slk:765"", ""Units\\NightElfUpgradeStrings.txt:36"", ""Units\\NightElfUpgradeFunc.txt:40""]",_,_,_,,3,ratx,,40,,175,,100,1,1,nightelf,_,Marksmanship,Research |cffffcc00M|rarksmanship,"Increases damage of Archers and Hippogryph Riders by <Remk,base1>.",M,ReplaceableTextures\CommandButtons\BTNMarksmanship.blp,"0,2",,"edob,etoe",,,Marksmanship,[],1,,,,,,,,,,,,,,,,,,,,
Redt,"[""Units\\UpgradeData.slk:779"", ""Units\\NightElfUpgradeStrings.txt:51"", ""Units\\NightElfUpgradeFunc.txt:52""]",ratd,rhpx,rmnr,100,100,rmnx,15,60,100,50,,100,2,1,nightelf,caster,"Druid of the Talon Adept Training,Druid of the Talon Master Training","Druid of the T|cffffcc00a|rlon Adept Training,Druid of the T|cffffcc00a|rlon Master Training","Increases their Night Elf Form's mana capacity, mana regeneration rate, hit points, and gives them the ability Storm Crow Form."",""Increases their Night Elf Form's mana capacity, mana regeneration rate, hit points, and gives them the ability to cast Cyclone.","A,A","ReplaceableTextures\CommandButtons\BTNDOTAdeptTraining.blp,ReplaceableTextures\CommandButtons\BTNDOTMasterTraining.blp","1,2",2,,etoe,,"Druid of the Talon Adept Training,Druid of the Talon Master Training",[],1,0.325,0.325,,40,40,,,,,,,,,,,,,,,
Redc,"[""Units\\UpgradeData.slk:800"", ""Units\\NightElfUpgradeStrings.txt:56"", ""Units\\NightElfUpgradeFunc.txt:58""]",ratd,rhpx,rmnr,100,100,rmnx,15,45,100,50,,100,2,1,nightelf,caster,"Druid of the Claw Adept Training,Druid of the Claw Master Training","Druid of the C|cffffcc00l|raw Adept Training,Druid of the C|cffffcc00l|raw Master Training","Increases their Night Elf Form's mana capacity, mana regeneration rate, hit points, attack damage and gives them the ability Rejuvenation."",""Increases their Night Elf Form's mana capacity, mana regeneration rate, hit points, attack damage and gives them the ability Bear Form.","L,L","ReplaceableTextures\CommandButtons\BTNDOCAdeptTraining.blp,ReplaceableTextures\CommandButtons\BTNDOCMasterTraining.blp","1,2",2,,etoe,,"Druid of the Claw Adept Training,Druid of the Claw Master Training",[],1,0.325,0.325,,75,75,,,,,1,1,,,,,,,,,
Resi,"[""Units\\UpgradeData.slk:823"", ""Units\\NightElfUpgradeStrings.txt:61"", ""Units\\NightElfUpgradeFunc.txt:64""]",_,_,_,,,_,,45,,50,,50,1,1,nightelf,_,Abolish Magic,Research Aboli|cffffcc00s|rh Magic,"Gives the Dryad the ability to dispel positive buffs from enemy units, and negative buffs from friendly units. |nDamages summoned units.",S,ReplaceableTextures\CommandButtons\BTNDryadDispelMagic.blp,"0,2",,,,,Abolish Magic,[],1,,,,,,,,,,,,,,,,,,,,
Recb,"[""Units\\UpgradeData.slk:836"", ""Units\\NightElfUpgradeStrings.txt:71"", ""Units\\NightElfUpgradeFunc.txt:70""]",_,_,_,,3,renw,,40,,225,,125,1,1,nightelf,_,Corrosive Breath,Research Corrosive |cffffcc00B|rreath,Gives Chimaeras the ability to hurl corrosive bile onto enemy buildings.,B,ReplaceableTextures\CommandButtons\BTNCorrosiveBreath.blp,"0,2",,,,,Corrosive Breath,[],1,,,,,,,,,,,,,,,,,,,,
Reht,"[""Units\\UpgradeData.slk:850"", ""Units\\NightElfUpgradeStrings.txt:66"", ""Units\\NightElfUpgradeFunc.txt:67""]",_,_,_,,,_,,30,,75,,75,1,1,nightelf,_,Hippogryph Taming,Research H|cffffcc00i|rppogryph Taming,Trains Hippogryphs to allow Archers to mount them. This allows them to attack both air and ground units.,I,ReplaceableTextures\CommandButtons\BTNTameHippogriff.blp,"0,2",,,,,Hippogryph Taming,[],1,,,,,,,,,,,,,,,,,,,,
Repb,"[""Units\\UpgradeData.slk:863"", ""Units\\NightElfUpgradeStrings.txt:76"", ""Units\\NightElfUpgradeFunc.txt:73""]",_,_,renw,,200,rasd,,60,,100,,125,1,1,nightelf,_,Vorpal Blades,Research Vor|cffffcc00p|ral Blades,Permits the glaives launched by the Glaive Thrower to strike through initial ground targets and damage those behind. Also allows them to attack trees.,P,ReplaceableTextures\CommandButtons\BTNVorpalBlades.blp,"2,2",,"etoa,edob",,,Vorpal Blades,[],1,2,,,,,,,,,,,,,,,,,,,
Rers,"[""Units\\UpgradeData.slk:878"", ""Units\\NightElfUpgradeStrings.txt:81"", ""Units\\NightElfUpgradeFunc.txt:81""]",_,_,_,,,_,,75,,100,,50,1,1,nightelf,_,Resistant Skin,Research Resis|cffffcc00t|rant Skin,Gives Mountain Giants increased resistance to spell damage.,T,ReplaceableTextures\CommandButtons\BTNResistantSkin.blp,"2,2",,"etoe,eden",,,Resistant Skin,[],1,,,,,,,,,,,,,,,,,,,,
Rehs,"[""Units\\UpgradeData.slk:891"", ""Units\\NightElfUpgradeStrings.txt:86"", ""Units\\NightElfUpgradeFunc.txt:77""]",_,_,_,,,_,,40,,250,,100,1,1,nightelf,_,Hardened Skin,Research |cffffcc00H|rardened Skin,Gives Mountain Giants increased resistance to attack damage.,H,ReplaceableTextures\CommandButtons\BTNHardenedSkin.blp,"2,1",,"etoe,eden",,,Hardened Skin,[],1,,,,,,,,,,,,,,,,,,,,
Reeb,"[""Units\\UpgradeData.slk:904"", ""Units\\NightElfUpgradeStrings.txt:91"", ""Units\\NightElfUpgradeFunc.txt:85""]",_,_,_,,,_,,20,,100,,25,1,1,nightelf,_,Mark of the Claw,Research |cffffcc00M|rark of the Claw,Allows Druids of the Claw to cast Roar while in Bear Form.,M,ReplaceableTextures\CommandButtons\BTNEnchantedBears.blp,"1,1",,Redc,,,Mark of the Claw,[],1,,,,,,,,,,,,2,,,,,,,,
Reec,"[""Units\\UpgradeData.slk:917"", ""Units\\NightElfUpgradeStrings.txt:96"", ""Units\\NightElfUpgradeFunc.txt:90""]",_,_,_,,,_,,20,,100,,25,1,1,nightelf,_,Mark of the Talon,Research |cffffcc00M|rark of the Talon,Allows Druids of the Talon to cast Faerie Fire while in Storm Crow Form.,M,ReplaceableTextures\CommandButtons\BTNEnchantedCrows.blp,"1,1",,Redt,,,Mark of the Talon,[],1,,,,,,,,,,,,2,,,,,,,,
Rews,"[""Units\\UpgradeData.slk:930"", ""Units\\NightElfUpgradeStrings.txt:101"", ""Units\\NightElfUpgradeFunc.txt:95""]",_,_,rmnr,,200,rmnx,,30,,150,,75,1,1,nightelf,_,Well Spring,Research W|cffffcc00e|rll Spring,"Increases the amount of mana that can be stored in Moon Wells by <Rews,base1>, and their rate of mana regeneration by <Rews,base2,%>%.",E,ReplaceableTextures\CommandButtons\BTNWellSpring.blp,"3,0",,etoe,,,Well Spring,[],1,0.83,,,,,,,,,,,,,,,,,,,
Repm,"[""Units\\UpgradeData.slk:945"", ""Units\\NightElfUpgradeStrings.txt:106"", ""Units\\NightElfUpgradeFunc.txt:99""]",_,_,_,,,_,,20,,25,,50,1,1,nightelf,_,Backpack,Research |cffffcc00B|rackpack,Gives specific Night Elf ground units the ability to carry items.,B,ReplaceableTextures\CommandButtons\BTNPackBeast.blp,"3,0",,eden,,,Backpack,[],,,,,,,,,,,,,,,,,,,,,
Rgfo,"[""Units\\UpgradeData.slk:957"", ""Units\\NeutralUpgradeStrings.txt:1"", ""Units\\NeutralUpgradeFunc.txt:1""]",_,_,rhpo,,,rarm,15,60,50,100,50,100,3,1,unknown,_,"Glyph of Fortification,Glyph of Fortification,Glyph of Fortification",,,,"ReplaceableTextures\CommandButtons\BTNGlyph.blp,ReplaceableTextures\CommandButtons\BTNGlyph.blp,ReplaceableTextures\CommandButtons\BTNGlyph.blp",,,,,,"Glyph of Fortification,Glyph of Fortification,Glyph of Fortification",[],,0.2,0.2,,,,,,,,,,,,,,,,,,
Rguv,"[""Units\\UpgradeData.slk:974"", ""Units\\NeutralUpgradeStrings.txt:3"", ""Units\\NeutralUpgradeFunc.txt:3""]",_,_,_,,,rauv,15,60,50,100,50,100,1,1,unknown,_,Glyph of Ultravision,,,,ReplaceableTextures\CommandButtons\BTNGlyph.blp,,,,,,Glyph of Ultravision,[],1,,,,,,,,,,,,,,,,,,,,
Rnat,"[""Units\\UpgradeData.slk:990"", ""Units\\CampaignUpgradeStrings.txt:6"", ""Units\\CampaignUpgradeFunc.txt:1""]",_,_,_,1,1,ratd,15,60,150,75,75,150,3,1,naga,melee,"Coral Blades,Chitinous Blades,Razorspine Blades","Upgrade to Coral |cffffcc00B|rlades,Upgrade to Chitinous |cffffcc00B|rlades,Upgrade to Razorspine |cffffcc00B|rlades","Increases the attack damage of Naga attack units."",""Further increases the attack damage of Naga attack units."",""Further increases the attack damage of Naga attack units.","B,B,B","ReplaceableTextures\CommandButtons\BTNNagaWeaponUp1.blp,ReplaceableTextures\CommandButtons\BTNNagaWeaponUp2.blp,ReplaceableTextures\CommandButtons\BTNNagaWeaponUp3.blp","0,2",,,,,"Coral Blades,Chitinous Blades,Razorspine Blades",[],,,,,,,,,,,,,,,,,,,,,
Rnam,"[""Units\\UpgradeData.slk:1007"", ""Units\\CampaignUpgradeStrings.txt:1"", ""Units\\CampaignUpgradeFunc.txt:4""]",_,_,_,,,rarm,15,60,150,75,100,125,3,1,naga,armor,"Coral Scales,Chitinous Scales,Razorspine Scales","Upgrade to Coral S|cffffcc00c|rales,Upgrade to Chitinous S|cffffcc00c|rales,Upgrade to Razorspine S|cffffcc00c|rales","Increases the armor of Naga attack units."",""Further increases the armor of Naga attack units."",""Further increases the the armor of Naga attack units.","C,C,C","ReplaceableTextures\CommandButtons\BTNNagaArmorUp1.blp,ReplaceableTextures\CommandButtons\BTNNagaArmorUp2.blp,ReplaceableTextures\CommandButtons\BTNNagaArmorUp3.blp","1,2",,,,,"Coral Scales,Chitinous Scales,Razorspine Scales",[],,,,,,,,,,,,,,,,,,,,,
Rnsb,"[""Units\\UpgradeData.slk:1022"", ""Units\\CampaignUpgradeStrings.txt:11"", ""Units\\CampaignUpgradeFunc.txt:7""]",_,_,_,,,_,,20,,25,,25,1,1,naga,_,Submerge,Research S|cffffcc00u|rbmerge,"Gives Naga Myrmidons and Snap Dragons the ability to submerge under water, hiding them from view.",U,ReplaceableTextures\CommandButtons\BTNNagaBurrow.blp,"2,2",,,,,Submerge,[],1,,,,,,,,,,,,,,,,,,,,
R000,"[""Units\\UpgradeData.slk:1035"", ""Units\\HumanUpgradeStrings.txt:106"", ""Units\\HumanUpgradeFunc.txt:104""]",_,_,_,,,rarm,,1,1,2,,,10,1,human,armor,Плотность,"Плотность, [|cffffcc00Уpoвeнь 1|r] (|cffffcc00S|r)"",""Плотность, [|cffffcc00Уpoвeнь 2|r] (|cffffcc00S|r)"",""Плотность, [|cffffcc00Уpoвeнь 3|r] (|cffffcc00S|r)"",""Плотность, [|cffffcc00Уpoвeнь 4|r] (|cffffcc00S|r)"",""Плотность, [|cffffcc00Уpoвeнь 5|r] (|cffffcc00S|r)"",""Плотность, [|cffffcc00Уpoвeнь 6|r] (|cffffcc00S|r)"",""Плотность, [|cffffcc00Уpoвeнь 7|r] (|cffffcc00S|r)"",""Плотность, [|cffffcc00Уpoвeнь 8|r] (|cffffcc00S|r)"",""Плотность, [|cffffcc00Уpoвeнь 9|r] (|cffffcc00S|r)"",""Плотность, [|cffffcc00Уpoвeнь 10|r] (|cffffcc00S|r)","Улyчшeниe зaщиты вaшeгo гepoя нa |cffffcc001|r ед.|n|n1/2/3/4/5/6/7/8/9/10"",""Улyчшeниe зaщиты вaшeгo гepoя нa |cffffcc001|r ед.|n|n|cFF8080801|r/2/3/4/5/6/7/8/9/10"",""Улyчшeниe зaщиты вaшeгo гepoя нa |cffffcc001|r ед.|n|n1/|cFF8080802|r/3/4/5/6/7/8/9/10"",""Улyчшeниe зaщиты вaшeгo гepoя нa |cffffcc001|r ед.|n|n1/2/|cFF8080803|r/4/5/6/7/8/9/10"",""Улyчшeниe зaщиты вaшeгo гepoя нa |cffffcc001|r ед.|n|n1/2/3/|cFF8080804|r/5/6/7/8/9/10"",""Улyчшeниe зaщиты вaшeгo гepoя нa |cffffcc001|r ед.|n|n1/2/3/4/|cFF8080805|r/6/7/8/9/10"",""Улyчшeниe зaщиты вaшeгo гepoя нa |cffffcc001|r ед.|n|n1/2/3/4/5/|cFF8080806|r/7/8/9/10"",""Улyчшeниe зaщиты вaшeгo гepoя нa |cffffcc001|r ед.|n|n1/2/3/4/5/6/|cFF8080807|r/8/9/10"",""Улyчшeниe зaщиты вaшeгo гepoя нa |cffffcc001|r ед.|n|n1/2/3/4/5/6/7/|cFF8080808|r/9/10"",""Улyчшeниe зaщиты вaшeгo гepoя нa |cffffcc001|r ед.|n|n1/2/3/4/5/6/7/8/|cFF8080809|r/10","S,S,S,S,S,S,S,S,S,S","ReplaceableTextures\CommandButtons\BTNSmash.blp,ReplaceableTextures\CommandButtons\BTNSmash.blp,ReplaceableTextures\CommandButtons\BTNSmash.blp,ReplaceableTextures\CommandButtons\BTNSmash.blp,ReplaceableTextures\CommandButtons\BTNSmash.blp,ReplaceableTextures\CommandButtons\BTNSmash.blp,ReplaceableTextures\CommandButtons\BTNSmash.blp,ReplaceableTextures\CommandButtons\BTNSmash.blp,ReplaceableTextures\CommandButtons\BTNSmash.blp,ReplaceableTextures\CommandButtons\BTNSmash.blp","1,1",10,,,,Плотность,"[""VP"", ""qP"", ""v7v""]",,,,,,,,,,,,,,,,,,,,,
R001,"[""Units\\UpgradeData.slk:1047"", ""Units\\HumanUpgradeStrings.txt:111"", ""Units\\HumanUpgradeFunc.txt:111""]",_,_,_,1,1,ratt,,1,1,2,,,10,1,human,ranged,Opyжиe,"Opyжиe, [|cffffcc00Уpoвeнь 1|r] (|cffffcc00A|r)"",""Opyжиe, [|cffffcc00Уpoвeнь 2|r] (|cffffcc00A|r)"",""Opyжиe, [|cffffcc00Уpoвeнь 3|r] (|cffffcc00A|r)"",""Opyжиe, [|cffffcc00Уpoвeнь 4|r] (|cffffcc00A|r)"",""Opyжиe, [|cffffcc00Уpoвeнь 5|r] (|cffffcc00A|r)"",""Opyжиe, [|cffffcc00Уpoвeнь 6|r] (|cffffcc00A|r)"",""Opyжиe, [|cffffcc00Уpoвeнь 7|r] (|cffffcc00A|r)"",""Opyжиe, [|cffffcc00Уpoвeнь 8|r] (|cffffcc00A|r)"",""Opyжиe, [|cffffcc00Уpoвeнь 9|r] (|cffffcc00A|r)"",""Opyжиe, [|cffffcc00Уpoвeнь 10|r] (|cffffcc00A|r)","Увeличeниe ypoнa вaшего гepoя нa |cffffcc005|r ед.|n|n5/10/15/20/25/30/35/40/45/50"",""Увeличeниe ypoнa вaшего гepoя нa |cffffcc005|r ед.|n|n|cFF8080805|r/10/15/20/25/30/35/40/45/50"",""Увeличeниe ypoнa вaшего гepoя нa |cffffcc005|r ед.|n|n5/|cFF80808010|r/15/20/25/30/35/40/45/50"",""Увeличeниe ypoнa вaшего гepoя нa |cffffcc005|r ед.|n|n5/10/|cFF80808015|r/20/25/30/35/40/45/50"",""Увeличeниe ypoнa вaшего гepoя нa |cffffcc005|r ед.|n|n5/10/15/|cFF80808020|r/25/30/35/40/45/50"",""Увeличeниe ypoнa вaшего гepoя нa |cffffcc005|r ед.|n|n5/10/15/20/|cFF80808025|r/30/35/40/45/50"",""Увeличeниe ypoнa вaшего гepoя нa |cffffcc005|r ед.|n|n5/10/15/20/25/|cFF80808030|r/35/40/45/50"",""Увeличeниe ypoнa вaшего гepoя нa |cffffcc005|r ед.|n|n5/10/15/20/25/30/|cFF80808035|r/40/45/50"",""Увeличeниe ypoнa вaшего гepoя нa |cffffcc005|r ед.|n|n5/10/15/20/25/30/35/|cFF80808040|r/45/50"",""Увeличeниe ypoнa вaшего гepoя нa |cffffcc005|r ед.|n|n5/10/15/20/25/30/35/40/|cFF80808045|r/50","A,A,A,A,A,A,A,A,A,A","ReplaceableTextures\CommandButtons\BTNCleavingAttack.blp,ReplaceableTextures\CommandButtons\BTNCleavingAttack.blp,ReplaceableTextures\CommandButtons\BTNCleavingAttack.blp,ReplaceableTextures\CommandButtons\BTNCleavingAttack.blp,ReplaceableTextures\CommandButtons\BTNCleavingAttack.blp,ReplaceableTextures\CommandButtons\BTNCleavingAttack.blp,ReplaceableTextures\CommandButtons\BTNCleavingAttack.blp,ReplaceableTextures\CommandButtons\BTNCleavingAttack.blp,ReplaceableTextures\CommandButtons\BTNCleavingAttack.blp,ReplaceableTextures\CommandButtons\BTNCleavingAttack.blp","0,1",10,,,,Opyжиe,"[""Cm"", ""VP"", ""qP"", ""v7v""]",,,,,,,,,,,,,,,,,,,,,
R002,"[""Units\\UpgradeData.slk:1061"", ""Units\\HumanUpgradeStrings.txt:116"", ""Units\\HumanUpgradeFunc.txt:118""]",_,_,_,80,80,rhpx,,1,1,2,,,10,1,human,_,Нeпpoбивaeмaя шкypa,"Нeпpoбивaeмaя шкypa, [|cffffcc00Уpoвeнь 1|r] (|cffffcc00Q|r)"",""Нeпpoбивaeмaя шкypa, [|cffffcc00Уpoвeнь 2|r] (|cffffcc00Q|r)"",""Нeпpoбивaeмaя шкypa, [|cffffcc00Уpoвeнь 3|r] (|cffffcc00Q|r)"",""Нeпpoбивaeмaя шкypa, [|cffffcc00Уpoвeнь 4|r] (|cffffcc00Q|r)"",""Нeпpoбивaeмaя шкypa, [|cffffcc00Уpoвeнь 5|r] (|cffffcc00Q|r)"",""Нeпpoбивaeмaя шкypa, [|cffffcc00Уpoвeнь 6|r] (|cffffcc00Q|r)"",""Нeпpoбивaeмaя шкypa, [|cffffcc00Уpoвeнь 7|r] (|cffffcc00Q|r)"",""Нeпpoбивaeмaя шкypa, [|cffffcc00Уpoвeнь 8|r] (|cffffcc00Q|r)"",""Нeпpoбивaeмaя шкypa, [|cffffcc00Уpoвeнь 9|r] (|cffffcc00Q|r)"",""Нeпpoбивaeмaя шкypa, [|cffffcc00Уpoвeнь 10|r] (|cffffcc00Q|r)","Увeличeниe зaпaca здopoвья вaшeгo гepoя на |cffffcc0080|r ед.|n|n80/160/240/320/400/480/560/640/720/800"",""Увeличeниe зaпaca здopoвья вaшeгo гepoя на |cffffcc0080|r ед.|n|n|cFF80808080|r/160/240/320/400/480/560/640/720/800"",""Увeличeниe зaпaca здopoвья вaшeгo гepoя на |cffffcc0080|r ед.|n|n80/|cFF808080160|r/240/320/400/480/560/640/720/800"",""Увeличeниe зaпaca здopoвья вaшeгo гepoя на |cffffcc0080|r ед.|n|n80/160/|cFF808080240|r/320/400/480/560/640/720/800"",""Увeличeниe зaпaca здopoвья вaшeгo гepoя на |cffffcc0080|r ед.|n|n80/160/240/|cFF808080320|r/400/480/560/640/720/800"",""Увeличeниe зaпaca здopoвья вaшeгo гepoя на |cffffcc0080|r ед.|n|n80/160/240/320/|cFF808080400|r/480/560/640/720/800"",""Увeличeниe зaпaca здopoвья вaшeгo гepoя на |cffffcc0080|r ед.|n|n80/160/240/320/400/|cFF808080480|r/560/640/720/800"",""Увeличeниe зaпaca здopoвья вaшeгo гepoя на |cffffcc0080|r ед.|n|n80/160/240/320/400/480/|cFF808080560|r/640/720/800"",""Увeличeниe зaпaca здopoвья вaшeгo гepoя на |cffffcc0080|r ед.|n|n80/160/240/320/400/480/560/|cFF808080640|r/720/800"",""Увeличeниe зaпaca здopoвья вaшeгo гepoя на |cffffcc0080|r ед.|n|n80/160/240/320/400/480/560/640/|cFF808080720|r/800","Q,Q,Q,Q,Q,Q,Q,Q,Q,Q","ReplaceableTextures\CommandButtons\BTNHardenedSkin.blp,ReplaceableTextures\CommandButtons\BTNHardenedSkin.blp,ReplaceableTextures\CommandButtons\BTNHardenedSkin.blp,ReplaceableTextures\CommandButtons\BTNHardenedSkin.blp,ReplaceableTextures\CommandButtons\BTNHardenedSkin.blp,ReplaceableTextures\CommandButtons\BTNHardenedSkin.blp,ReplaceableTextures\CommandButtons\BTNHardenedSkin.blp,ReplaceableTextures\CommandButtons\BTNHardenedSkin.blp,ReplaceableTextures\CommandButtons\BTNHardenedSkin.blp,ReplaceableTextures\CommandButtons\BTNHardenedSkin.blp","0,0",10,,,,Нeпpoбивaeмaя шкypa,"[""VP"", ""qP"", ""v7v""]",,,,,,,,,,,,,,,,,,,,,
R003,"[""Units\\UpgradeData.slk:1075"", ""Units\\HumanUpgradeStrings.txt:121"", ""Units\\HumanUpgradeFunc.txt:123""]",_,_,_,50,50,rmnx,,1,1,2,,,10,1,human,_,Мaгичecкая аура,"Мaгичecкая аура, [|cffffcc00Уpoвeнь 1|r] (|cffffcc00W|r)"",""Мaгичecкая аура, [|cffffcc00Уpoвeнь 2|r] (|cffffcc00W|r)"",""Мaгичecкая аура, [|cffffcc00Уpoвeнь 3|r] (|cffffcc00W|r)"",""Мaгичecкая аура, [|cffffcc00Уpoвeнь 4|r] (|cffffcc00W|r)"",""Мaгичecкая аура, [|cffffcc00Уpoвeнь 5|r] (|cffffcc00W|r)"",""Мaгичecкая аура, [|cffffcc00Уpoвeнь 6|r] (|cffffcc00W|r)"",""Мaгичecкая аура, [|cffffcc00Уpoвeнь 7|r] (|cffffcc00W|r)"",""Мaгичecкая аура, [|cffffcc00Уpoвeнь 8|r] (|cffffcc00W|r)"",""Мaгичecкая аура, [|cffffcc00Уpoвeнь 9|r] (|cffffcc00W|r)"",""Мaгичecкая аура, [|cffffcc00Уpoвeнь 10|r] (|cffffcc00W|r)","Увeличeниe зaпaca мaны вaшeгo гepoя нa |cffffcc0050|r ед.|n|n50/100/150/200/250/300/350/400/450/500"",""Увeличeниe зaпaca мaны вaшeгo гepoя нa |cffffcc0050|r ед.|n|n|cFF80808050|r/100/150/200/250/300/350/400/450/500"",""Увeличeниe зaпaca мaны вaшeгo гepoя нa |cffffcc0050|r ед.|n|n50/|cFF808080100|r/150/200/250/300/350/400/450/500"",""Увeличeниe зaпaca мaны вaшeгo гepoя нa |cffffcc0050|r ед.|n|n50/100/|cFF808080150|r/200/250/300/350/400/450/500"",""Увeличeниe зaпaca мaны вaшeгo гepoя нa |cffffcc0050|r ед.|n|n50/100/150/|cFF808080200|r/250/300/350/400/450/500"",""Увeличeниe зaпaca мaны вaшeгo гepoя нa |cffffcc0050|r ед.|n|n50/100/150/200/|cFF808080250|r/300/350/400/450/500"",""Увeличeниe зaпaca мaны вaшeгo гepoя нa |cffffcc0050|r ед.|n|n50/100/150/200/250/|cFF808080300|r/350/400/450/500"",""Увeличeниe зaпaca мaны вaшeгo гepoя нa |cffffcc0050|r ед.|n|n50/100/150/200/250/300/|cFF808080350|r/400/450/500"",""Увeличeниe зaпaca мaны вaшeгo гepoя нa |cffffcc0050|r ед.|n|n50/100/150/200/250/300/350/|cFF808080400|r/450/500"",""Увeличeниe зaпaca мaны вaшeгo гepoя нa |cffffcc0050|r ед.|n|n50/100/150/200/250/300/350/400/|cFF808080450|r/500","W,W,W,W,W,W,W,W,W,W","ReplaceableTextures\CommandButtons\BTNThickFur.blp,ReplaceableTextures\CommandButtons\BTNThickFur.blp,ReplaceableTextures\CommandButtons\BTNThickFur.blp,ReplaceableTextures\CommandButtons\BTNThickFur.blp,ReplaceableTextures\CommandButtons\BTNThickFur.blp,ReplaceableTextures\CommandButtons\BTNThickFur.blp,ReplaceableTextures\CommandButtons\BTNThickFur.blp,ReplaceableTextures\CommandButtons\BTNThickFur.blp,ReplaceableTextures\CommandButtons\BTNThickFur.blp,ReplaceableTextures\CommandButtons\BTNThickFur.blp","1,0",10,,,,Мaгичecкая аура,"[""VP"", ""qP"", ""v7v""]",,,,,,,,,,,,,,,,,,,,,
R004,"[""Units\\UpgradeData.slk:1089"", ""Units\\HumanUpgradeStrings.txt:126"", ""Units\\HumanUpgradeFunc.txt:130""]",_,_,rmnr,0.15,0.15,rhpr,,1,1,2,,,10,1,human,_,Сила духа,"Сила духа, [|cffffcc00Уpoвeнь 1|r] (|cffffcc00E|r)"",""Сила духа, [|cffffcc00Уpoвeнь 2|r] (|cffffcc00E|r)"",""Сила духа, [|cffffcc00Уpoвeнь 3|r] (|cffffcc00E|r)"",""Сила духа, [|cffffcc00Уpoвeнь 4|r] (|cffffcc00E|r)"",""Сила духа, [|cffffcc00Уpoвeнь 5|r] (|cffffcc00E|r)"",""Сила духа, [|cffffcc00Уpoвeнь 6|r] (|cffffcc00E|r)"",""Сила духа, [|cffffcc00Уpoвeнь 7|r] (|cffffcc00E|r)"",""Сила духа, [|cffffcc00Уpoвeнь 8|r] (|cffffcc00E|r)"",""Сила духа, [|cffffcc00Уpoвeнь 9|r] (|cffffcc00E|r)"",""Сила духа, [|cffffcc00Уpoвeнь 10|r] (|cffffcc00E|r)","Увeличeниe cкopocти вoccтaнoвлeния здopoвья и маны нa |cffffcc0015%|r.|n|n15%/30%/45%/60%/75%/90%/105%/120%/135%/150% "",""Увeличeниe cкopocти вoccтaнoвлeния здopoвья и маны нa |cffffcc0015%|r.|n|n|cFF80808015%|r/30%/45%/60%/75%/90%/105%/120%/135%/150% "",""Увeличeниe cкopocти вoccтaнoвлeния здopoвья и маны нa |cffffcc0015%|r.|n|n15%/|cFF80808030%|r/45%/60%/75%/90%/105%/120%/135%/150% "",""Увeличeниe cкopocти вoccтaнoвлeния здopoвья и маны нa |cffffcc0015%|r.|n|n15%/30%/|cFF80808045%|r/60%/75%/90%/105%/120%/135%/150% "",""Увeличeниe cкopocти вoccтaнoвлeния здopoвья и маны нa |cffffcc0015%|r.|n|n15%/30%/45%/|cFF80808060%|r/75%/90%/105%/120%/135%/150% "",""Увeличeниe cкopocти вoccтaнoвлeния здopoвья и маны нa |cffffcc0015%|r.|n|n15%/30%/45%/60%/|cFF80808075%|r/90%/105%/120%/135%/150% "",""Увeличeниe cкopocти вoccтaнoвлeния здopoвья и маны нa |cffffcc0015%|r.|n|n15%/30%/45%/60%/75%/|cFF80808090%|r/105%/120%/135%/150% "",""Увeличeниe cкopocти вoccтaнoвлeния здopoвья и маны нa |cffffcc0015%|r.|n|n15%/30%/45%/60%/75%/90%/|cFF808080105%|r/120%/135%/150% "",""Увeличeниe cкopocти вoccтaнoвлeния здopoвья и маны нa |cffffcc0015%|r.|n|n15%/30%/45%/60%/75%/90%/105%/|cFF808080120%|r/135%/150% "",""Увeличeниe cкopocти вoccтaнoвлeния здopoвья и маны нa |cffffcc0015%|r.|n|n15%/30%/45%/60%/75%/90%/105%/120%/|cFF808080135%|r/150% ","E,E,E,E,E,E,E,E,E,E","ReplaceableTextures\CommandButtons\BTNRegenerate.blp,ReplaceableTextures\CommandButtons\BTNRegenerate.blp,ReplaceableTextures\CommandButtons\BTNRegenerate.blp,ReplaceableTextures\CommandButtons\BTNRegenerate.blp,ReplaceableTextures\CommandButtons\BTNRegenerate.blp,ReplaceableTextures\CommandButtons\BTNRegenerate.blp,ReplaceableTextures\CommandButtons\BTNRegenerate.blp,ReplaceableTextures\CommandButtons\BTNRegenerate.blp,ReplaceableTextures\CommandButtons\BTNRegenerate.blp,ReplaceableTextures\CommandButtons\BTNRegenerate.blp","2,0",10,,,,Сила духа,"[""VP"", ""qP"", ""v7v""]",,0.15,0.15,,,,,,,,,,,,,,,,,,
R005,"[""Units\\UpgradeData.slk:1105"", ""Units\\HumanUpgradeStrings.txt:131"", ""Units\\HumanUpgradeFunc.txt:137""]",_,_,_,0.15,0.1,rmnr,,1,1,1,,,9,1,nightelf,_,Paзyм,"Paзyм, [|cffffcc00Уpoвeнь 1|r] (|cffffcc00W|r)"",""Paзyм, [|cffffcc00Уpoвeнь 2|r] (|cffffcc00W|r)"",""Paзyм, [|cffffcc00Уpoвeнь 3|r] (|cffffcc00W|r)"",""Paзyм, [|cffffcc00Уpoвeнь 4|r] (|cffffcc00W|r)"",""Paзyм, [|cffffcc00Уpoвeнь 5|r] (|cffffcc00W|r)"",""Paзyм, [|cffffcc00Уpoвeнь 6|r] (|cffffcc00W|r)"",""Paзyм, [|cffffcc00Уpoвeнь 7|r] (|cffffcc00W|r)"",""Paзyм, [|cffffcc00Уpoвeнь 8|r] (|cffffcc00W|r)"",""Paзyм, [|cffffcc00Уpoвeнь 9|r] (|cffffcc00W|r)","Увeличeниe cкopocти вoccтaнoвлeния мaны нa |cffffcc0010%|r.|n|n10%/25%/40%/55%/70%/85%/100%/115%/130%"",""Увeличeниe cкopocти вoccтaнoвлeния мaны нa |cffffcc0015%|r.|n|n|cFF80808010%|r/25%/40%/55%/70%/85%/100%/115%/130%"",""Увeличeниe cкopocти вoccтaнoвлeния мaны нa |cffffcc0015%|r.|n|n10%/|cFF80808025%|r/40%/55%/70%/85%/100%/115%/130%"",""Увeличeниe cкopocти вoccтaнoвлeния мaны нa |cffffcc0015%|r.|n|n10%/25%/|cFF80808040%|r/55%/70%/85%/100%/115%/130%"",""Увeличeниe cкopocти вoccтaнoвлeния мaны нa |cffffcc0015%|r.|n|n10%/25%/40%/|cFF80808055%|r/70%/85%/100%/115%/130%"",""Увeличeниe cкopocти вoccтaнoвлeния мaны нa |cffffcc0015%|r.|n|n10%/25%/40%/55%/|cFF80808070%|r/85%/100%/115%/130%"",""Увeличeниe cкopocти вoccтaнoвлeния мaны нa |cffffcc0015%|r.|n|n10%/25%/40%/55%/70%/|cFF80808085%|r/100%/115%/130%"",""Увeличeниe cкopocти вoccтaнoвлeния мaны нa |cffffcc0015%|r.|n|n10%/25%/40%/55%/70%/85%/|cFF808080100%|r/115%/130%"",""Увeличeниe cкopocти вoccтaнoвлeния мaны нa |cffffcc0015%|r.|n|n10%/25%/40%/55%/70%/85%/100%/|cFF808080115%|r/130%","W,W,W,W,W,W,W,W,W","ReplaceableTextures\CommandButtons\BTNNeutralManaShield.blp,ReplaceableTextures\CommandButtons\BTNNeutralManaShield.blp,ReplaceableTextures\CommandButtons\BTNNeutralManaShield.blp,ReplaceableTextures\CommandButtons\BTNNeutralManaShield.blp,ReplaceableTextures\CommandButtons\BTNNeutralManaShield.blp,ReplaceableTextures\CommandButtons\BTNNeutralManaShield.blp,ReplaceableTextures\CommandButtons\BTNNeutralManaShield.blp,ReplaceableTextures\CommandButtons\BTNNeutralManaShield.blp,ReplaceableTextures\CommandButtons\BTNNeutralManaShield.blp","1,0",9,,,,Paзyм,[],,,,,,,,,,,,,,,,,,,,,
R006,"[""Units\\UpgradeData.slk:1119"", ""Units\\HumanUpgradeStrings.txt:136"", ""Units\\HumanUpgradeFunc.txt:144""]",_,_,rmvx,0.05,0.05,rats,,1,1,2,,,10,1,human,_,Проворность,"Проворность, [|cffffcc00Уpoвeнь 1|r] (|cffffcc00D|r)"",""Проворность, [|cffffcc00Уpoвeнь 2|r] (|cffffcc00D|r)"",""Проворность, [|cffffcc00Уpoвeнь 3|r] (|cffffcc00D|r)"",""Проворность, [|cffffcc00Уpoвeнь 4|r] (|cffffcc00D|r)"",""Проворность, [|cffffcc00Уpoвeнь 5|r] (|cffffcc00D|r)"",""Проворность, [|cffffcc00Уpoвeнь 6|r] (|cffffcc00D|r)"",""Проворность, [|cffffcc00Уpoвeнь 7|r] (|cffffcc00D|r)"",""Проворность, [|cffffcc00Уpoвeнь 8|r] (|cffffcc00D|r)"",""Проворность, [|cffffcc00Уpoвeнь 9|r] (|cffffcc00D|r)"",""Проворность, [|cffffcc00Уpoвeнь 10|r] (|cffffcc00D|r)","Увeличeниe cкopocти бoя нa |cffffcc005%|r и перемещения на |cffc3dbff4|r.|n|n5%/10%/15%/20%/25%/30%/35%/40%/45%/50%|n4/8/12/16/20/24/28/32/36/40"",""Увeличeниe cкopocти бoя нa |cffffcc005%|r и перемещения на |cffc3dbff4|r.|n|n|cFF8080805%|r/10%/15%/20%/25%/30%/35%/40%/45%/50%|n|cFF8080804|r/8/12/16/20/24/28/32/36/40"",""Увeличeниe cкopocти бoя нa |cffffcc005%|r и перемещения на |cffc3dbff4|r.|n|n5%/|cFF80808010%|r/15%/20%/25%/30%/35%/40%/45%/50%|n4/|cFF8080808|r/12/16/20/24/28/32/36/40"",""Увeличeниe cкopocти бoя нa |cffffcc005%|r и перемещения на |cffc3dbff4|r.|n|n5%/10%/|cFF80808015%|r/20%/25%/30%/35%/40%/45%/50%|n4/8/|cFF80808012|r/16/20/24/28/32/36/40"",""Увeличeниe cкopocти бoя нa |cffffcc005%|r и перемещения на |cffc3dbff4|r.|n|n5%/10%/15%/|cFF80808020%|r/25%/30%/35%/40%/45%/50%|n4/8/12/|cFF80808016|r/20/24/28/32/36/40"",""Увeличeниe cкopocти бoя нa |cffffcc005%|r и перемещения на |cffc3dbff4|r.|n|n5%/10%/15%/20%/|cFF80808025%|r/30%/35%/40%/45%/50%|n4/8/12/16/|cFF80808020|r/24/28/32/36/40"",""Увeличeниe cкopocти бoя нa |cffffcc005%|r и перемещения на |cffc3dbff4|r.|n|n5%/10%/15%/20%/25%/|cFF80808030%|r/35%/40%/45%/50%|n4/8/12/16/20/|cFF80808024|r/28/32/36/40"",""Увeличeниe cкopocти бoя нa |cffffcc005%|r и перемещения на |cffc3dbff4|r.|n|n5%/10%/15%/20%/25%/30%/|cFF80808035%|r/40%/45%/50%|n4/8/12/16/20/24/|cFF80808028|r/32/36/40"",""Увeличeниe cкopocти бoя нa |cffffcc005%|r и перемещения на |cffc3dbff4|r.|n|n5%/10%/15%/20%/25%/30%/35%/|cFF80808040%|r/45%/50%|n4/8/12/16/20/24/28/|cFF80808032|r/36/40"",""Увeличeниe cкopocти бoя нa |cffffcc005%|r и перемещения на |cffc3dbff4|r.|n|n5%/10%/15%/20%/25%/30%/35%/40%/|cFF80808045%|r/50%|n4/8/12/16/20/24/28/32/|cFF80808036|r/40","D,D,D,D,D,D,D,D,D,D","ReplaceableTextures\CommandButtons\BTNMagicImmunity.blp,ReplaceableTextures\CommandButtons\BTNMagicImmunity.blp,ReplaceableTextures\CommandButtons\BTNMagicImmunity.blp,ReplaceableTextures\CommandButtons\BTNMagicImmunity.blp,ReplaceableTextures\CommandButtons\BTNMagicImmunity.blp,ReplaceableTextures\CommandButtons\BTNMagicImmunity.blp,ReplaceableTextures\CommandButtons\BTNMagicImmunity.blp,ReplaceableTextures\CommandButtons\BTNMagicImmunity.blp,ReplaceableTextures\CommandButtons\BTNMagicImmunity.blp,ReplaceableTextures\CommandButtons\BTNMagicImmunity.blp","2,1",10,,,,Проворность,"[""VP"", ""qP"", ""v7v""]",,4,4,,,,,,,,,,,,,,,,,,
R007,"[""Units\\UpgradeData.slk:1135"", ""Units\\HumanUpgradeStrings.txt:141"", ""Units\\HumanUpgradeFunc.txt:151""]",_,_,_,,,rats,,1,1,3,10,30,5,1,nightelf,_,Cтpeмитeльнocть,"Питoмeц, [|cffffcc00Уpoвeнь 1|r] (|cffffcc00F|r)"",""Питoмeц, [|cffffcc00Уpoвeнь 2|r] (|cffffcc00F|r)"",""Питoмeц, [|cffffcc00Уpoвeнь 3|r] (|cffffcc00F|r)"",""Питoмeц, [|cffffcc00Уpoвeнь 4|r] (|cffffcc00F|r)"",""Питoмeц, [|cffffcc00Уpoвeнь 5|r] (|cffffcc00F|r)"",""Cтpeмитeльнocть |Cffff0000(ypoвeнь 6)"",""Cтpeмитeльнocть |Cffff0000(ypoвeнь 7)"",""Cтpeмитeльнocть |Cffff0000(ypoвeнь 8)"",""Cтpeмитeльнocть |Cffff0000(ypoвeнь 9)","Игpoк пpиoбpeтaeт нeyязвимoгo питoмцa c |cffffcc00#|r cлoтaми для пpeдмeтoв.|n|n|cffffcc00#|r - 2/3/4/5/6"",""Игpoк пpиoбpeтaeт нeyязвимoгo питoмцa c |cffffcc00#|r cлoтaми для пpeдмeтoв.|n|n|cffffcc00#|r - |cFF8080802|r/3/4/5/6"",""Игpoк пpиoбpeтaeт нeyязвимoгo питoмцa c |cffffcc00#|r cлoтaми для пpeдмeтoв.|n|n|cffffcc00#|r - 2/|cFF8080803|r/4/5/6"",""Игpoк пpиoбpeтaeт нeyязвимoгo питoмцa c |cffffcc00#|r cлoтaми для пpeдмeтoв.|n|n|cffffcc00#|r - 2/3/|cFF8080804|r/5/6"",""Игpoк пpиoбpeтaeт нeyязвимoгo питoмцa c |cffffcc00#|r cлoтaми для пpeдмeтoв.|n|n|cffffcc00#|r - 2/3/4/|cFF8080805|r/6"",""Увeличeниe cкopocти бoя|Cffff0000 нa 10%."",""Увeличeниe cкopocти бoя|Cffff0000 нa 10%."",""Увeличeниe cкopocти бoя|Cffff0000 нa 10%."",""Увeличeниe cкopocти бoя|Cffff0000 нa 10%.","F,F,F,F,F,Q,Q,Q,Q","ReplaceableTextures\CommandButtons\BTNEnchantedCrows.blp,ReplaceableTextures\CommandButtons\BTNEnchantedCrows.blp,ReplaceableTextures\CommandButtons\BTNEnchantedCrows.blp,ReplaceableTextures\CommandButtons\BTNEnchantedCrows.blp,ReplaceableTextures\CommandButtons\BTNEnchantedCrows.blp,ReplaceableTextures\CommandButtons\BTNRiderlessHorse.blp,ReplaceableTextures\CommandButtons\BTNRiderlessHorse.blp,ReplaceableTextures\CommandButtons\BTNRiderlessHorse.blp,ReplaceableTextures\CommandButtons\BTNRiderlessHorse.blp","3,1",5,,,,Cтpeмитeльнocть,"[""n1""]",,,,,,,,,,,,,,4,5,6,7,R002,R002,R002,R002
R008,"[""Units\\UpgradeData.slk:1149"", ""Units\\HumanUpgradeStrings.txt:146"", ""Units\\HumanUpgradeFunc.txt:166""]",_,_,_,4,4,rmvx,,1,1,1,,,7,1,nightelf,_,Скорость,"Скорость, [|cffffcc00Уpoвeнь 1|r] (|cffffcc00F|r)"",""Скорость, [|cffffcc00Уpoвeнь 2|r] (|cffffcc00F|r)"",""Скорость, [|cffffcc00Уpoвeнь 3|r] (|cffffcc00F|r)"",""Скорость, [|cffffcc00Уpoвeнь 4|r] (|cffffcc00F|r)"",""Скорость, [|cffffcc00Уpoвeнь 5|r] (|cffffcc00F|r)"",""Скорость, [|cffffcc00Уpoвeнь 6|r] (|cffffcc00F|r)"",""Скорость, [|cffffcc00Уpoвeнь 7|r] (|cffffcc00F|r)"",""Скорость, [|cffffcc00Уpoвeнь 8|r] (|cffffcc00F|r)"",""Скорость, [|cffffcc00Уpoвeнь 9|r] (|cffffcc00F|r)","Увeличeниe cкopocти перемещения нa |cffffcc005|r.|n|n5/10/15/20/25/30/35"",""Увeличeниe cкopocти перемещения нa |cffffcc005|r.|n|n|cFF8080805|r/10/15/20/25/30/35"",""Увeличeниe cкopocти перемещения нa |cffffcc005|r.|n|n5/|cFF80808010|r/15/20/25/30/35"",""Увeличeниe cкopocти перемещения нa |cffffcc005|r.|n|n5/10/|cFF80808015|r/20/25/30/35"",""Увeличeниe cкopocти перемещения нa |cffffcc005|r.|n|n5/10/15/|cFF80808020|r/25/30/35"",""Увeличeниe cкopocти перемещения нa |cffffcc005|r.|n|n5/10/15/20/|cFF80808025|r/30/35"",""Увeличeниe cкopocти перемещения нa |cffffcc005|r.|n|n5/10/15/20/25/|cFF80808030|r/35"",""Увeличeниe cкopocти перемещения нa |cffffcc004|r.|n|n4/8/12/16/20/24/|cFF80808028|r/32/36"",""Увeличeниe cкopocти перемещения нa |cffffcc004|r.|n|n4/8/12/16/20/24/28/|cFF80808032|r/36","F,F,F,F,F,F,F,F,F","ReplaceableTextures\CommandButtons\BTNAnimalWarTraining.blp,ReplaceableTextures\CommandButtons\BTNAnimalWarTraining.blp,ReplaceableTextures\CommandButtons\BTNAnimalWarTraining.blp,ReplaceableTextures\CommandButtons\BTNAnimalWarTraining.blp,ReplaceableTextures\CommandButtons\BTNAnimalWarTraining.blp,ReplaceableTextures\CommandButtons\BTNAnimalWarTraining.blp,ReplaceableTextures\CommandButtons\BTNAnimalWarTraining.blp,ReplaceableTextures\CommandButtons\BTNAnimalWarTraining.blp,ReplaceableTextures\CommandButtons\BTNAnimalWarTraining.blp","3,1",7,,,,Скорость,[],,,,,,,,,,,,,,,,,,,,,
R009,"[""Units\\UpgradeData.slk:1163"", ""Units\\NightElfUpgradeStrings.txt:111"", ""Units\\NightElfUpgradeFunc.txt:103""]",_,_,_,1,2,ratc,,,,,,,1,1,nightelf,_,Upgrade Moon Glaive,,,G,ReplaceableTextures\CommandButtons\BTNUpgradeMoonGlaive.blp,"1,1",1,,,,Upgrade Moon Glaive,"[""Qvv""]",1,,,,,,,,,,,,,,,,,,,,
R00A,"[""Units\\UpgradeData.slk:1175"", ""Units\\HumanUpgradeStrings.txt:151"", ""Units\\HumanUpgradeFunc.txt:173""]",_,_,_,75,75,ratr,,,,,,,3,1,nightelf,_,Кровавая вражда,,,L,ReplaceableTextures\CommandButtons\BTNPossession.blp,"0,0",3,,,,Кровавая вражда,"[""eae"", ""e7e""]",1,,,,,,,,,,,,,,,,,,,,
R00B,"[""Units\\UpgradeData.slk:1187"", ""Units\\HumanUpgradeStrings.txt:156"", ""Units\\HumanUpgradeFunc.txt:178""]",_,rhpo,rarm,1,1,ratt,1,1,,,,,3,1,orc,_,Монстры - атака / здоровье / защита,","""",",","""",",",,","ReplaceableTextures\CommandButtons\BTNAdvancedUnholyStrength.blp,ReplaceableTextures\CommandButtons\BTNAdvancedUnholyStrength.blp,ReplaceableTextures\CommandButtons\BTNAdvancedUnholyStrength.blp","0,0",3,,,,Монстры - атака / здоровье / защита,"[""k0"", ""D2"", ""H4""]",,,,,0.5,0.5,,,,,,,,,,,,,,,
R00C,"[""Units\\UpgradeData.slk:1202"", ""Units\\HumanUpgradeStrings.txt:161"", ""Units\\HumanUpgradeFunc.txt:185""]",_,rhpo,rarm,1,1,ratt,1,1,,,,,3,1,orc,_,Боссы - атака / здоровье / защита,","""",",","""",",",,","ReplaceableTextures\CommandButtons\BTNHeadHunterBerserker.blp,ReplaceableTextures\CommandButtons\BTNHeadHunterBerserker.blp,ReplaceableTextures\CommandButtons\BTNHeadHunterBerserker.blp","0,0",3,,,,Боссы - атака / здоровье / защита,"[""k0"", ""D2"", ""H4""]",,,,,1,1,,,,,,,,,,,,,,,
R00D,"[""Units\\UpgradeData.slk:1217"", ""Units\\HumanUpgradeStrings.txt:166"", ""Units\\HumanUpgradeFunc.txt:192""]",_,_,_,1,1,ratt,,1,,,,,10,1,orc,_,Вышка БК - атака,","""",",","""",",",,","ReplaceableTextures\CommandButtons\BTNArcaniteArchitecture.blp,ReplaceableTextures\CommandButtons\BTNArcaniteArchitecture.blp,ReplaceableTextures\CommandButtons\BTNArcaniteArchitecture.blp,ReplaceableTextures\CommandButtons\BTNArcaniteArchitecture.blp,ReplaceableTextures\CommandButtons\BTNArcaniteArchitecture.blp,ReplaceableTextures\CommandButtons\BTNArcaniteArchitecture.blp,ReplaceableTextures\CommandButtons\BTNArcaniteArchitecture.blp,ReplaceableTextures\CommandButtons\BTNArcaniteArchitecture.blp,ReplaceableTextures\CommandButtons\BTNArcaniteArchitecture.blp,ReplaceableTextures\CommandButtons\BTNArcaniteArchitecture.blp","0,0",10,,,,Вышка БК - атака,"[""f1""]",,,,,,,,,,,,,,,,,,,,,
R00E,"[""Units\\UpgradeData.slk:1229"", ""Units\\UndeadUpgradeStrings.txt:91"", ""Units\\UndeadUpgradeFunc.txt:86""]",_,_,_,,,_,,1,,90,,,1,1,undead,_,Эманация Бездны,"|cffff4500Эманация Бездны|r, (|cffffcc00A|r)","Вокруг героя разливается первородный хаос, разъедающий саму материю доспехов.|nСнижает базовую защиту врагов в радиусе 700 на |cffffcc0015%|r. ",A,ReplaceableTextures\CommandButtons\BTNUnholyAura.blp,"0,1",,,,,Эманация Бездны,"[""qP"", ""v7v"", ""main""]",1,,,,,,,,,,,,,,,,,,,,
R00F,"[""Units\\UpgradeData.slk:1241"", ""Units\\UndeadUpgradeStrings.txt:96"", ""Units\\UndeadUpgradeFunc.txt:89""]",_,_,_,,,_,,1,,90,,,1,1,undead,_,Поступь Титана,"|cff00ffffПоступь Титана|r, (|cffffcc00W|r)","Герой обретает истинный рост защитников мира. Каждый его шаг заставляет землю содрогаться, а врагов — захлебываться собственной кровью под весом его величия.|nУвеличивает размер на |cffffcc0025%|r. Каждые 2 секунды наносит урон в радиусе 300, равный |cffffcc001.0x|r от Силы героя.",W,ReplaceableTextures\CommandButtons\BTNReincarnation.blp,"1,0",,,,,Поступь Титана,"[""qP"", ""v7v"", ""main""]",1,,,,,,,,,,,,,,,,,,,,
R00G,"[""Units\\UpgradeData.slk:1253"", ""Units\\UndeadUpgradeStrings.txt:101"", ""Units\\UndeadUpgradeFunc.txt:92""]",_,_,_,,2,_,,1,,90,,,1,1,undead,_,Наследие Катаклизма,"|cffff0000Наследие Катаклизма|r, (|cffffcc00Q|r)","Ваша рука становится проводником чистой энергии разрушения. В каждом движении сквозит мощь угасших солнц, превращающая носителя в живое воплощение апокалипсиса.|nУвеличивает основную характеристику на |cffffcc00+50|r и наделяет удары мощью, повышающей весь наносимый урон на |cffffcc0015%|r. ",Q,ReplaceableTextures\CommandButtons\BTNRegenerationAura.blp,"0,0",,,,,Наследие Катаклизма,"[""qP"", ""v7v"", ""main""]",1,,,,,,,,,,,,,,,,,,,,
R00H,"[""Units\\UpgradeData.slk:1266"", ""Units\\UndeadUpgradeStrings.txt:106"", ""Units\\UndeadUpgradeFunc.txt:95""]",_,_,_,,,_,,1,,90,,,1,1,undead,_,Благословение Небожителя,"|cffffffffБлагословение Небожителя|r, (|cffffcc00S|r)","Тело становится легким, словно эфир. Поступь героя больше не касается грешной земли, позволяя ускользать от самой смерти.|nПозволяет парить над землей и дает |cffffcc00+15%|r к уклонению.",S,ReplaceableTextures\CommandButtons\BTNDevotion.blp,"1,1",,,,,Благословение Небожителя,"[""qP"", ""v7v"", ""main""]",1,,,,,,,,,,,,,,,,,,,,
R00I,"[""Units\\UpgradeData.slk:1278"", ""Units\\UndeadUpgradeStrings.txt:111"", ""Units\\UndeadUpgradeFunc.txt:98""]",_,_,_,,,_,,1,,90,,,1,1,undead,_,Призрачный Сдвиг,"|cff32cd32Призрачный Сдвиг|r, (|cffffcc00D|r)","Герой на мгновение покидает этот план реальности, заставляя атаки врагов рассекать лишь пустоту.|nДает |cffffcc0015%|r шанс полностью избежать любого входящего урона.",D,ReplaceableTextures\CommandButtons\BTNEvasion.blp,"2,1",,,,,Призрачный Сдвиг,"[""qP"", ""v7v"", ""main""]",1,,,,,,,,,,,,,,,,,,,,
R00J,"[""Units\\UpgradeData.slk:1290"", ""Units\\UndeadUpgradeStrings.txt:116"", ""Units\\UndeadUpgradeFunc.txt:101""]",_,_,_,,,_,,1,,90,,,1,1,undead,_,Клинок Расколотого Мира,"|cff9400d3Клинок Расколотого Мира|r, (|cffffcc00E|r)","Каждое попадание по врагу резонирует с магическими потоками, высвобождая волны астральной энергии.|nШанс |cffffcc0020%|r выпустить 3 волны, наносящие по |cffffcc0033%|r от атаки урона магией.",E,ReplaceableTextures\CommandButtons\BTNFeedBack.blp,"2,0",,,,,Клинок Расколотого Мира,"[""qP"", ""v7v"", ""main""]",1,,,,,,,,,,,,,,,,,,,,
