item_id,registered_price,extra_rawcodes,source_line
I00P,120,"[""0"", ""0"", ""0"", ""0"", ""0"", ""0"", ""0""]",2667
I01W,300,"[""0"", ""0"", ""0"", ""0"", ""0"", ""0"", ""0""]",2668
I00Y,90,"[""0"", ""0"", ""0"", ""0"", ""0"", ""0"", ""0""]",2669
I007,45,"[""0"", ""0"", ""0"", ""0"", ""0"", ""0"", ""0""]",2670
I02A,110,"[""0"", ""0"", ""0"", ""0"", ""0"", ""0"", ""0""]",2671
I00K,85,"[""0"", ""0"", ""0"", ""0"", ""0"", ""0"", ""0""]",2672
I01K,250,"[""0"", ""0"", ""0"", ""0"", ""0"", ""0"", ""0""]",2673
I024,220,"[""0"", ""0"", ""0"", ""0"", ""0"", ""0"", ""0""]",2674
I008,150,"[""0"", ""0"", ""0"", ""0"", ""0"", ""0"", ""0""]",2675
I019,120,"[""0"", ""0"", ""0"", ""0"", ""0"", ""0"", ""0""]",2676
I000,65,"[""0"", ""0"", ""0"", ""0"", ""0"", ""0"", ""0""]",2677
I01E,75,"[""0"", ""0"", ""0"", ""0"", ""0"", ""0"", ""0""]",2678
I00E,80,"[""0"", ""0"", ""0"", ""0"", ""0"", ""0"", ""0""]",2679
I00I,110,"[""0"", ""0"", ""0"", ""0"", ""0"", ""0"", ""0""]",2680
I00R,70,"[""0"", ""0"", ""0"", ""0"", ""0"", ""0"", ""0""]",2681
I00C,200,"[""0"", ""0"", ""0"", ""0"", ""0"", ""0"", ""0""]",2682
I002,55,"[""0"", ""0"", ""0"", ""0"", ""0"", ""0"", ""0""]",2683
I00S,200,"[""0"", ""0"", ""0"", ""0"", ""0"", ""0"", ""0""]",2684
I004,85,"[""0"", ""0"", ""0"", ""0"", ""0"", ""0"", ""0""]",2685
I00N,195,"[""0"", ""0"", ""0"", ""0"", ""0"", ""0"", ""0""]",2686
I08L,200,"[""0"", ""0"", ""0"", ""0"", ""0"", ""0"", ""0""]",2687
I08M,200,"[""0"", ""0"", ""0"", ""0"", ""0"", ""0"", ""0""]",2688
I08K,85,"[""0"", ""0"", ""0"", ""0"", ""0"", ""0"", ""0""]",2689
I03K,120,"[""0"", ""0"", ""0"", ""0"", ""0"", ""0"", ""0""]",2690
I04G,300,"[""0"", ""0"", ""0"", ""0"", ""0"", ""0"", ""0""]",2691
I04U,90,"[""0"", ""0"", ""0"", ""0"", ""0"", ""0"", ""0""]",2692
I04V,45,"[""0"", ""0"", ""0"", ""0"", ""0"", ""0"", ""0""]",2693
I04W,110,"[""0"", ""0"", ""0"", ""0"", ""0"", ""0"", ""0""]",2694
I04O,85,"[""0"", ""0"", ""0"", ""0"", ""0"", ""0"", ""0""]",2695
I04S,250,"[""0"", ""0"", ""0"", ""0"", ""0"", ""0"", ""0""]",2696
I04T,220,"[""0"", ""0"", ""0"", ""0"", ""0"", ""0"", ""0""]",2697
I04H,150,"[""0"", ""0"", ""0"", ""0"", ""0"", ""0"", ""0""]",2698
I04I,120,"[""0"", ""0"", ""0"", ""0"", ""0"", ""0"", ""0""]",2699
I04J,65,"[""0"", ""0"", ""0"", ""0"", ""0"", ""0"", ""0""]",2700
I04L,75,"[""0"", ""0"", ""0"", ""0"", ""0"", ""0"", ""0""]",2701
I04K,80,"[""0"", ""0"", ""0"", ""0"", ""0"", ""0"", ""0""]",2702
I04M,110,"[""0"", ""0"", ""0"", ""0"", ""0"", ""0"", ""0""]",2703
I04N,70,"[""0"", ""0"", ""0"", ""0"", ""0"", ""0"", ""0""]",2704
I04P,200,"[""0"", ""0"", ""0"", ""0"", ""0"", ""0"", ""0""]",2705
I04Q,55,"[""0"", ""0"", ""0"", ""0"", ""0"", ""0"", ""0""]",2706
I04R,200,"[""0"", ""0"", ""0"", ""0"", ""0"", ""0"", ""0""]",2707
I04X,85,"[""0"", ""0"", ""0"", ""0"", ""0"", ""0"", ""0""]",2708
I04Y,195,"[""0"", ""0"", ""0"", ""0"", ""0"", ""0"", ""0""]",2709
I08N,200,"[""0"", ""0"", ""0"", ""0"", ""0"", ""0"", ""0""]",2710
I08P,200,"[""0"", ""0"", ""0"", ""0"", ""0"", ""0"", ""0""]",2711
I08O,85,"[""0"", ""0"", ""0"", ""0"", ""0"", ""0"", ""0""]",2712
I06K,150,"[""0"", ""0"", ""0"", ""0"", ""0"", ""0"", ""0""]",2713
I07F,75,"[""0"", ""0"", ""0"", ""0"", ""0"", ""0"", ""0""]",2714
I07L,75,"[""0"", ""0"", ""0"", ""0"", ""0"", ""0"", ""0""]",2715
I06I,40,"[""0"", ""0"", ""0"", ""0"", ""0"", ""0"", ""0""]",2716
I06H,125,"[""0"", ""0"", ""0"", ""0"", ""0"", ""0"", ""0""]",2717
I01C,90,"[""0"", ""0"", ""0"", ""0"", ""0"", ""0"", ""0""]",2718
I068,80,"[""0"", ""0"", ""0"", ""0"", ""0"", ""0"", ""0""]",2719
I06E,70,"[""0"", ""0"", ""0"", ""0"", ""0"", ""0"", ""0""]",2720
I066,90,"[""0"", ""0"", ""0"", ""0"", ""0"", ""0"", ""0""]",2721
I06C,15,"[""0"", ""0"", ""0"", ""0"", ""0"", ""0"", ""0""]",2722
I06D,15,"[""0"", ""0"", ""0"", ""0"", ""0"", ""0"", ""0""]",2723
I069,30,"[""0"", ""0"", ""0"", ""0"", ""0"", ""0"", ""0""]",2724
I06F,45,"[""0"", ""0"", ""0"", ""0"", ""0"", ""0"", ""0""]",2725
I06G,45,"[""0"", ""0"", ""0"", ""0"", ""0"", ""0"", ""0""]",2726
I067,45,"[""0"", ""0"", ""0"", ""0"", ""0"", ""0"", ""0""]",2727
I06P,80,"[""0"", ""0"", ""0"", ""0"", ""0"", ""0"", ""0""]",2728
I06N,60,"[""0"", ""0"", ""0"", ""0"", ""0"", ""0"", ""0""]",2729
I095,35,"[""0"", ""0"", ""0"", ""0"", ""0"", ""0"", ""0""]",2730
I013,490,"[""0"", ""0"", ""0"", ""0"", ""0"", ""0"", ""0""]",2731
I005,515,"[""0"", ""0"", ""0"", ""0"", ""0"", ""0"", ""0""]",2732
I009,395,"[""0"", ""0"", ""0"", ""0"", ""0"", ""0"", ""0""]",2733
I001,220,"[""0"", ""0"", ""0"", ""0"", ""0"", ""0"", ""0""]",2734
I029,565,"[""0"", ""0"", ""0"", ""0"", ""0"", ""0"", ""0""]",2735
I00F,585,"[""0"", ""0"", ""0"", ""0"", ""0"", ""0"", ""0""]",2736
I042,770,"[""0"", ""0"", ""0"", ""0"", ""0"", ""0"", ""0""]",2737
I06J,490,"[""0"", ""0"", ""0"", ""0"", ""0"", ""0"", ""0""]",2738
I00O,515,"[""0"", ""0"", ""0"", ""0"", ""0"", ""0"", ""0""]",2739
I07A,715,"[""0"", ""0"", ""0"", ""0"", ""0"", ""0"", ""0""]",2740
I026,540,"[""0"", ""0"", ""0"", ""0"", ""0"", ""0"", ""0""]",2741
I00H,490,"[""0"", ""0"", ""0"", ""0"", ""0"", ""0"", ""0""]",2742
I01I,475,"[""0"", ""0"", ""0"", ""0"", ""0"", ""0"", ""0""]",2743
I03S,900,"[""0"", ""0"", ""0"", ""0"", ""0"", ""0"", ""0""]",2744
I00L,520,"[""0"", ""0"", ""0"", ""0"", ""0"", ""0"", ""0""]",2745
I048,1490,"[""0"", ""0"", ""0"", ""0"", ""0"", ""0"", ""0""]",2746
I00W,720,"[""0"", ""0"", ""0"", ""0"", ""0"", ""0"", ""0""]",2747
I072,1635,"[""0"", ""0"", ""0"", ""0"", ""0"", ""0"", ""0""]",2748
I03Y,1060,"[""0"", ""0"", ""0"", ""0"", ""0"", ""0"", ""0""]",2749
I01F,625,"[""0"", ""0"", ""0"", ""0"", ""0"", ""0"", ""0""]",2750
I02G,420,"[""0"", ""0"", ""0"", ""0"", ""0"", ""0"", ""0""]",2751
I00B,870,"[""0"", ""0"", ""0"", ""0"", ""0"", ""0"", ""0""]",2752
I017,1390,"[""0"", ""0"", ""0"", ""0"", ""0"", ""0"", ""0""]",2753
I025,570,"[""0"", ""0"", ""0"", ""0"", ""0"", ""0"", ""0""]",2754
I01N,770,"[""0"", ""0"", ""0"", ""0"", ""0"", ""0"", ""0""]",2755
I00Z,1620,"[""0"", ""0"", ""0"", ""0"", ""0"", ""0"", ""0""]",2756
I011,1185,"[""0"", ""0"", ""0"", ""0"", ""0"", ""0"", ""0""]",2757
I01R,2315,"[""0"", ""0"", ""0"", ""0"", ""0"", ""0"", ""0""]",2758
I02C,1070,"[""0"", ""0"", ""0"", ""0"", ""0"", ""0"", ""0""]",2759
I04D,910,"[""0"", ""0"", ""0"", ""0"", ""0"", ""0"", ""0""]",2760
I04F,1185,"[""0"", ""0"", ""0"", ""0"", ""0"", ""0"", ""0""]",2761
I015,880,"[""0"", ""0"", ""0"", ""0"", ""0"", ""0"", ""0""]",2762
I01P,2135,"[""0"", ""0"", ""0"", ""0"", ""0"", ""0"", ""0""]",2763
I076,2240,"[""0"", ""0"", ""0"", ""0"", ""0"", ""0"", ""0""]",2764
I03N,1315,"[""0"", ""0"", ""0"", ""0"", ""0"", ""0"", ""0""]",2765
I03T,2965,"[""0"", ""0"", ""0"", ""0"", ""0"", ""0"", ""0""]",2766
I07P,1790,"[""0"", ""0"", ""0"", ""0"", ""0"", ""0"", ""0""]",2767
I02N,1050,"[""0"", ""0"", ""0"", ""0"", ""0"", ""0"", ""0""]",2768
I02E,750,"[""0"", ""0"", ""0"", ""0"", ""0"", ""0"", ""0""]",2769
I03Z,1300,"[""0"", ""0"", ""0"", ""0"", ""0"", ""0"", ""0""]",2770
I07T,1065,"[""0"", ""0"", ""0"", ""0"", ""0"", ""0"", ""0""]",2771
I087,1065,"[""0"", ""0"", ""0"", ""0"", ""0"", ""0"", ""0""]",2772
I07O,1065,"[""0"", ""0"", ""0"", ""0"", ""0"", ""0"", ""0""]",2773
I02P,1030,"[""0"", ""0"", ""0"", ""0"", ""0"", ""0"", ""0""]",2774
I06R,1005,"[""0"", ""0"", ""0"", ""0"", ""0"", ""0"", ""0""]",2775
I01U,690,"[""0"", ""0"", ""0"", ""0"", ""0"", ""0"", ""0""]",2776
I07N,1040,"[""0"", ""0"", ""0"", ""0"", ""0"", ""0"", ""0""]",2777
I01B,1590,"[""0"", ""0"", ""0"", ""0"", ""0"", ""0"", ""0""]",2778
I045,1545,"[""0"", ""0"", ""0"", ""0"", ""0"", ""0"", ""0""]",2779
I00V,1050,"[""0"", ""0"", ""0"", ""0"", ""0"", ""0"", ""0""]",2780
I00T,700,"[""0"", ""0"", ""0"", ""0"", ""0"", ""0"", ""0""]",2781
I02L,1800,"[""0"", ""0"", ""0"", ""0"", ""0"", ""0"", ""0""]",2782
I082,875,"[""0"", ""0"", ""0"", ""0"", ""0"", ""0"", ""0""]",2783
I083,875,"[""0"", ""0"", ""0"", ""0"", ""0"", ""0"", ""0""]",2784
I07Y,2055,"[""0"", ""0"", ""0"", ""0"", ""0"", ""0"", ""0""]",2785
I04B,2090,"[""0"", ""0"", ""0"", ""0"", ""0"", ""0"", ""0""]",2786
I08Q,1500,"[""0"", ""0"", ""0"", ""0"", ""0"", ""0"", ""0""]",2787
I08U,2135,"[""0"", ""0"", ""0"", ""0"", ""0"", ""0"", ""0""]",2788
I07U,2195,"[""0"", ""0"", ""0"", ""0"", ""0"", ""0"", ""0""]",2789
I090,2515,"[""0"", ""0"", ""0"", ""0"", ""0"", ""0"", ""0""]",2790
I096,1350,"[""0"", ""0"", ""0"", ""0"", ""0"", ""0"", ""0""]",2791
I09A,1495,"[""0"", ""0"", ""0"", ""0"", ""0"", ""0"", ""0""]",2792
I09G,950,"[""0"", ""0"", ""0"", ""0"", ""0"", ""0"", ""0""]",2793
I09L,2000,"[""0"", ""0"", ""0"", ""0"", ""0"", ""0"", ""0""]",2794
I09M,2000,"[""0"", ""0"", ""0"", ""0"", ""0"", ""0"", ""0""]",2795
I09N,2000,"[""0"", ""0"", ""0"", ""0"", ""0"", ""0"", ""0""]",2796
I09O,800,"[""0"", ""0"", ""0"", ""0"", ""0"", ""0"", ""0""]",2797
I0A3,450,"[""0"", ""0"", ""0"", ""0"", ""0"", ""0"", ""0""]",2798
I09P,1900,"[""0"", ""0"", ""0"", ""0"", ""0"", ""0"", ""0""]",2799
I09U,2255,"[""0"", ""0"", ""0"", ""0"", ""0"", ""0"", ""0""]",2800
I09X,1745,"[""0"", ""0"", ""0"", ""0"", ""0"", ""0"", ""0""]",2801
I0A6,2500,"[""0"", ""0"", ""0"", ""0"", ""0"", ""0"", ""0""]",2802
I057,730,"[""0"", ""0"", ""0"", ""0"", ""0"", ""0"", ""0""]",2803
I0AE,3000,"[""0"", ""0"", ""0"", ""0"", ""0"", ""0"", ""0""]",2804
I049,2095,"[""0"", ""0"", ""0"", ""0"", ""0"", ""0"", ""0""]",2805
I050,2210,"[""0"", ""0"", ""0"", ""0"", ""0"", ""0"", ""0""]",2806
I054,2025,"[""0"", ""0"", ""0"", ""0"", ""0"", ""0"", ""0""]",2807
I05A,2550,"[""0"", ""0"", ""0"", ""0"", ""0"", ""0"", ""0""]",2808
I05D,2035,"[""0"", ""0"", ""0"", ""0"", ""0"", ""0"", ""0""]",2809
I032,100,"[""I001"", ""I003"", ""I000"", ""I002"", ""0"", ""0"", ""0""]",2810
I037,200,"[""I009"", ""I00A"", ""I008"", ""I007"", ""0"", ""0"", ""0""]",2811
I02Y,180,"[""I00H"", ""I00J"", ""I00I"", ""I08M"", ""0"", ""0"", ""0""]",2812
I038,300,"[""I005"", ""I006"", ""I000"", ""I000"", ""I004"", ""0"", ""0""]",2813
I036,280,"[""I00L"", ""I00M"", ""I007"", ""I00K"", ""I002"", ""I002"", ""0""]",2814
I02S,220,"[""I00F"", ""I00G"", ""I004"", ""I00E"", ""I00C"", ""0"", ""0""]",2815
I07D,320,"[""I07A"", ""I07B"", ""I00N"", ""I08M"", ""0"", ""0"", ""0""]",2816
I02R,450,"[""I00B"", ""I00D"", ""I001"", ""I00C"", ""0"", ""0"", ""0""]",2817
I02Z,380,"[""I015"", ""I016"", ""I00I"", ""I009"", ""0"", ""0"", ""0""]",2818
I02T,600,"[""I02P"", ""I02O"", ""I00I"", ""I00P"", ""I00C"", ""0"", ""0""]",2819
I02U,650,"[""I011"", ""I012"", ""I00I"", ""I08L"", ""I001"", ""0"", ""0""]",2820
I02J,265,"[""I02G"", ""I02F"", ""I00R"", ""I08K"", ""0"", ""0"", ""0""]",2821
I03F,400,"[""I013"", ""I014"", ""I00Y"", ""0"", ""0"", ""0"", ""0""]",2822
I071,400,"[""I06J"", ""I06L"", ""I00Y"", ""0"", ""0"", ""0"", ""0""]",2823
I030,200,"[""I026"", ""I027"", ""I00P"", ""I024"", ""0"", ""0"", ""0""]",2824
I041,300,"[""I042"", ""I040"", ""I00S"", ""I00S"", ""I00R"", ""0"", ""0""]",2825
I03B,400,"[""I00W"", ""I00X"", ""I019"", ""I00S"", ""0"", ""0"", ""0""]",2826
I03I,400,"[""I01N"", ""I01O"", ""I019"", ""I01K"", ""0"", ""0"", ""0""]",2827
I03H,200,"[""I025"", ""I01X"", ""I01W"", ""I00R"", ""0"", ""0"", ""0""]",2828
I034,450,"[""I02N"", ""I02M"", ""I00S"", ""I08L"", ""I00C"", ""0"", ""0""]",2829
I02X,730,"[""I02C"", ""I02B"", ""I00I"", ""I019"", ""I02A"", ""0"", ""0""]",2830
I03A,350,"[""I01U"", ""I01V"", ""I001"", ""I019"", ""0"", ""0"", ""0""]",2831
I03C,350,"[""I00T"", ""I00U"", ""I00R"", ""I00S"", ""I00E"", ""0"", ""0""]",2832
I03W,400,"[""I03Y"", ""I03X"", ""I026"", ""I00P"", ""0"", ""0"", ""0""]",2833
I047,600,"[""I048"", ""I046"", ""I042"", ""I019"", ""0"", ""0"", ""0""]",2834
I08S,705,"[""I08Q"", ""I08T"", ""I00W"", ""I01E"", ""0"", ""0"", ""0""]",2835
I043,700,"[""I045"", ""I044"", ""I042"", ""I01E"", ""0"", ""0"", ""0""]",2836
I039,800,"[""I01B"", ""I01T"", ""I00W"", ""I00R"", ""0"", ""0"", ""0""]",2837
I02Q,1000,"[""I00Z"", ""I010"", ""I02G"", ""I00S"", ""0"", ""0"", ""0""]",2838
I07S,500,"[""I07P"", ""I07Q"", ""I019"", ""I00P"", ""I02N"", ""0"", ""0""]",2839
I08W,400,"[""I08U"", ""I08X"", ""I01I"", ""I042"", ""I06J"", ""0"", ""0""]",2840
I084,570,"[""I082"", ""I086"", ""I00I"", ""I00N"", ""0"", ""0"", ""0""]",2841
I097,500,"[""I096"", ""I098"", ""I042"", ""I00E"", ""0"", ""0"", ""0""]",2842
I09B,500,"[""I09A"", ""I09C"", ""I01I"", ""I00L"", ""0"", ""0"", ""0""]",2843
I035,550,"[""I02E"", ""I02D"", ""I007"", ""I00E"", ""I01E"", ""0"", ""0""]",2844
I06Y,600,"[""I07O"", ""I06W"", ""I001"", ""I007"", ""I08L"", ""0"", ""0""]",2845
I03O,500,"[""I03N"", ""I03P"", ""I01N"", ""I007"", ""0"", ""0"", ""0""]",2846
I03G,600,"[""I017"", ""I018"", ""I009"", ""I009"", ""0"", ""0"", ""0""]",2847
I03D,700,"[""I02L"", ""I02K"", ""I00L"", ""I00F"", ""0"", ""0"", ""0""]",2848
I080,650,"[""I07Y"", ""I081"", ""I015"", ""I00L"", ""0"", ""0"", ""0""]",2849
I031,750,"[""I01P"", ""I01Q"", ""I005"", ""I00B"", ""0"", ""0"", ""0""]",2850
I08Y,650,"[""I07U"", ""I08Z"", ""I02P"", ""I005"", ""0"", ""0"", ""0""]",2851
I03U,900,"[""I03T"", ""I03V"", ""I015"", ""I011"", ""0"", ""0"", ""0""]",2852
I03R,365,"[""I03S"", ""I03Q"", ""I00H"", ""I007"", ""0"", ""0"", ""0""]",2853
I033,280,"[""I01I"", ""I01H"", ""I00N"", ""0"", ""0"", ""0"", ""0""]",2854
I02V,200,"[""I00O"", ""I00Q"", ""I00P"", ""I00N"", ""0"", ""0"", ""0""]",2855
I03E,300,"[""I029"", ""I028"", ""I00P"", ""I000"", ""I00E"", ""0"", ""0""]",2856
I03J,350,"[""I01F"", ""I01G"", ""I00P"", ""I00E"", ""I01E"", ""0"", ""0""]",2857
I04E,275,"[""I04D"", ""I04C"", ""I00O"", ""I00P"", ""0"", ""0"", ""0""]",2858
I06S,330,"[""I06R"", ""I06T"", ""I00O"", ""I00E"", ""I00E"", ""0"", ""0""]",2859
I073,330,"[""I072"", ""I074"", ""I00O"", ""I025"", ""I024"", ""0"", ""0""]",2860
I04A,750,"[""I04B"", ""I063"", ""I01F"", ""I07A"", ""0"", ""0"", ""0""]",2861
I079,1050,"[""I076"", ""I077"", ""I01F"", ""I029"", ""0"", ""0"", ""0""]",2862
I02W,700,"[""I01R"", ""I01S"", ""I01F"", ""I00O"", ""I01I"", ""0"", ""0""]",2863
I091,450,"[""I090"", ""I092"", ""I03Y"", ""I06R"", ""0"", ""0"", ""0""]",2864
I09H,600,"[""I09G"", ""I09I"", ""I02A"", ""I019"", ""I019"", ""0"", ""0""]",2865
I09J,740,"[""I09L"", ""I09K"", ""I02N"", ""I00R"", ""I00R"", ""I00R"", ""0""]",2866
I09Q,415,"[""I09O"", ""I09R"", ""I001"", ""I002"", ""I00I"", ""0"", ""0""]",2867
I0A4,230,"[""I0A3"", ""I0A5"", ""I007"", ""I000"", ""I00I"", ""0"", ""0""]",2868
I09S,650,"[""I09P"", ""I09T"", ""I0A3"", ""I09O"", ""0"", ""0"", ""0""]",2869
I09V,500,"[""I09U"", ""I09W"", ""I04F"", ""I025"", ""0"", ""0"", ""0""]",2870
I09Y,350,"[""I09X"", ""I09Z"", ""I01N"", ""I00O"", ""I02A"", ""0"", ""0""]",2871
I0A8,380,"[""I0A6"", ""I0A9"", ""I00V"", ""I02C"", ""0"", ""0"", ""0""]",2872
I056,400,"[""I057"", ""I058"", ""I00Y"", ""I00P"", ""I00P"", ""0"", ""0""]",2873
I0AF,900,"[""I0AE"", ""I0AG"", ""I02N"", ""I02N"", ""0"", ""0"", ""0""]",2874
I0AH,700,"[""I049"", ""I04Z"", ""I06R"", ""I00N"", ""I00N"", ""0"", ""0""]",2875
I051,600,"[""I050"", ""I052"", ""I00F"", ""I00F"", ""I0A3"", ""0"", ""0""]",2876
I053,650,"[""I054"", ""I055"", ""I03Y"", ""I00P"", ""I00N"", ""0"", ""0""]",2877
I08C,600,"[""I05A"", ""I059"", ""I0A3"", ""I03S"", ""I00C"", ""I08L"", ""I00S""]",2878
I05C,650,"[""I05D"", ""I05B"", ""I00S"", ""I00S"", ""I00S"", ""I029"", ""I00P""]",2879
I003,100,"[""0"", ""0"", ""0"", ""0"", ""0"", ""0"", ""0""]",2880
I00A,200,"[""0"", ""0"", ""0"", ""0"", ""0"", ""0"", ""0""]",2881
I00J,180,"[""0"", ""0"", ""0"", ""0"", ""0"", ""0"", ""0""]",2882
I006,300,"[""0"", ""0"", ""0"", ""0"", ""0"", ""0"", ""0""]",2883
I00M,280,"[""0"", ""0"", ""0"", ""0"", ""0"", ""0"", ""0""]",2884
I00G,220,"[""0"", ""0"", ""0"", ""0"", ""0"", ""0"", ""0""]",2885
I07B,320,"[""0"", ""0"", ""0"", ""0"", ""0"", ""0"", ""0""]",2886
I00D,450,"[""0"", ""0"", ""0"", ""0"", ""0"", ""0"", ""0""]",2887
I016,380,"[""0"", ""0"", ""0"", ""0"", ""0"", ""0"", ""0""]",2888
I02O,600,"[""0"", ""0"", ""0"", ""0"", ""0"", ""0"", ""0""]",2889
I012,650,"[""0"", ""0"", ""0"", ""0"", ""0"", ""0"", ""0""]",2890
I02F,265,"[""0"", ""0"", ""0"", ""0"", ""0"", ""0"", ""0""]",2891
I014,400,"[""0"", ""0"", ""0"", ""0"", ""0"", ""0"", ""0""]",2892
I06L,400,"[""0"", ""0"", ""0"", ""0"", ""0"", ""0"", ""0""]",2893
I027,200,"[""0"", ""0"", ""0"", ""0"", ""0"", ""0"", ""0""]",2894
I040,300,"[""0"", ""0"", ""0"", ""0"", ""0"", ""0"", ""0""]",2895
I00X,400,"[""0"", ""0"", ""0"", ""0"", ""0"", ""0"", ""0""]",2896
I01O,400,"[""0"", ""0"", ""0"", ""0"", ""0"", ""0"", ""0""]",2897
I01X,200,"[""0"", ""0"", ""0"", ""0"", ""0"", ""0"", ""0""]",2898
I02M,450,"[""0"", ""0"", ""0"", ""0"", ""0"", ""0"", ""0""]",2899
I02B,730,"[""0"", ""0"", ""0"", ""0"", ""0"", ""0"", ""0""]",2900
I01V,350,"[""0"", ""0"", ""0"", ""0"", ""0"", ""0"", ""0""]",2901
I00U,350,"[""0"", ""0"", ""0"", ""0"", ""0"", ""0"", ""0""]",2902
I03X,400,"[""0"", ""0"", ""0"", ""0"", ""0"", ""0"", ""0""]",2903
I046,600,"[""0"", ""0"", ""0"", ""0"", ""0"", ""0"", ""0""]",2904
I08T,705,"[""0"", ""0"", ""0"", ""0"", ""0"", ""0"", ""0""]",2905
I044,700,"[""0"", ""0"", ""0"", ""0"", ""0"", ""0"", ""0""]",2906
I01T,800,"[""0"", ""0"", ""0"", ""0"", ""0"", ""0"", ""0""]",2907
I010,1000,"[""0"", ""0"", ""0"", ""0"", ""0"", ""0"", ""0""]",2908
I07Q,500,"[""0"", ""0"", ""0"", ""0"", ""0"", ""0"", ""0""]",2909
I08X,400,"[""0"", ""0"", ""0"", ""0"", ""0"", ""0"", ""0""]",2910
I086,570,"[""0"", ""0"", ""0"", ""0"", ""0"", ""0"", ""0""]",2911
I098,500,"[""0"", ""0"", ""0"", ""0"", ""0"", ""0"", ""0""]",2912
I09C,500,"[""0"", ""0"", ""0"", ""0"", ""0"", ""0"", ""0""]",2913
I02D,550,"[""0"", ""0"", ""0"", ""0"", ""0"", ""0"", ""0""]",2914
I06W,600,"[""0"", ""0"", ""0"", ""0"", ""0"", ""0"", ""0""]",2915
I03P,500,"[""0"", ""0"", ""0"", ""0"", ""0"", ""0"", ""0""]",2916
I02K,700,"[""0"", ""0"", ""0"", ""0"", ""0"", ""0"", ""0""]",2917
I081,650,"[""0"", ""0"", ""0"", ""0"", ""0"", ""0"", ""0""]",2918
I01Q,750,"[""0"", ""0"", ""0"", ""0"", ""0"", ""0"", ""0""]",2919
I08Z,650,"[""0"", ""0"", ""0"", ""0"", ""0"", ""0"", ""0""]",2920
I03V,900,"[""0"", ""0"", ""0"", ""0"", ""0"", ""0"", ""0""]",2921
I03Q,365,"[""0"", ""0"", ""0"", ""0"", ""0"", ""0"", ""0""]",2922
I01H,280,"[""0"", ""0"", ""0"", ""0"", ""0"", ""0"", ""0""]",2923
I00Q,200,"[""0"", ""0"", ""0"", ""0"", ""0"", ""0"", ""0""]",2924
I028,300,"[""0"", ""0"", ""0"", ""0"", ""0"", ""0"", ""0""]",2925
I01G,350,"[""0"", ""0"", ""0"", ""0"", ""0"", ""0"", ""0""]",2926
I04C,275,"[""0"", ""0"", ""0"", ""0"", ""0"", ""0"", ""0""]",2927
I06T,330,"[""0"", ""0"", ""0"", ""0"", ""0"", ""0"", ""0""]",2928
I074,330,"[""0"", ""0"", ""0"", ""0"", ""0"", ""0"", ""0""]",2929
I063,750,"[""0"", ""0"", ""0"", ""0"", ""0"", ""0"", ""0""]",2930
I077,1050,"[""0"", ""0"", ""0"", ""0"", ""0"", ""0"", ""0""]",2931
I01S,700,"[""0"", ""0"", ""0"", ""0"", ""0"", ""0"", ""0""]",2932
I092,450,"[""0"", ""0"", ""0"", ""0"", ""0"", ""0"", ""0""]",2933
I09I,600,"[""0"", ""0"", ""0"", ""0"", ""0"", ""0"", ""0""]",2934
I09K,740,"[""0"", ""0"", ""0"", ""0"", ""0"", ""0"", ""0""]",2935
I09R,415,"[""0"", ""0"", ""0"", ""0"", ""0"", ""0"", ""0""]",2936
I0A5,230,"[""0"", ""0"", ""0"", ""0"", ""0"", ""0"", ""0""]",2937
I09T,650,"[""0"", ""0"", ""0"", ""0"", ""0"", ""0"", ""0""]",2938
I09W,500,"[""0"", ""0"", ""0"", ""0"", ""0"", ""0"", ""0""]",2939
I09Z,350,"[""0"", ""0"", ""0"", ""0"", ""0"", ""0"", ""0""]",2940
I0A9,380,"[""0"", ""0"", ""0"", ""0"", ""0"", ""0"", ""0""]",2941
I058,400,"[""0"", ""0"", ""0"", ""0"", ""0"", ""0"", ""0""]",2942
I0AG,900,"[""0"", ""0"", ""0"", ""0"", ""0"", ""0"", ""0""]",2943
I04Z,700,"[""0"", ""0"", ""0"", ""0"", ""0"", ""0"", ""0""]",2944
I052,600,"[""0"", ""0"", ""0"", ""0"", ""0"", ""0"", ""0""]",2945
I055,650,"[""0"", ""0"", ""0"", ""0"", ""0"", ""0"", ""0""]",2946
I059,600,"[""0"", ""0"", ""0"", ""0"", ""0"", ""0"", ""0""]",2947
I05B,650,"[""0"", ""0"", ""0"", ""0"", ""0"", ""0"", ""0""]",2948
