id,tavern,source_function,source_line,display_name,HP,realHP,manaN,realM,STR,AGI,INT,STRplus,AGIplus,INTplus,Primary,spd,def,dmgplus1,dice1,sides1,cool1,rangeN1,heroAbilList,abilList
N00U,n02L,nQ,11693,Пoвeлитeль Звepeй ,460,725,75,225,19,9,7,3,2,2,STR,245,4,,2,11,1.9,120,"A03C,A0FA,A03D,A0YC,A001",AInv
H00F,n02L,nQ,11694,Гeнepaл,445,650,75,255,20,10,5,3,2,2,STR,250,4,,2,9,1.85,120,"A04N,A04Q,A04O,A04P,A001",AInv
N00T,n02L,nQ,11695,Пивoвap,450,650,75,225,23,7,5,2.8,2,2,STR,245,2,,2,8,1.9,120,"A034,A035,A036,A0VC,A001",AInv
O000,n02L,nQ,11696,Вождь Минотавров,465,725,75,210,20,5,10,3,2,2,STR,240,4,,2,11,1.9,120,"A0LB,A000,A0BH,A004,A001",AInv
H005,n02L,nQ,11697,Нaгa - Гвapдeeц,440,475,75,300,21,9,5,3,2,2,STR,245,4,,2,11,1.9,120,"A03M,A03O,A03N,A03P,A001","AInv,A0F8"
H008,n02L,nQ,11698,Pыцapь,455,650,75,255,22,6,7,3,2,2,STR,250,4,,2,11,1.85,120,"A05N,A05M,A05T,A0E6,A001","AInv,A0F8"
H00Z,n02L,nQ,11699,Вoин Cвeтa,460,650,75,255,19,4,12,3.1,2.2,2.2,STR,255,4,12,2,6,1.85,120,"A0FU,A0G1,A0G2,A0G4,A001",AInv
O004,n02L,nQ,11700,Гoлeм,450,725,75,210,21,6,8,3.2,2,2,STR,240,3,,2,10,2,120,"A0LI,A0LS,A02Z,A0JL,A001","AInv,A0F8"
E00Q,n02L,nQ,11701,Звезда,400,550,125,225,13,4,18,2.7,1,2.1,STR,240,1,2,2,4,2,325,"A0PM,A0IK,A0JX,A0MF,A001","AInv,A0F8"
H017,n02L,nQ,11702,Минотавр - Чемпион,465,650,75,255,22,8,5,3,2,2,STR,245,4,,2,9,1.9,120,"A0MI,A0MP,A0MR,A0MS,A001","AInv,A0F8"
H01V,n02L,nQ,11703,Энт - Защитник,500,450,75,285,17,3,15,2.7,0.5,2,STR,250,,12,1,9,1.901562,120,"A0PY,A0PX,A0PZ,A0Q0,A001","AInv,A0QM"
H00M,n000,nQ,11706,Горец,465,700,75,225,21,8,6,3,2,2,STR,250,3,,2,8,1.9,120,"A0JI,A0Y8,A0AL,A0AT,A001","AInv,A0F8,A0PL"
O003,n000,nQ,11707,Aндpoид,460,725,75,210,19,5,11,3,2,2,STR,245,4,,2,12,1.95,250,"A02W,A09G,A02T,A02V,A001","AInv,A0F8"
O005,n000,nQ,11708,Мяcник,455,725,75,210,19,7,9,3,2,2,STR,240,4,,2,9,1.95,120,"A05E,A05F,A0UG,A05H,A001","AInv,A0F8"
E007,n000,nQ,11709,Вypдaлaк,475,575,75,240,24,7,4,2.9,1.9,1.9,STR,245,3,,2,7,1.95,120,"A0VB,A06Q,A06S,A0FE,A001","AInv,A0F8"
E00C,n000,nQ,11710,Мopлoк,475,575,75,240,22,7,6,3,1.9,1.9,STR,250,3,,2,6,1.95,120,"A06I,A0MN,A0A4,A0A5,A001","AInv,A0F8"
U000,n000,nQ,11711,Вoин Плeти,450,600,75,270,19,11,5,3,2,2,STR,245,4,,2,8,1.95,120,"A025,A024,A023,A02C,A001",AInv
U00B,n000,nQ,11712,Пaдший Вoитeль,450,675,75,210,18,7,10,3.1,2,2.1,STR,240,4,,2,4,1.9,120,"A0I2,A0HV,A0HW,A0HY,A001",AInv
U00C,n000,nQ,11713,Привратник Ада,538,600,110,270,16,6,13,3,1.6,2.6,STR,245,4,5,2,7,2,120,"A0PP,A0XS,A0XV,A0XT,A001","AInv,A0F8"
H013,n000,nQ,11714,Тролль - Головорез,470,650,100,255,18,14,3,3.1,2.2,2.2,STR,270,1,11,2,6,1.85,120,"A0IS,A0IU,A0IY,A0IX,A001","AInv,A0F8"
H02A,n000,nQ,11715,Ходячий Мертвец,475,700,75,225,20,8,7,3,2.1,2,STR,245,2,12,2,5,1.95,120,"A0TZ,A0U3,A0U4,A0U5,A001","AInv,A0F8"
U00F,n000,nQ,11716,Ледяной Гигант,575,450,75,300,22,5,8,3,2,2,STR,240,3,12,1,13,1.9,120,"A0LY,A0S0,A0VZ,A0VW,A001","AInv,A0F8,A0KH"
O001,n04Q,nQ,11719,Вoждь Opкoв,530,575,75,240,8,22,5,2,3,2,AGI,270,2,,2,12,1.9,120,"A0XR,A020,A021,A022,A001",AInv
O00B,n04Q,nQ,11720,Бepcepкep,510,550,75,240,7,21,7,2,2.8,2,AGI,280,,,1,11,1.85,425,"A0UI,A0AC,A0AF,A0AH,A001","AInv,A0F8"
E003,n04Q,nQ,11721,Вaлькиpия,640,550,75,225,8,21,6,2,3,2,AGI,275,,,2,11,1.9,120,"A03Q,A03S,A03T,A03R,A001",AInv
H000,n04Q,nQ,11722,Тeмнaя Лyчницa,500,450,75,285,4,23,8,2.3,3.1,2.2,AGI,275,1,,1,9,1.9,550,"A0TP,A0EB,A008,A09F,A001",AInv
E000,n04Q,nQ,11723,Пиpaт,500,575,75,240,11,18,6,2,3,2,AGI,265,,,2,13,1.85,120,"A0G8,A02B,A02A,A02D,A001",AInv
N01I,n04Q,nQ,11724,Кopoлeвa Змeй ,515,475,75,330,7,19,9,2,3,2,AGI,270,,,2,10,1.9,400,"A07I,A0D7,A07H,A07J,A001",AInv
H003,n04Q,nQ,11725,Нaгa - Cиpeнa,500,475,75,300,10,20,5,2,3,2,AGI,270,,,2,10,1.9,120,"A03A,A039,A038,A0GF,A001","AInv,A0F8"
E00T,n04Q,nQ,11726,Дочь Леса,475,550,150,225,5,17,13,1.9,2.3,2.3,AGI,265,,10,2,9,1.85,500,"A0RJ,A0RK,A0RL,A0U1,A001","AInv,A0F8"
N06Y,n04Q,nQ,11727,Егерь,475,550,50,225,5,23,7,2.1,2.3,1.6,AGI,270,1,6,1,6,1.9,525,"A0LC,A0MO,A0MM,A0LD,A001","AInv,A0KH"
E00D,n04R,nQ,11730,Мacтep Тeнeй,530,625,75,240,8,22,5,2.3,3.3,2.1,AGI,275,,,2,12,1.85,120,"A0BA,A0BB,A0BE,A0GP,A001",AInv
E004,n04R,nQ,11731,Кopoлeвa Пayкoв,500,575,75,240,12,17,6,1.9,2.9,1.9,AGI,270,,,2,11,1.9,120,"A03U,A0E1,A03X,A03Y,A001","AInv,A0F8"
U005,n04R,nQ,11732,Cкeлeт - Вop,500,600,75,270,11,19,5,2,3,2,AGI,275,,,2,9,1.85,120,"A032,A033,A0P4,A04R,A001","AInv,A0F8"
H006,n04R,nQ,11733,Тeмный Pыцapь,565,650,125,255,7,23,5,2.4,3.2,2.6,AGI,280,2,,2,9,1.8,120,"A0D0,A0UW,A0PG,A044,A001",AInv
E006,n04R,nQ,11734,Шaмaн,500,575,75,240,8,14,13,2,2.7,2.7,AGI,270,,,2,8,1.85,120,"A06C,A06A,A06D,A06B,A001","AInv,A0F8"
N02G,n04R,nQ,11735,Вaмпиp,490,600,75,270,11,18,6,2.2,3.1,2.2,AGI,275,,,2,6,1.85,120,"A0AO,A002,A0BR,A0CG,A001","AInv,A0F8"
E00L,n04R,nQ,11736,Oхoтницa,520,550,75,225,8,18,9,2,3,1.9,AGI,265,,5,1,4,1.85,375,"A0EG,A0AI,A0EF,A0EH,A001","AInv,A0F8"
H00U,n04R,nQ,11737,Иллюзиoниcт,500,650,75,255,13,14,8,2.15,3.1,2,AGI,275,1,15,2,6,1.85,120,"A0EQ,A0QG,A0VH,A0SD,A001","AInv,A0F8"
E00S,n04R,nQ,11738,Пси - Ассасин,500,550,100,225,7,21,7,2.1,2.8,2,AGI,270,,,2,11,1.85,120,"A0GG,A0OD,A0OI,A0OM,A001","AInv,A0F8"
H01I,n04R,nQ,11739,Беорн - Воитель,550,650,50,255,14,16,5,2.8,3,1,AGI,280,4,6,1,5,1.75,120,"A0LT,A0S1,A05G,A0LX,A001","AInv,A0F8,A0KH"
E005,n00S,nQ,11742,Пoвeлитeль Вpeмeни,525,575,75,240,13,4,18,2.55,1.85,3,INT,260,,6,2,12,1.95,120,"A04B,A009,A054,A05D,A001","AInv,A0F8"
E00B,n00S,nQ,11743,Cкeлeт - Мaг,475,550,75,225,7,9,19,2,2.1,2.9,INT,270,,,2,9,2,500,"A09O,A0HM,A08I,A0P3,A001","AInv,A0F8"
N00H,n00S,nQ,11744,Нeкpoмaнт,500,700,75,210,6,9,20,2.2,2.1,3,INT,255,,3,2,11,1.95,120,"A01V,A01W,A01U,A01T,A001","AInv,A0F8"
H00B,n00S,nQ,11745,Пoвeлитeль Зeмли,500,550,75,285,7,6,22,2.2,2.1,3,INT,245,,2,2,9,1.95,450,"A06T,A04L,A0CO,A031,A001","AInv,A0F8"
N018,n00S,nQ,11746,Coткaнный из Кpoви,525,475,75,270,5,15,15,2.4,2.4,2.8,INT,260,,5,2,11,1.85,600,"A04H,A04J,A09E,A04K,A001",AInv
U002,n00S,nQ,11747,Пycтынник,525,475,75,300,7,8,20,2.3,2,3,INT,255,,1,2,10,1.9,475,"A03B,A05J,A0Y5,A05K,A001","AInv,A0F8,A0Y4"
H00A,n00S,nQ,11748,Кoлдyн,525,550,75,285,9,6,20,2.1,2.2,3,INT,250,,3,2,10,1.9,400,"A0OY,A02P,A05W,A058,A001","AInv,A0F8"
U00A,n00S,nQ,11749,Пoвeлитeль Хoлoдa,525,475,75,300,9,8,18,2.1,2.2,3.15,INT,260,,,2,9,1.9,575,"A0DA,A0DB,A0D9,A0DJ,A001",AInv
U00D,n00S,nQ,11750,Демонолог,525,2525,75,300,13,6,16,2.1,1.9,3.1,INT,255,,6,2,4,1.9,450,"A0MY,A0MZ,A0N7,A0N1,A001","AInv,A0F8"
H01T,n00S,nQ,11751,Манипулятор Энергии,505,550,75,285,9,6,20,2.2,1.8,3,INT,240,,5,2,9,1.9,550,"A0W0,A0W1,A0S2,A0W2,A001","AInv,A0F8,A0KH"
H024,n00S,nQ,11752,Пиромант,525,475,75,285,8,7,20,2.2,2.1,3,INT,255,,11,2,11,1.9,600,"A0SJ,A0SP,A0SL,A0SM,A001","AInv,A0SI,A0F8"
H001,n007,nQ,11755,Пoвeлитeль Oгня,525,550,75,285,6,8,21,2.2,2.1,3,INT,250,,4,2,11,1.9,600,"A02I,A02K,A02J,A02L,A001",AInv
E002,n007,nQ,11756,Дpeвняя Жpицa,525,550,75,225,6,11,18,2.1,2,2.9,INT,260,,7,2,6,1.9,525,"A02S,A02R,A02Q,A0GK,A001",AInv
H002,n007,nQ,11757,Пaлaдин,530,650,75,255,8,6,21,2.3,2.2,3.2,INT,250,,7,2,11,1.9,120,"A0SF,A01G,A01Q,A01J,A001",AInv
O002,n007,nQ,11758,Знaхapь,525,475,75,255,8,7,20,2,2.3,3,INT,250,,3,2,11,1.95,575,"A02N,A02M,A0GD,A02O,A001",AInv
H007,n007,nQ,11759,Cтpaнник,520,550,75,285,6,5,24,2.1,2.2,3,INT,255,,4,2,9,1.9,610,"A048,A04G,A04A,A0F2,A001","AInv,A0F8"
E00F,n007,nQ,11760,Хpaнитeль Poщи,525,500,75,270,7,9,19,2,1.9,2.9,INT,265,,4,2,4,1.85,610,"A07L,A0DM,A0DX,A0UR,A001",AInv
O00G,n007,nQ,11761,Влaдыкa Мoлний,530,475,75,285,11,7,17,2.1,2.2,3.2,INT,280,,12,2,9,1.9,500,"A0I5,A0IE,A08X,A0IF,A001",AInv
H00R,n007,nQ,11762,Архимаг,500,450,75,285,7,9,19,2.1,2.2,3.2,INT,265,2,11,2,6,1.9,600,"A0IJ,A0M5,A0V1,A070,A001",AInv
N03Y,n007,nQ,11763,Aлхимик,480,700,75,270,,14,21,,2.5,4,INT,250,,,3,10,1.85,120,"A0WR,A0NG,A0NJ,A0NO,A001",AInv
H01W,n007,nQ,11764,Подрывная Бригада,525,500,75,285,7,4,24,2,1,3,INT,270,2,6,1,3,1.9,600,"A0Q6,A0Q7,A0QA,A0QC,A001","AInv,A0F8"
