mode,participants_nonhidden,wave,kind,initial_ordinary_enemies,initial_bosses,round_gold_per_hero_min_before_engine_rounding,round_gold_per_hero_max_before_engine_rounding,round_lumber_per_hero,xp_factor_before_dividing_by_alive,speed_bonus_grace_seconds_in_code_duration,source,evidence
normal,1,1,ordinary,40,2,270.0,330.0,4,0.75,15.0,vscripts/survival/survival.lua:60-88;338-391;534-622;757-781,derived-from-static-path;excludes-kill-bounty-runes-duels-equalgold
normal,1,2,ordinary,40,2,270.0,330.0,5,0.75,15.0,vscripts/survival/survival.lua:60-88;338-391;534-622;757-781,derived-from-static-path;excludes-kill-bounty-runes-duels-equalgold
normal,1,3,ordinary,40,2,270.0,330.0,6,0.75,15.0,vscripts/survival/survival.lua:60-88;338-391;534-622;757-781,derived-from-static-path;excludes-kill-bounty-runes-duels-equalgold
normal,1,4,ordinary,40,2,270.0,330.0,7,0.75,15.0,vscripts/survival/survival.lua:60-88;338-391;534-622;757-781,derived-from-static-path;excludes-kill-bounty-runes-duels-equalgold
normal,1,5,megaboss,0,1,470.0,530.0,13,0.75,30.0,vscripts/survival/survival.lua:60-88;338-391;534-622;757-781,derived-from-static-path;excludes-kill-bounty-runes-duels-equalgold
normal,1,6,ordinary,40,2,330.0,390.0,9,0.75,15.0,vscripts/survival/survival.lua:60-88;338-391;534-622;757-781,derived-from-static-path;excludes-kill-bounty-runes-duels-equalgold
normal,1,7,ordinary,40,2,330.0,390.0,10,0.75,15.0,vscripts/survival/survival.lua:60-88;338-391;534-622;757-781,derived-from-static-path;excludes-kill-bounty-runes-duels-equalgold
normal,1,8,ordinary,40,2,390.0,450.0,11,0.75,15.0,vscripts/survival/survival.lua:60-88;338-391;534-622;757-781,derived-from-static-path;excludes-kill-bounty-runes-duels-equalgold
normal,1,9,ordinary,40,2,390.0,450.0,12,0.75,15.0,vscripts/survival/survival.lua:60-88;338-391;534-622;757-781,derived-from-static-path;excludes-kill-bounty-runes-duels-equalgold
normal,1,10,megaboss,0,1,790.0,850.0,18,0.75,30.0,vscripts/survival/survival.lua:60-88;338-391;534-622;757-781,derived-from-static-path;excludes-kill-bounty-runes-duels-equalgold
normal,1,11,ordinary,40,2,390.0,450.0,14,0.75,15.0,vscripts/survival/survival.lua:60-88;338-391;534-622;757-781,derived-from-static-path;excludes-kill-bounty-runes-duels-equalgold
normal,1,12,ordinary,40,2,390.0,450.0,15,0.75,15.0,vscripts/survival/survival.lua:60-88;338-391;534-622;757-781,derived-from-static-path;excludes-kill-bounty-runes-duels-equalgold
normal,1,13,ordinary,40,2,450.0,510.0,16,0.75,15.0,vscripts/survival/survival.lua:60-88;338-391;534-622;757-781,derived-from-static-path;excludes-kill-bounty-runes-duels-equalgold
normal,1,14,ordinary,40,2,510.0,570.0,17,0.75,15.0,vscripts/survival/survival.lua:60-88;338-391;534-622;757-781,derived-from-static-path;excludes-kill-bounty-runes-duels-equalgold
normal,1,15,megaboss,0,1,1110.0,1170.0,23,0.75,30.0,vscripts/survival/survival.lua:60-88;338-391;534-622;757-781,derived-from-static-path;excludes-kill-bounty-runes-duels-equalgold
normal,1,16,ordinary,40,2,570.0,630.0,19,0.75,15.0,vscripts/survival/survival.lua:60-88;338-391;534-622;757-781,derived-from-static-path;excludes-kill-bounty-runes-duels-equalgold
normal,1,17,ordinary,40,2,570.0,630.0,20,0.75,15.0,vscripts/survival/survival.lua:60-88;338-391;534-622;757-781,derived-from-static-path;excludes-kill-bounty-runes-duels-equalgold
normal,1,18,ordinary,40,2,630.0,690.0,21,0.75,15.0,vscripts/survival/survival.lua:60-88;338-391;534-622;757-781,derived-from-static-path;excludes-kill-bounty-runes-duels-equalgold
normal,1,19,ordinary,40,2,630.0,690.0,22,0.75,15.0,vscripts/survival/survival.lua:60-88;338-391;534-622;757-781,derived-from-static-path;excludes-kill-bounty-runes-duels-equalgold
normal,2,1,ordinary,52,2,186.0,246.0,4,1.0,15.0,vscripts/survival/survival.lua:60-88;338-391;534-622;757-781,derived-from-static-path;excludes-kill-bounty-runes-duels-equalgold
normal,2,2,ordinary,52,2,186.0,246.0,5,1.0,15.0,vscripts/survival/survival.lua:60-88;338-391;534-622;757-781,derived-from-static-path;excludes-kill-bounty-runes-duels-equalgold
normal,2,3,ordinary,52,2,186.0,246.0,6,1.0,15.0,vscripts/survival/survival.lua:60-88;338-391;534-622;757-781,derived-from-static-path;excludes-kill-bounty-runes-duels-equalgold
normal,2,4,ordinary,52,2,186.0,246.0,7,1.0,15.0,vscripts/survival/survival.lua:60-88;338-391;534-622;757-781,derived-from-static-path;excludes-kill-bounty-runes-duels-equalgold
normal,2,5,megaboss,0,1,386.0,446.0,13,1.0,30.0,vscripts/survival/survival.lua:60-88;338-391;534-622;757-781,derived-from-static-path;excludes-kill-bounty-runes-duels-equalgold
normal,2,6,ordinary,52,2,225.0,285.0,9,1.0,15.0,vscripts/survival/survival.lua:60-88;338-391;534-622;757-781,derived-from-static-path;excludes-kill-bounty-runes-duels-equalgold
normal,2,7,ordinary,52,2,225.0,285.0,10,1.0,15.0,vscripts/survival/survival.lua:60-88;338-391;534-622;757-781,derived-from-static-path;excludes-kill-bounty-runes-duels-equalgold
normal,2,8,ordinary,52,2,264.0,324.0,11,1.0,15.0,vscripts/survival/survival.lua:60-88;338-391;534-622;757-781,derived-from-static-path;excludes-kill-bounty-runes-duels-equalgold
normal,2,9,ordinary,52,2,264.0,324.0,12,1.0,15.0,vscripts/survival/survival.lua:60-88;338-391;534-622;757-781,derived-from-static-path;excludes-kill-bounty-runes-duels-equalgold
normal,2,10,megaboss,0,1,664.0,724.0,18,1.0,30.0,vscripts/survival/survival.lua:60-88;338-391;534-622;757-781,derived-from-static-path;excludes-kill-bounty-runes-duels-equalgold
normal,2,11,ordinary,52,2,264.0,324.0,14,1.0,15.0,vscripts/survival/survival.lua:60-88;338-391;534-622;757-781,derived-from-static-path;excludes-kill-bounty-runes-duels-equalgold
normal,2,12,ordinary,52,2,264.0,324.0,15,1.0,15.0,vscripts/survival/survival.lua:60-88;338-391;534-622;757-781,derived-from-static-path;excludes-kill-bounty-runes-duels-equalgold
normal,2,13,ordinary,52,2,303.0,363.0,16,1.0,15.0,vscripts/survival/survival.lua:60-88;338-391;534-622;757-781,derived-from-static-path;excludes-kill-bounty-runes-duels-equalgold
normal,2,14,ordinary,52,2,342.0,402.0,17,1.0,15.0,vscripts/survival/survival.lua:60-88;338-391;534-622;757-781,derived-from-static-path;excludes-kill-bounty-runes-duels-equalgold
normal,2,15,megaboss,0,1,942.0,1002.0,23,1.0,30.0,vscripts/survival/survival.lua:60-88;338-391;534-622;757-781,derived-from-static-path;excludes-kill-bounty-runes-duels-equalgold
normal,2,16,ordinary,52,2,381.0,441.0,19,1.0,15.0,vscripts/survival/survival.lua:60-88;338-391;534-622;757-781,derived-from-static-path;excludes-kill-bounty-runes-duels-equalgold
normal,2,17,ordinary,52,2,381.0,441.0,20,1.0,15.0,vscripts/survival/survival.lua:60-88;338-391;534-622;757-781,derived-from-static-path;excludes-kill-bounty-runes-duels-equalgold
normal,2,18,ordinary,52,2,420.0,480.0,21,1.0,15.0,vscripts/survival/survival.lua:60-88;338-391;534-622;757-781,derived-from-static-path;excludes-kill-bounty-runes-duels-equalgold
normal,2,19,ordinary,52,2,420.0,480.0,22,1.0,15.0,vscripts/survival/survival.lua:60-88;338-391;534-622;757-781,derived-from-static-path;excludes-kill-bounty-runes-duels-equalgold
normal,3,1,ordinary,64,2,158.0,218.0,4,1.15,15.0,vscripts/survival/survival.lua:60-88;338-391;534-622;757-781,derived-from-static-path;excludes-kill-bounty-runes-duels-equalgold
normal,3,2,ordinary,64,2,158.0,218.0,5,1.15,15.0,vscripts/survival/survival.lua:60-88;338-391;534-622;757-781,derived-from-static-path;excludes-kill-bounty-runes-duels-equalgold
normal,3,3,ordinary,64,2,158.0,218.0,6,1.15,15.0,vscripts/survival/survival.lua:60-88;338-391;534-622;757-781,derived-from-static-path;excludes-kill-bounty-runes-duels-equalgold
normal,3,4,ordinary,64,2,158.0,218.0,7,1.15,15.0,vscripts/survival/survival.lua:60-88;338-391;534-622;757-781,derived-from-static-path;excludes-kill-bounty-runes-duels-equalgold
normal,3,5,megaboss,0,1,358.0,418.0,13,1.15,30.0,vscripts/survival/survival.lua:60-88;338-391;534-622;757-781,derived-from-static-path;excludes-kill-bounty-runes-duels-equalgold
normal,3,6,ordinary,64,2,190.0,250.0,9,1.15,15.0,vscripts/survival/survival.lua:60-88;338-391;534-622;757-781,derived-from-static-path;excludes-kill-bounty-runes-duels-equalgold
normal,3,7,ordinary,64,2,190.0,250.0,10,1.15,15.0,vscripts/survival/survival.lua:60-88;338-391;534-622;757-781,derived-from-static-path;excludes-kill-bounty-runes-duels-equalgold
normal,3,8,ordinary,64,2,222.0,282.0,11,1.15,15.0,vscripts/survival/survival.lua:60-88;338-391;534-622;757-781,derived-from-static-path;excludes-kill-bounty-runes-duels-equalgold
normal,3,9,ordinary,64,2,222.0,282.0,12,1.15,15.0,vscripts/survival/survival.lua:60-88;338-391;534-622;757-781,derived-from-static-path;excludes-kill-bounty-runes-duels-equalgold
normal,3,10,megaboss,0,1,622.0,682.0,18,1.15,30.0,vscripts/survival/survival.lua:60-88;338-391;534-622;757-781,derived-from-static-path;excludes-kill-bounty-runes-duels-equalgold
normal,3,11,ordinary,64,2,222.0,282.0,14,1.15,15.0,vscripts/survival/survival.lua:60-88;338-391;534-622;757-781,derived-from-static-path;excludes-kill-bounty-runes-duels-equalgold
normal,3,12,ordinary,64,2,222.0,282.0,15,1.15,15.0,vscripts/survival/survival.lua:60-88;338-391;534-622;757-781,derived-from-static-path;excludes-kill-bounty-runes-duels-equalgold
normal,3,13,ordinary,64,2,254.0,314.0,16,1.15,15.0,vscripts/survival/survival.lua:60-88;338-391;534-622;757-781,derived-from-static-path;excludes-kill-bounty-runes-duels-equalgold
normal,3,14,ordinary,64,2,286.0,346.0,17,1.15,15.0,vscripts/survival/survival.lua:60-88;338-391;534-622;757-781,derived-from-static-path;excludes-kill-bounty-runes-duels-equalgold
normal,3,15,megaboss,0,1,886.0,946.0,23,1.15,30.0,vscripts/survival/survival.lua:60-88;338-391;534-622;757-781,derived-from-static-path;excludes-kill-bounty-runes-duels-equalgold
normal,3,16,ordinary,64,2,318.0,378.0,19,1.15,15.0,vscripts/survival/survival.lua:60-88;338-391;534-622;757-781,derived-from-static-path;excludes-kill-bounty-runes-duels-equalgold
normal,3,17,ordinary,64,2,318.0,378.0,20,1.15,15.0,vscripts/survival/survival.lua:60-88;338-391;534-622;757-781,derived-from-static-path;excludes-kill-bounty-runes-duels-equalgold
normal,3,18,ordinary,64,2,350.0,410.0,21,1.15,15.0,vscripts/survival/survival.lua:60-88;338-391;534-622;757-781,derived-from-static-path;excludes-kill-bounty-runes-duels-equalgold
normal,3,19,ordinary,64,2,350.0,410.0,22,1.15,15.0,vscripts/survival/survival.lua:60-88;338-391;534-622;757-781,derived-from-static-path;excludes-kill-bounty-runes-duels-equalgold
normal,4,1,ordinary,76,2,144.0,204.0,4,1.2,15.0,vscripts/survival/survival.lua:60-88;338-391;534-622;757-781,derived-from-static-path;excludes-kill-bounty-runes-duels-equalgold
normal,4,2,ordinary,76,2,144.0,204.0,5,1.2,15.0,vscripts/survival/survival.lua:60-88;338-391;534-622;757-781,derived-from-static-path;excludes-kill-bounty-runes-duels-equalgold
normal,4,3,ordinary,76,2,144.0,204.0,6,1.2,15.0,vscripts/survival/survival.lua:60-88;338-391;534-622;757-781,derived-from-static-path;excludes-kill-bounty-runes-duels-equalgold
normal,4,4,ordinary,76,2,144.0,204.0,7,1.2,15.0,vscripts/survival/survival.lua:60-88;338-391;534-622;757-781,derived-from-static-path;excludes-kill-bounty-runes-duels-equalgold
normal,4,5,megaboss,0,1,344.0,404.0,13,1.2,30.0,vscripts/survival/survival.lua:60-88;338-391;534-622;757-781,derived-from-static-path;excludes-kill-bounty-runes-duels-equalgold
normal,4,6,ordinary,76,2,172.5,232.5,9,1.2,15.0,vscripts/survival/survival.lua:60-88;338-391;534-622;757-781,derived-from-static-path;excludes-kill-bounty-runes-duels-equalgold
normal,4,7,ordinary,76,2,172.5,232.5,10,1.2,15.0,vscripts/survival/survival.lua:60-88;338-391;534-622;757-781,derived-from-static-path;excludes-kill-bounty-runes-duels-equalgold
normal,4,8,ordinary,76,2,201.0,261.0,11,1.2,15.0,vscripts/survival/survival.lua:60-88;338-391;534-622;757-781,derived-from-static-path;excludes-kill-bounty-runes-duels-equalgold
normal,4,9,ordinary,76,2,201.0,261.0,12,1.2,15.0,vscripts/survival/survival.lua:60-88;338-391;534-622;757-781,derived-from-static-path;excludes-kill-bounty-runes-duels-equalgold
normal,4,10,megaboss,0,1,601.0,661.0,18,1.2,30.0,vscripts/survival/survival.lua:60-88;338-391;534-622;757-781,derived-from-static-path;excludes-kill-bounty-runes-duels-equalgold
normal,4,11,ordinary,76,2,201.0,261.0,14,1.2,15.0,vscripts/survival/survival.lua:60-88;338-391;534-622;757-781,derived-from-static-path;excludes-kill-bounty-runes-duels-equalgold
normal,4,12,ordinary,76,2,201.0,261.0,15,1.2,15.0,vscripts/survival/survival.lua:60-88;338-391;534-622;757-781,derived-from-static-path;excludes-kill-bounty-runes-duels-equalgold
normal,4,13,ordinary,76,2,229.5,289.5,16,1.2,15.0,vscripts/survival/survival.lua:60-88;338-391;534-622;757-781,derived-from-static-path;excludes-kill-bounty-runes-duels-equalgold
normal,4,14,ordinary,76,2,258.0,318.0,17,1.2,15.0,vscripts/survival/survival.lua:60-88;338-391;534-622;757-781,derived-from-static-path;excludes-kill-bounty-runes-duels-equalgold
normal,4,15,megaboss,0,1,858.0,918.0,23,1.2,30.0,vscripts/survival/survival.lua:60-88;338-391;534-622;757-781,derived-from-static-path;excludes-kill-bounty-runes-duels-equalgold
normal,4,16,ordinary,76,2,286.5,346.5,19,1.2,15.0,vscripts/survival/survival.lua:60-88;338-391;534-622;757-781,derived-from-static-path;excludes-kill-bounty-runes-duels-equalgold
normal,4,17,ordinary,76,2,286.5,346.5,20,1.2,15.0,vscripts/survival/survival.lua:60-88;338-391;534-622;757-781,derived-from-static-path;excludes-kill-bounty-runes-duels-equalgold
normal,4,18,ordinary,76,2,315.0,375.0,21,1.2,15.0,vscripts/survival/survival.lua:60-88;338-391;534-622;757-781,derived-from-static-path;excludes-kill-bounty-runes-duels-equalgold
normal,4,19,ordinary,76,2,315.0,375.0,22,1.2,15.0,vscripts/survival/survival.lua:60-88;338-391;534-622;757-781,derived-from-static-path;excludes-kill-bounty-runes-duels-equalgold
normal,5,1,ordinary,88,2,135.6,195.6,4,1.25,15.0,vscripts/survival/survival.lua:60-88;338-391;534-622;757-781,derived-from-static-path;excludes-kill-bounty-runes-duels-equalgold
normal,5,2,ordinary,88,2,135.6,195.6,5,1.25,15.0,vscripts/survival/survival.lua:60-88;338-391;534-622;757-781,derived-from-static-path;excludes-kill-bounty-runes-duels-equalgold
normal,5,3,ordinary,88,2,135.6,195.6,6,1.25,15.0,vscripts/survival/survival.lua:60-88;338-391;534-622;757-781,derived-from-static-path;excludes-kill-bounty-runes-duels-equalgold
normal,5,4,ordinary,88,2,135.6,195.6,7,1.25,15.0,vscripts/survival/survival.lua:60-88;338-391;534-622;757-781,derived-from-static-path;excludes-kill-bounty-runes-duels-equalgold
normal,5,5,megaboss,0,1,335.6,395.6,13,1.25,30.0,vscripts/survival/survival.lua:60-88;338-391;534-622;757-781,derived-from-static-path;excludes-kill-bounty-runes-duels-equalgold
normal,5,6,ordinary,88,2,162.0,222.0,9,1.25,15.0,vscripts/survival/survival.lua:60-88;338-391;534-622;757-781,derived-from-static-path;excludes-kill-bounty-runes-duels-equalgold
normal,5,7,ordinary,88,2,162.0,222.0,10,1.25,15.0,vscripts/survival/survival.lua:60-88;338-391;534-622;757-781,derived-from-static-path;excludes-kill-bounty-runes-duels-equalgold
normal,5,8,ordinary,88,2,188.4,248.4,11,1.25,15.0,vscripts/survival/survival.lua:60-88;338-391;534-622;757-781,derived-from-static-path;excludes-kill-bounty-runes-duels-equalgold
normal,5,9,ordinary,88,2,188.4,248.4,12,1.25,15.0,vscripts/survival/survival.lua:60-88;338-391;534-622;757-781,derived-from-static-path;excludes-kill-bounty-runes-duels-equalgold
normal,5,10,megaboss,0,1,588.4,648.4,18,1.25,30.0,vscripts/survival/survival.lua:60-88;338-391;534-622;757-781,derived-from-static-path;excludes-kill-bounty-runes-duels-equalgold
normal,5,11,ordinary,88,2,188.4,248.4,14,1.25,15.0,vscripts/survival/survival.lua:60-88;338-391;534-622;757-781,derived-from-static-path;excludes-kill-bounty-runes-duels-equalgold
normal,5,12,ordinary,88,2,188.4,248.4,15,1.25,15.0,vscripts/survival/survival.lua:60-88;338-391;534-622;757-781,derived-from-static-path;excludes-kill-bounty-runes-duels-equalgold
normal,5,13,ordinary,88,2,214.8,274.8,16,1.25,15.0,vscripts/survival/survival.lua:60-88;338-391;534-622;757-781,derived-from-static-path;excludes-kill-bounty-runes-duels-equalgold
normal,5,14,ordinary,88,2,241.2,301.2,17,1.25,15.0,vscripts/survival/survival.lua:60-88;338-391;534-622;757-781,derived-from-static-path;excludes-kill-bounty-runes-duels-equalgold
normal,5,15,megaboss,0,1,841.2,901.2,23,1.25,30.0,vscripts/survival/survival.lua:60-88;338-391;534-622;757-781,derived-from-static-path;excludes-kill-bounty-runes-duels-equalgold
normal,5,16,ordinary,88,2,267.6,327.6,19,1.25,15.0,vscripts/survival/survival.lua:60-88;338-391;534-622;757-781,derived-from-static-path;excludes-kill-bounty-runes-duels-equalgold
normal,5,17,ordinary,88,2,267.6,327.6,20,1.25,15.0,vscripts/survival/survival.lua:60-88;338-391;534-622;757-781,derived-from-static-path;excludes-kill-bounty-runes-duels-equalgold
normal,5,18,ordinary,88,2,294.0,354.0,21,1.25,15.0,vscripts/survival/survival.lua:60-88;338-391;534-622;757-781,derived-from-static-path;excludes-kill-bounty-runes-duels-equalgold
normal,5,19,ordinary,88,2,294.0,354.0,22,1.25,15.0,vscripts/survival/survival.lua:60-88;338-391;534-622;757-781,derived-from-static-path;excludes-kill-bounty-runes-duels-equalgold
normal,6,1,ordinary,100,2,130.0,190.0,4,1.29,15.0,vscripts/survival/survival.lua:60-88;338-391;534-622;757-781,derived-from-static-path;excludes-kill-bounty-runes-duels-equalgold
normal,6,2,ordinary,100,2,130.0,190.0,5,1.29,15.0,vscripts/survival/survival.lua:60-88;338-391;534-622;757-781,derived-from-static-path;excludes-kill-bounty-runes-duels-equalgold
normal,6,3,ordinary,100,2,130.0,190.0,6,1.29,15.0,vscripts/survival/survival.lua:60-88;338-391;534-622;757-781,derived-from-static-path;excludes-kill-bounty-runes-duels-equalgold
normal,6,4,ordinary,100,2,130.0,190.0,7,1.29,15.0,vscripts/survival/survival.lua:60-88;338-391;534-622;757-781,derived-from-static-path;excludes-kill-bounty-runes-duels-equalgold
normal,6,5,megaboss,0,1,330.0,390.0,13,1.29,30.0,vscripts/survival/survival.lua:60-88;338-391;534-622;757-781,derived-from-static-path;excludes-kill-bounty-runes-duels-equalgold
normal,6,6,ordinary,100,2,155.0,215.0,9,1.29,15.0,vscripts/survival/survival.lua:60-88;338-391;534-622;757-781,derived-from-static-path;excludes-kill-bounty-runes-duels-equalgold
normal,6,7,ordinary,100,2,155.0,215.0,10,1.29,15.0,vscripts/survival/survival.lua:60-88;338-391;534-622;757-781,derived-from-static-path;excludes-kill-bounty-runes-duels-equalgold
normal,6,8,ordinary,100,2,180.0,240.0,11,1.29,15.0,vscripts/survival/survival.lua:60-88;338-391;534-622;757-781,derived-from-static-path;excludes-kill-bounty-runes-duels-equalgold
normal,6,9,ordinary,100,2,180.0,240.0,12,1.29,15.0,vscripts/survival/survival.lua:60-88;338-391;534-622;757-781,derived-from-static-path;excludes-kill-bounty-runes-duels-equalgold
normal,6,10,megaboss,0,1,580.0,640.0,18,1.29,30.0,vscripts/survival/survival.lua:60-88;338-391;534-622;757-781,derived-from-static-path;excludes-kill-bounty-runes-duels-equalgold
normal,6,11,ordinary,100,2,180.0,240.0,14,1.29,15.0,vscripts/survival/survival.lua:60-88;338-391;534-622;757-781,derived-from-static-path;excludes-kill-bounty-runes-duels-equalgold
normal,6,12,ordinary,100,2,180.0,240.0,15,1.29,15.0,vscripts/survival/survival.lua:60-88;338-391;534-622;757-781,derived-from-static-path;excludes-kill-bounty-runes-duels-equalgold
normal,6,13,ordinary,100,2,205.0,265.0,16,1.29,15.0,vscripts/survival/survival.lua:60-88;338-391;534-622;757-781,derived-from-static-path;excludes-kill-bounty-runes-duels-equalgold
normal,6,14,ordinary,100,2,230.0,290.0,17,1.29,15.0,vscripts/survival/survival.lua:60-88;338-391;534-622;757-781,derived-from-static-path;excludes-kill-bounty-runes-duels-equalgold
normal,6,15,megaboss,0,1,830.0,890.0,23,1.29,30.0,vscripts/survival/survival.lua:60-88;338-391;534-622;757-781,derived-from-static-path;excludes-kill-bounty-runes-duels-equalgold
normal,6,16,ordinary,100,2,255.0,315.0,19,1.29,15.0,vscripts/survival/survival.lua:60-88;338-391;534-622;757-781,derived-from-static-path;excludes-kill-bounty-runes-duels-equalgold
normal,6,17,ordinary,100,2,255.0,315.0,20,1.29,15.0,vscripts/survival/survival.lua:60-88;338-391;534-622;757-781,derived-from-static-path;excludes-kill-bounty-runes-duels-equalgold
normal,6,18,ordinary,100,2,280.0,340.0,21,1.29,15.0,vscripts/survival/survival.lua:60-88;338-391;534-622;757-781,derived-from-static-path;excludes-kill-bounty-runes-duels-equalgold
normal,6,19,ordinary,100,2,280.0,340.0,22,1.29,15.0,vscripts/survival/survival.lua:60-88;338-391;534-622;757-781,derived-from-static-path;excludes-kill-bounty-runes-duels-equalgold
normal,7,1,ordinary,112,2,126.0,186.0,4,1.32,15.0,vscripts/survival/survival.lua:60-88;338-391;534-622;757-781,derived-from-static-path;excludes-kill-bounty-runes-duels-equalgold
normal,7,2,ordinary,112,2,126.0,186.0,5,1.32,15.0,vscripts/survival/survival.lua:60-88;338-391;534-622;757-781,derived-from-static-path;excludes-kill-bounty-runes-duels-equalgold
normal,7,3,ordinary,112,2,126.0,186.0,6,1.32,15.0,vscripts/survival/survival.lua:60-88;338-391;534-622;757-781,derived-from-static-path;excludes-kill-bounty-runes-duels-equalgold
normal,7,4,ordinary,112,2,126.0,186.0,7,1.32,15.0,vscripts/survival/survival.lua:60-88;338-391;534-622;757-781,derived-from-static-path;excludes-kill-bounty-runes-duels-equalgold
normal,7,5,megaboss,0,1,326.0,386.0,13,1.32,30.0,vscripts/survival/survival.lua:60-88;338-391;534-622;757-781,derived-from-static-path;excludes-kill-bounty-runes-duels-equalgold
normal,7,6,ordinary,112,2,150.0,210.0,9,1.32,15.0,vscripts/survival/survival.lua:60-88;338-391;534-622;757-781,derived-from-static-path;excludes-kill-bounty-runes-duels-equalgold
normal,7,7,ordinary,112,2,150.0,210.0,10,1.32,15.0,vscripts/survival/survival.lua:60-88;338-391;534-622;757-781,derived-from-static-path;excludes-kill-bounty-runes-duels-equalgold
normal,7,8,ordinary,112,2,174.0,234.0,11,1.32,15.0,vscripts/survival/survival.lua:60-88;338-391;534-622;757-781,derived-from-static-path;excludes-kill-bounty-runes-duels-equalgold
normal,7,9,ordinary,112,2,174.0,234.0,12,1.32,15.0,vscripts/survival/survival.lua:60-88;338-391;534-622;757-781,derived-from-static-path;excludes-kill-bounty-runes-duels-equalgold
normal,7,10,megaboss,0,1,574.0,634.0,18,1.32,30.0,vscripts/survival/survival.lua:60-88;338-391;534-622;757-781,derived-from-static-path;excludes-kill-bounty-runes-duels-equalgold
normal,7,11,ordinary,112,2,174.0,234.0,14,1.32,15.0,vscripts/survival/survival.lua:60-88;338-391;534-622;757-781,derived-from-static-path;excludes-kill-bounty-runes-duels-equalgold
normal,7,12,ordinary,112,2,174.0,234.0,15,1.32,15.0,vscripts/survival/survival.lua:60-88;338-391;534-622;757-781,derived-from-static-path;excludes-kill-bounty-runes-duels-equalgold
normal,7,13,ordinary,112,2,198.0,258.0,16,1.32,15.0,vscripts/survival/survival.lua:60-88;338-391;534-622;757-781,derived-from-static-path;excludes-kill-bounty-runes-duels-equalgold
normal,7,14,ordinary,112,2,222.0,282.0,17,1.32,15.0,vscripts/survival/survival.lua:60-88;338-391;534-622;757-781,derived-from-static-path;excludes-kill-bounty-runes-duels-equalgold
normal,7,15,megaboss,0,1,822.0,882.0,23,1.32,30.0,vscripts/survival/survival.lua:60-88;338-391;534-622;757-781,derived-from-static-path;excludes-kill-bounty-runes-duels-equalgold
normal,7,16,ordinary,112,2,246.0,306.0,19,1.32,15.0,vscripts/survival/survival.lua:60-88;338-391;534-622;757-781,derived-from-static-path;excludes-kill-bounty-runes-duels-equalgold
normal,7,17,ordinary,112,2,246.0,306.0,20,1.32,15.0,vscripts/survival/survival.lua:60-88;338-391;534-622;757-781,derived-from-static-path;excludes-kill-bounty-runes-duels-equalgold
normal,7,18,ordinary,112,2,270.0,330.0,21,1.32,15.0,vscripts/survival/survival.lua:60-88;338-391;534-622;757-781,derived-from-static-path;excludes-kill-bounty-runes-duels-equalgold
normal,7,19,ordinary,112,2,270.0,330.0,22,1.32,15.0,vscripts/survival/survival.lua:60-88;338-391;534-622;757-781,derived-from-static-path;excludes-kill-bounty-runes-duels-equalgold
normal,8,1,ordinary,124,2,123.0,183.0,4,1.3,15.0,vscripts/survival/survival.lua:60-88;338-391;534-622;757-781,derived-from-static-path;excludes-kill-bounty-runes-duels-equalgold
normal,8,2,ordinary,124,2,123.0,183.0,5,1.3,15.0,vscripts/survival/survival.lua:60-88;338-391;534-622;757-781,derived-from-static-path;excludes-kill-bounty-runes-duels-equalgold
normal,8,3,ordinary,124,2,123.0,183.0,6,1.3,15.0,vscripts/survival/survival.lua:60-88;338-391;534-622;757-781,derived-from-static-path;excludes-kill-bounty-runes-duels-equalgold
normal,8,4,ordinary,124,2,123.0,183.0,7,1.3,15.0,vscripts/survival/survival.lua:60-88;338-391;534-622;757-781,derived-from-static-path;excludes-kill-bounty-runes-duels-equalgold
normal,8,5,megaboss,0,1,323.0,383.0,13,1.3,30.0,vscripts/survival/survival.lua:60-88;338-391;534-622;757-781,derived-from-static-path;excludes-kill-bounty-runes-duels-equalgold
normal,8,6,ordinary,124,2,146.25,206.25,9,1.3,15.0,vscripts/survival/survival.lua:60-88;338-391;534-622;757-781,derived-from-static-path;excludes-kill-bounty-runes-duels-equalgold
normal,8,7,ordinary,124,2,146.25,206.25,10,1.3,15.0,vscripts/survival/survival.lua:60-88;338-391;534-622;757-781,derived-from-static-path;excludes-kill-bounty-runes-duels-equalgold
normal,8,8,ordinary,124,2,169.5,229.5,11,1.3,15.0,vscripts/survival/survival.lua:60-88;338-391;534-622;757-781,derived-from-static-path;excludes-kill-bounty-runes-duels-equalgold
normal,8,9,ordinary,124,2,169.5,229.5,12,1.3,15.0,vscripts/survival/survival.lua:60-88;338-391;534-622;757-781,derived-from-static-path;excludes-kill-bounty-runes-duels-equalgold
normal,8,10,megaboss,0,1,569.5,629.5,18,1.3,30.0,vscripts/survival/survival.lua:60-88;338-391;534-622;757-781,derived-from-static-path;excludes-kill-bounty-runes-duels-equalgold
normal,8,11,ordinary,124,2,169.5,229.5,14,1.3,15.0,vscripts/survival/survival.lua:60-88;338-391;534-622;757-781,derived-from-static-path;excludes-kill-bounty-runes-duels-equalgold
normal,8,12,ordinary,124,2,169.5,229.5,15,1.3,15.0,vscripts/survival/survival.lua:60-88;338-391;534-622;757-781,derived-from-static-path;excludes-kill-bounty-runes-duels-equalgold
normal,8,13,ordinary,124,2,192.75,252.75,16,1.3,15.0,vscripts/survival/survival.lua:60-88;338-391;534-622;757-781,derived-from-static-path;excludes-kill-bounty-runes-duels-equalgold
normal,8,14,ordinary,124,2,216.0,276.0,17,1.3,15.0,vscripts/survival/survival.lua:60-88;338-391;534-622;757-781,derived-from-static-path;excludes-kill-bounty-runes-duels-equalgold
normal,8,15,megaboss,0,1,816.0,876.0,23,1.3,30.0,vscripts/survival/survival.lua:60-88;338-391;534-622;757-781,derived-from-static-path;excludes-kill-bounty-runes-duels-equalgold
normal,8,16,ordinary,124,2,239.25,299.25,19,1.3,15.0,vscripts/survival/survival.lua:60-88;338-391;534-622;757-781,derived-from-static-path;excludes-kill-bounty-runes-duels-equalgold
normal,8,17,ordinary,124,2,239.25,299.25,20,1.3,15.0,vscripts/survival/survival.lua:60-88;338-391;534-622;757-781,derived-from-static-path;excludes-kill-bounty-runes-duels-equalgold
normal,8,18,ordinary,124,2,262.5,322.5,21,1.3,15.0,vscripts/survival/survival.lua:60-88;338-391;534-622;757-781,derived-from-static-path;excludes-kill-bounty-runes-duels-equalgold
normal,8,19,ordinary,124,2,262.5,322.5,22,1.3,15.0,vscripts/survival/survival.lua:60-88;338-391;534-622;757-781,derived-from-static-path;excludes-kill-bounty-runes-duels-equalgold
light,1,1,ordinary,40,2,462.0,522.0,4,0.95,15.0,vscripts/survival/survival.lua:60-88;338-391;534-622;757-781,derived-from-static-path;excludes-kill-bounty-runes-duels-equalgold
light,1,2,ordinary,40,2,462.0,522.0,5,0.95,15.0,vscripts/survival/survival.lua:60-88;338-391;534-622;757-781,derived-from-static-path;excludes-kill-bounty-runes-duels-equalgold
light,1,3,ordinary,40,2,462.0,522.0,6,0.95,15.0,vscripts/survival/survival.lua:60-88;338-391;534-622;757-781,derived-from-static-path;excludes-kill-bounty-runes-duels-equalgold
light,1,4,ordinary,40,2,462.0,522.0,7,0.95,15.0,vscripts/survival/survival.lua:60-88;338-391;534-622;757-781,derived-from-static-path;excludes-kill-bounty-runes-duels-equalgold
light,1,5,megaboss,0,1,662.0,722.0,13,0.95,30.0,vscripts/survival/survival.lua:60-88;338-391;534-622;757-781,derived-from-static-path;excludes-kill-bounty-runes-duels-equalgold
light,1,6,ordinary,40,2,570.0,630.0,9,0.95,15.0,vscripts/survival/survival.lua:60-88;338-391;534-622;757-781,derived-from-static-path;excludes-kill-bounty-runes-duels-equalgold
light,1,7,ordinary,40,2,570.0,630.0,10,0.95,15.0,vscripts/survival/survival.lua:60-88;338-391;534-622;757-781,derived-from-static-path;excludes-kill-bounty-runes-duels-equalgold
light,1,8,ordinary,40,2,678.0,738.0,11,0.95,15.0,vscripts/survival/survival.lua:60-88;338-391;534-622;757-781,derived-from-static-path;excludes-kill-bounty-runes-duels-equalgold
light,1,9,ordinary,40,2,678.0,738.0,12,0.95,15.0,vscripts/survival/survival.lua:60-88;338-391;534-622;757-781,derived-from-static-path;excludes-kill-bounty-runes-duels-equalgold
light,1,10,megaboss,0,1,1078.0,1138.0,18,0.95,30.0,vscripts/survival/survival.lua:60-88;338-391;534-622;757-781,derived-from-static-path;excludes-kill-bounty-runes-duels-equalgold
light,1,11,ordinary,40,2,678.0,738.0,14,0.95,15.0,vscripts/survival/survival.lua:60-88;338-391;534-622;757-781,derived-from-static-path;excludes-kill-bounty-runes-duels-equalgold
light,1,12,ordinary,40,2,678.0,738.0,15,0.95,15.0,vscripts/survival/survival.lua:60-88;338-391;534-622;757-781,derived-from-static-path;excludes-kill-bounty-runes-duels-equalgold
light,1,13,ordinary,40,2,786.0,846.0,16,0.95,15.0,vscripts/survival/survival.lua:60-88;338-391;534-622;757-781,derived-from-static-path;excludes-kill-bounty-runes-duels-equalgold
light,1,14,ordinary,40,2,894.0,954.0,17,0.95,15.0,vscripts/survival/survival.lua:60-88;338-391;534-622;757-781,derived-from-static-path;excludes-kill-bounty-runes-duels-equalgold
light,1,15,megaboss,0,1,1494.0,1554.0,23,0.95,30.0,vscripts/survival/survival.lua:60-88;338-391;534-622;757-781,derived-from-static-path;excludes-kill-bounty-runes-duels-equalgold
light,1,16,ordinary,40,2,1002.0,1062.0,19,0.95,15.0,vscripts/survival/survival.lua:60-88;338-391;534-622;757-781,derived-from-static-path;excludes-kill-bounty-runes-duels-equalgold
light,1,17,ordinary,40,2,1002.0,1062.0,20,0.95,15.0,vscripts/survival/survival.lua:60-88;338-391;534-622;757-781,derived-from-static-path;excludes-kill-bounty-runes-duels-equalgold
light,1,18,ordinary,40,2,1110.0,1170.0,21,0.95,15.0,vscripts/survival/survival.lua:60-88;338-391;534-622;757-781,derived-from-static-path;excludes-kill-bounty-runes-duels-equalgold
light,1,19,ordinary,40,2,1110.0,1170.0,22,0.95,15.0,vscripts/survival/survival.lua:60-88;338-391;534-622;757-781,derived-from-static-path;excludes-kill-bounty-runes-duels-equalgold
light,2,1,ordinary,52,2,310.8,370.8,4,1.2,15.0,vscripts/survival/survival.lua:60-88;338-391;534-622;757-781,derived-from-static-path;excludes-kill-bounty-runes-duels-equalgold
light,2,2,ordinary,52,2,310.8,370.8,5,1.2,15.0,vscripts/survival/survival.lua:60-88;338-391;534-622;757-781,derived-from-static-path;excludes-kill-bounty-runes-duels-equalgold
light,2,3,ordinary,52,2,310.8,370.8,6,1.2,15.0,vscripts/survival/survival.lua:60-88;338-391;534-622;757-781,derived-from-static-path;excludes-kill-bounty-runes-duels-equalgold
light,2,4,ordinary,52,2,310.8,370.8,7,1.2,15.0,vscripts/survival/survival.lua:60-88;338-391;534-622;757-781,derived-from-static-path;excludes-kill-bounty-runes-duels-equalgold
light,2,5,megaboss,0,1,510.8,570.8,13,1.2,30.0,vscripts/survival/survival.lua:60-88;338-391;534-622;757-781,derived-from-static-path;excludes-kill-bounty-runes-duels-equalgold
light,2,6,ordinary,52,2,381.0,441.0,9,1.2,15.0,vscripts/survival/survival.lua:60-88;338-391;534-622;757-781,derived-from-static-path;excludes-kill-bounty-runes-duels-equalgold
light,2,7,ordinary,52,2,381.0,441.0,10,1.2,15.0,vscripts/survival/survival.lua:60-88;338-391;534-622;757-781,derived-from-static-path;excludes-kill-bounty-runes-duels-equalgold
light,2,8,ordinary,52,2,451.2,511.2,11,1.2,15.0,vscripts/survival/survival.lua:60-88;338-391;534-622;757-781,derived-from-static-path;excludes-kill-bounty-runes-duels-equalgold
light,2,9,ordinary,52,2,451.2,511.2,12,1.2,15.0,vscripts/survival/survival.lua:60-88;338-391;534-622;757-781,derived-from-static-path;excludes-kill-bounty-runes-duels-equalgold
light,2,10,megaboss,0,1,851.2,911.2,18,1.2,30.0,vscripts/survival/survival.lua:60-88;338-391;534-622;757-781,derived-from-static-path;excludes-kill-bounty-runes-duels-equalgold
light,2,11,ordinary,52,2,451.2,511.2,14,1.2,15.0,vscripts/survival/survival.lua:60-88;338-391;534-622;757-781,derived-from-static-path;excludes-kill-bounty-runes-duels-equalgold
light,2,12,ordinary,52,2,451.2,511.2,15,1.2,15.0,vscripts/survival/survival.lua:60-88;338-391;534-622;757-781,derived-from-static-path;excludes-kill-bounty-runes-duels-equalgold
light,2,13,ordinary,52,2,521.4,581.4,16,1.2,15.0,vscripts/survival/survival.lua:60-88;338-391;534-622;757-781,derived-from-static-path;excludes-kill-bounty-runes-duels-equalgold
light,2,14,ordinary,52,2,591.6,651.6,17,1.2,15.0,vscripts/survival/survival.lua:60-88;338-391;534-622;757-781,derived-from-static-path;excludes-kill-bounty-runes-duels-equalgold
light,2,15,megaboss,0,1,1191.6,1251.6,23,1.2,30.0,vscripts/survival/survival.lua:60-88;338-391;534-622;757-781,derived-from-static-path;excludes-kill-bounty-runes-duels-equalgold
light,2,16,ordinary,52,2,661.8,721.8,19,1.2,15.0,vscripts/survival/survival.lua:60-88;338-391;534-622;757-781,derived-from-static-path;excludes-kill-bounty-runes-duels-equalgold
light,2,17,ordinary,52,2,661.8,721.8,20,1.2,15.0,vscripts/survival/survival.lua:60-88;338-391;534-622;757-781,derived-from-static-path;excludes-kill-bounty-runes-duels-equalgold
light,2,18,ordinary,52,2,732.0,792.0,21,1.2,15.0,vscripts/survival/survival.lua:60-88;338-391;534-622;757-781,derived-from-static-path;excludes-kill-bounty-runes-duels-equalgold
light,2,19,ordinary,52,2,732.0,792.0,22,1.2,15.0,vscripts/survival/survival.lua:60-88;338-391;534-622;757-781,derived-from-static-path;excludes-kill-bounty-runes-duels-equalgold
light,3,1,ordinary,64,2,260.4,320.4,4,1.35,15.0,vscripts/survival/survival.lua:60-88;338-391;534-622;757-781,derived-from-static-path;excludes-kill-bounty-runes-duels-equalgold
light,3,2,ordinary,64,2,260.4,320.4,5,1.35,15.0,vscripts/survival/survival.lua:60-88;338-391;534-622;757-781,derived-from-static-path;excludes-kill-bounty-runes-duels-equalgold
light,3,3,ordinary,64,2,260.4,320.4,6,1.35,15.0,vscripts/survival/survival.lua:60-88;338-391;534-622;757-781,derived-from-static-path;excludes-kill-bounty-runes-duels-equalgold
light,3,4,ordinary,64,2,260.4,320.4,7,1.35,15.0,vscripts/survival/survival.lua:60-88;338-391;534-622;757-781,derived-from-static-path;excludes-kill-bounty-runes-duels-equalgold
light,3,5,megaboss,0,1,460.4,520.4,13,1.35,30.0,vscripts/survival/survival.lua:60-88;338-391;534-622;757-781,derived-from-static-path;excludes-kill-bounty-runes-duels-equalgold
light,3,6,ordinary,64,2,318.0,378.0,9,1.35,15.0,vscripts/survival/survival.lua:60-88;338-391;534-622;757-781,derived-from-static-path;excludes-kill-bounty-runes-duels-equalgold
light,3,7,ordinary,64,2,318.0,378.0,10,1.35,15.0,vscripts/survival/survival.lua:60-88;338-391;534-622;757-781,derived-from-static-path;excludes-kill-bounty-runes-duels-equalgold
light,3,8,ordinary,64,2,375.6,435.6,11,1.35,15.0,vscripts/survival/survival.lua:60-88;338-391;534-622;757-781,derived-from-static-path;excludes-kill-bounty-runes-duels-equalgold
light,3,9,ordinary,64,2,375.6,435.6,12,1.35,15.0,vscripts/survival/survival.lua:60-88;338-391;534-622;757-781,derived-from-static-path;excludes-kill-bounty-runes-duels-equalgold
light,3,10,megaboss,0,1,775.6,835.6,18,1.35,30.0,vscripts/survival/survival.lua:60-88;338-391;534-622;757-781,derived-from-static-path;excludes-kill-bounty-runes-duels-equalgold
light,3,11,ordinary,64,2,375.6,435.6,14,1.35,15.0,vscripts/survival/survival.lua:60-88;338-391;534-622;757-781,derived-from-static-path;excludes-kill-bounty-runes-duels-equalgold
light,3,12,ordinary,64,2,375.6,435.6,15,1.35,15.0,vscripts/survival/survival.lua:60-88;338-391;534-622;757-781,derived-from-static-path;excludes-kill-bounty-runes-duels-equalgold
light,3,13,ordinary,64,2,433.2,493.2,16,1.35,15.0,vscripts/survival/survival.lua:60-88;338-391;534-622;757-781,derived-from-static-path;excludes-kill-bounty-runes-duels-equalgold
light,3,14,ordinary,64,2,490.8,550.8,17,1.35,15.0,vscripts/survival/survival.lua:60-88;338-391;534-622;757-781,derived-from-static-path;excludes-kill-bounty-runes-duels-equalgold
light,3,15,megaboss,0,1,1090.8,1150.8,23,1.35,30.0,vscripts/survival/survival.lua:60-88;338-391;534-622;757-781,derived-from-static-path;excludes-kill-bounty-runes-duels-equalgold
light,3,16,ordinary,64,2,548.4,608.4,19,1.35,15.0,vscripts/survival/survival.lua:60-88;338-391;534-622;757-781,derived-from-static-path;excludes-kill-bounty-runes-duels-equalgold
light,3,17,ordinary,64,2,548.4,608.4,20,1.35,15.0,vscripts/survival/survival.lua:60-88;338-391;534-622;757-781,derived-from-static-path;excludes-kill-bounty-runes-duels-equalgold
light,3,18,ordinary,64,2,606.0,666.0,21,1.35,15.0,vscripts/survival/survival.lua:60-88;338-391;534-622;757-781,derived-from-static-path;excludes-kill-bounty-runes-duels-equalgold
light,3,19,ordinary,64,2,606.0,666.0,22,1.35,15.0,vscripts/survival/survival.lua:60-88;338-391;534-622;757-781,derived-from-static-path;excludes-kill-bounty-runes-duels-equalgold
light,4,1,ordinary,76,2,235.2,295.2,4,1.4,15.0,vscripts/survival/survival.lua:60-88;338-391;534-622;757-781,derived-from-static-path;excludes-kill-bounty-runes-duels-equalgold
light,4,2,ordinary,76,2,235.2,295.2,5,1.4,15.0,vscripts/survival/survival.lua:60-88;338-391;534-622;757-781,derived-from-static-path;excludes-kill-bounty-runes-duels-equalgold
light,4,3,ordinary,76,2,235.2,295.2,6,1.4,15.0,vscripts/survival/survival.lua:60-88;338-391;534-622;757-781,derived-from-static-path;excludes-kill-bounty-runes-duels-equalgold
light,4,4,ordinary,76,2,235.2,295.2,7,1.4,15.0,vscripts/survival/survival.lua:60-88;338-391;534-622;757-781,derived-from-static-path;excludes-kill-bounty-runes-duels-equalgold
light,4,5,megaboss,0,1,435.2,495.2,13,1.4,30.0,vscripts/survival/survival.lua:60-88;338-391;534-622;757-781,derived-from-static-path;excludes-kill-bounty-runes-duels-equalgold
light,4,6,ordinary,76,2,286.5,346.5,9,1.4,15.0,vscripts/survival/survival.lua:60-88;338-391;534-622;757-781,derived-from-static-path;excludes-kill-bounty-runes-duels-equalgold
light,4,7,ordinary,76,2,286.5,346.5,10,1.4,15.0,vscripts/survival/survival.lua:60-88;338-391;534-622;757-781,derived-from-static-path;excludes-kill-bounty-runes-duels-equalgold
light,4,8,ordinary,76,2,337.8,397.8,11,1.4,15.0,vscripts/survival/survival.lua:60-88;338-391;534-622;757-781,derived-from-static-path;excludes-kill-bounty-runes-duels-equalgold
light,4,9,ordinary,76,2,337.8,397.8,12,1.4,15.0,vscripts/survival/survival.lua:60-88;338-391;534-622;757-781,derived-from-static-path;excludes-kill-bounty-runes-duels-equalgold
light,4,10,megaboss,0,1,737.8,797.8,18,1.4,30.0,vscripts/survival/survival.lua:60-88;338-391;534-622;757-781,derived-from-static-path;excludes-kill-bounty-runes-duels-equalgold
light,4,11,ordinary,76,2,337.8,397.8,14,1.4,15.0,vscripts/survival/survival.lua:60-88;338-391;534-622;757-781,derived-from-static-path;excludes-kill-bounty-runes-duels-equalgold
light,4,12,ordinary,76,2,337.8,397.8,15,1.4,15.0,vscripts/survival/survival.lua:60-88;338-391;534-622;757-781,derived-from-static-path;excludes-kill-bounty-runes-duels-equalgold
light,4,13,ordinary,76,2,389.1,449.1,16,1.4,15.0,vscripts/survival/survival.lua:60-88;338-391;534-622;757-781,derived-from-static-path;excludes-kill-bounty-runes-duels-equalgold
light,4,14,ordinary,76,2,440.4,500.4,17,1.4,15.0,vscripts/survival/survival.lua:60-88;338-391;534-622;757-781,derived-from-static-path;excludes-kill-bounty-runes-duels-equalgold
light,4,15,megaboss,0,1,1040.4,1100.4,23,1.4,30.0,vscripts/survival/survival.lua:60-88;338-391;534-622;757-781,derived-from-static-path;excludes-kill-bounty-runes-duels-equalgold
light,4,16,ordinary,76,2,491.7,551.7,19,1.4,15.0,vscripts/survival/survival.lua:60-88;338-391;534-622;757-781,derived-from-static-path;excludes-kill-bounty-runes-duels-equalgold
light,4,17,ordinary,76,2,491.7,551.7,20,1.4,15.0,vscripts/survival/survival.lua:60-88;338-391;534-622;757-781,derived-from-static-path;excludes-kill-bounty-runes-duels-equalgold
light,4,18,ordinary,76,2,543.0,603.0,21,1.4,15.0,vscripts/survival/survival.lua:60-88;338-391;534-622;757-781,derived-from-static-path;excludes-kill-bounty-runes-duels-equalgold
light,4,19,ordinary,76,2,543.0,603.0,22,1.4,15.0,vscripts/survival/survival.lua:60-88;338-391;534-622;757-781,derived-from-static-path;excludes-kill-bounty-runes-duels-equalgold
light,5,1,ordinary,88,2,220.08,280.08,4,1.45,15.0,vscripts/survival/survival.lua:60-88;338-391;534-622;757-781,derived-from-static-path;excludes-kill-bounty-runes-duels-equalgold
light,5,2,ordinary,88,2,220.08,280.08,5,1.45,15.0,vscripts/survival/survival.lua:60-88;338-391;534-622;757-781,derived-from-static-path;excludes-kill-bounty-runes-duels-equalgold
light,5,3,ordinary,88,2,220.08,280.08,6,1.45,15.0,vscripts/survival/survival.lua:60-88;338-391;534-622;757-781,derived-from-static-path;excludes-kill-bounty-runes-duels-equalgold
light,5,4,ordinary,88,2,220.08,280.08,7,1.45,15.0,vscripts/survival/survival.lua:60-88;338-391;534-622;757-781,derived-from-static-path;excludes-kill-bounty-runes-duels-equalgold
light,5,5,megaboss,0,1,420.08,480.08,13,1.45,30.0,vscripts/survival/survival.lua:60-88;338-391;534-622;757-781,derived-from-static-path;excludes-kill-bounty-runes-duels-equalgold
light,5,6,ordinary,88,2,267.6,327.6,9,1.45,15.0,vscripts/survival/survival.lua:60-88;338-391;534-622;757-781,derived-from-static-path;excludes-kill-bounty-runes-duels-equalgold
light,5,7,ordinary,88,2,267.6,327.6,10,1.45,15.0,vscripts/survival/survival.lua:60-88;338-391;534-622;757-781,derived-from-static-path;excludes-kill-bounty-runes-duels-equalgold
light,5,8,ordinary,88,2,315.12,375.12,11,1.45,15.0,vscripts/survival/survival.lua:60-88;338-391;534-622;757-781,derived-from-static-path;excludes-kill-bounty-runes-duels-equalgold
light,5,9,ordinary,88,2,315.12,375.12,12,1.45,15.0,vscripts/survival/survival.lua:60-88;338-391;534-622;757-781,derived-from-static-path;excludes-kill-bounty-runes-duels-equalgold
light,5,10,megaboss,0,1,715.12,775.12,18,1.45,30.0,vscripts/survival/survival.lua:60-88;338-391;534-622;757-781,derived-from-static-path;excludes-kill-bounty-runes-duels-equalgold
light,5,11,ordinary,88,2,315.12,375.12,14,1.45,15.0,vscripts/survival/survival.lua:60-88;338-391;534-622;757-781,derived-from-static-path;excludes-kill-bounty-runes-duels-equalgold
light,5,12,ordinary,88,2,315.12,375.12,15,1.45,15.0,vscripts/survival/survival.lua:60-88;338-391;534-622;757-781,derived-from-static-path;excludes-kill-bounty-runes-duels-equalgold
light,5,13,ordinary,88,2,362.64,422.64,16,1.45,15.0,vscripts/survival/survival.lua:60-88;338-391;534-622;757-781,derived-from-static-path;excludes-kill-bounty-runes-duels-equalgold
light,5,14,ordinary,88,2,410.16,470.16,17,1.45,15.0,vscripts/survival/survival.lua:60-88;338-391;534-622;757-781,derived-from-static-path;excludes-kill-bounty-runes-duels-equalgold
light,5,15,megaboss,0,1,1010.16,1070.16,23,1.45,30.0,vscripts/survival/survival.lua:60-88;338-391;534-622;757-781,derived-from-static-path;excludes-kill-bounty-runes-duels-equalgold
light,5,16,ordinary,88,2,457.68,517.68,19,1.45,15.0,vscripts/survival/survival.lua:60-88;338-391;534-622;757-781,derived-from-static-path;excludes-kill-bounty-runes-duels-equalgold
light,5,17,ordinary,88,2,457.68,517.68,20,1.45,15.0,vscripts/survival/survival.lua:60-88;338-391;534-622;757-781,derived-from-static-path;excludes-kill-bounty-runes-duels-equalgold
light,5,18,ordinary,88,2,505.2,565.2,21,1.45,15.0,vscripts/survival/survival.lua:60-88;338-391;534-622;757-781,derived-from-static-path;excludes-kill-bounty-runes-duels-equalgold
light,5,19,ordinary,88,2,505.2,565.2,22,1.45,15.0,vscripts/survival/survival.lua:60-88;338-391;534-622;757-781,derived-from-static-path;excludes-kill-bounty-runes-duels-equalgold
light,6,1,ordinary,100,2,210.0,270.0,4,1.49,15.0,vscripts/survival/survival.lua:60-88;338-391;534-622;757-781,derived-from-static-path;excludes-kill-bounty-runes-duels-equalgold
light,6,2,ordinary,100,2,210.0,270.0,5,1.49,15.0,vscripts/survival/survival.lua:60-88;338-391;534-622;757-781,derived-from-static-path;excludes-kill-bounty-runes-duels-equalgold
light,6,3,ordinary,100,2,210.0,270.0,6,1.49,15.0,vscripts/survival/survival.lua:60-88;338-391;534-622;757-781,derived-from-static-path;excludes-kill-bounty-runes-duels-equalgold
light,6,4,ordinary,100,2,210.0,270.0,7,1.49,15.0,vscripts/survival/survival.lua:60-88;338-391;534-622;757-781,derived-from-static-path;excludes-kill-bounty-runes-duels-equalgold
light,6,5,megaboss,0,1,410.0,470.0,13,1.49,30.0,vscripts/survival/survival.lua:60-88;338-391;534-622;757-781,derived-from-static-path;excludes-kill-bounty-runes-duels-equalgold
light,6,6,ordinary,100,2,255.0,315.0,9,1.49,15.0,vscripts/survival/survival.lua:60-88;338-391;534-622;757-781,derived-from-static-path;excludes-kill-bounty-runes-duels-equalgold
light,6,7,ordinary,100,2,255.0,315.0,10,1.49,15.0,vscripts/survival/survival.lua:60-88;338-391;534-622;757-781,derived-from-static-path;excludes-kill-bounty-runes-duels-equalgold
light,6,8,ordinary,100,2,300.0,360.0,11,1.49,15.0,vscripts/survival/survival.lua:60-88;338-391;534-622;757-781,derived-from-static-path;excludes-kill-bounty-runes-duels-equalgold
light,6,9,ordinary,100,2,300.0,360.0,12,1.49,15.0,vscripts/survival/survival.lua:60-88;338-391;534-622;757-781,derived-from-static-path;excludes-kill-bounty-runes-duels-equalgold
light,6,10,megaboss,0,1,700.0,760.0,18,1.49,30.0,vscripts/survival/survival.lua:60-88;338-391;534-622;757-781,derived-from-static-path;excludes-kill-bounty-runes-duels-equalgold
light,6,11,ordinary,100,2,300.0,360.0,14,1.49,15.0,vscripts/survival/survival.lua:60-88;338-391;534-622;757-781,derived-from-static-path;excludes-kill-bounty-runes-duels-equalgold
light,6,12,ordinary,100,2,300.0,360.0,15,1.49,15.0,vscripts/survival/survival.lua:60-88;338-391;534-622;757-781,derived-from-static-path;excludes-kill-bounty-runes-duels-equalgold
light,6,13,ordinary,100,2,345.0,405.0,16,1.49,15.0,vscripts/survival/survival.lua:60-88;338-391;534-622;757-781,derived-from-static-path;excludes-kill-bounty-runes-duels-equalgold
light,6,14,ordinary,100,2,390.0,450.0,17,1.49,15.0,vscripts/survival/survival.lua:60-88;338-391;534-622;757-781,derived-from-static-path;excludes-kill-bounty-runes-duels-equalgold
light,6,15,megaboss,0,1,990.0,1050.0,23,1.49,30.0,vscripts/survival/survival.lua:60-88;338-391;534-622;757-781,derived-from-static-path;excludes-kill-bounty-runes-duels-equalgold
light,6,16,ordinary,100,2,435.0,495.0,19,1.49,15.0,vscripts/survival/survival.lua:60-88;338-391;534-622;757-781,derived-from-static-path;excludes-kill-bounty-runes-duels-equalgold
light,6,17,ordinary,100,2,435.0,495.0,20,1.49,15.0,vscripts/survival/survival.lua:60-88;338-391;534-622;757-781,derived-from-static-path;excludes-kill-bounty-runes-duels-equalgold
light,6,18,ordinary,100,2,480.0,540.0,21,1.49,15.0,vscripts/survival/survival.lua:60-88;338-391;534-622;757-781,derived-from-static-path;excludes-kill-bounty-runes-duels-equalgold
light,6,19,ordinary,100,2,480.0,540.0,22,1.49,15.0,vscripts/survival/survival.lua:60-88;338-391;534-622;757-781,derived-from-static-path;excludes-kill-bounty-runes-duels-equalgold
light,7,1,ordinary,112,2,202.8,262.8,4,1.52,15.0,vscripts/survival/survival.lua:60-88;338-391;534-622;757-781,derived-from-static-path;excludes-kill-bounty-runes-duels-equalgold
light,7,2,ordinary,112,2,202.8,262.8,5,1.52,15.0,vscripts/survival/survival.lua:60-88;338-391;534-622;757-781,derived-from-static-path;excludes-kill-bounty-runes-duels-equalgold
light,7,3,ordinary,112,2,202.8,262.8,6,1.52,15.0,vscripts/survival/survival.lua:60-88;338-391;534-622;757-781,derived-from-static-path;excludes-kill-bounty-runes-duels-equalgold
light,7,4,ordinary,112,2,202.8,262.8,7,1.52,15.0,vscripts/survival/survival.lua:60-88;338-391;534-622;757-781,derived-from-static-path;excludes-kill-bounty-runes-duels-equalgold
light,7,5,megaboss,0,1,402.8,462.8,13,1.52,30.0,vscripts/survival/survival.lua:60-88;338-391;534-622;757-781,derived-from-static-path;excludes-kill-bounty-runes-duels-equalgold
light,7,6,ordinary,112,2,246.0,306.0,9,1.52,15.0,vscripts/survival/survival.lua:60-88;338-391;534-622;757-781,derived-from-static-path;excludes-kill-bounty-runes-duels-equalgold
light,7,7,ordinary,112,2,246.0,306.0,10,1.52,15.0,vscripts/survival/survival.lua:60-88;338-391;534-622;757-781,derived-from-static-path;excludes-kill-bounty-runes-duels-equalgold
light,7,8,ordinary,112,2,289.2,349.2,11,1.52,15.0,vscripts/survival/survival.lua:60-88;338-391;534-622;757-781,derived-from-static-path;excludes-kill-bounty-runes-duels-equalgold
light,7,9,ordinary,112,2,289.2,349.2,12,1.52,15.0,vscripts/survival/survival.lua:60-88;338-391;534-622;757-781,derived-from-static-path;excludes-kill-bounty-runes-duels-equalgold
light,7,10,megaboss,0,1,689.2,749.2,18,1.52,30.0,vscripts/survival/survival.lua:60-88;338-391;534-622;757-781,derived-from-static-path;excludes-kill-bounty-runes-duels-equalgold
light,7,11,ordinary,112,2,289.2,349.2,14,1.52,15.0,vscripts/survival/survival.lua:60-88;338-391;534-622;757-781,derived-from-static-path;excludes-kill-bounty-runes-duels-equalgold
light,7,12,ordinary,112,2,289.2,349.2,15,1.52,15.0,vscripts/survival/survival.lua:60-88;338-391;534-622;757-781,derived-from-static-path;excludes-kill-bounty-runes-duels-equalgold
light,7,13,ordinary,112,2,332.4,392.4,16,1.52,15.0,vscripts/survival/survival.lua:60-88;338-391;534-622;757-781,derived-from-static-path;excludes-kill-bounty-runes-duels-equalgold
light,7,14,ordinary,112,2,375.6,435.6,17,1.52,15.0,vscripts/survival/survival.lua:60-88;338-391;534-622;757-781,derived-from-static-path;excludes-kill-bounty-runes-duels-equalgold
light,7,15,megaboss,0,1,975.6,1035.6,23,1.52,30.0,vscripts/survival/survival.lua:60-88;338-391;534-622;757-781,derived-from-static-path;excludes-kill-bounty-runes-duels-equalgold
light,7,16,ordinary,112,2,418.8,478.8,19,1.52,15.0,vscripts/survival/survival.lua:60-88;338-391;534-622;757-781,derived-from-static-path;excludes-kill-bounty-runes-duels-equalgold
light,7,17,ordinary,112,2,418.8,478.8,20,1.52,15.0,vscripts/survival/survival.lua:60-88;338-391;534-622;757-781,derived-from-static-path;excludes-kill-bounty-runes-duels-equalgold
light,7,18,ordinary,112,2,462.0,522.0,21,1.52,15.0,vscripts/survival/survival.lua:60-88;338-391;534-622;757-781,derived-from-static-path;excludes-kill-bounty-runes-duels-equalgold
light,7,19,ordinary,112,2,462.0,522.0,22,1.52,15.0,vscripts/survival/survival.lua:60-88;338-391;534-622;757-781,derived-from-static-path;excludes-kill-bounty-runes-duels-equalgold
light,8,1,ordinary,124,2,197.4,257.4,4,1.5,15.0,vscripts/survival/survival.lua:60-88;338-391;534-622;757-781,derived-from-static-path;excludes-kill-bounty-runes-duels-equalgold
light,8,2,ordinary,124,2,197.4,257.4,5,1.5,15.0,vscripts/survival/survival.lua:60-88;338-391;534-622;757-781,derived-from-static-path;excludes-kill-bounty-runes-duels-equalgold
light,8,3,ordinary,124,2,197.4,257.4,6,1.5,15.0,vscripts/survival/survival.lua:60-88;338-391;534-622;757-781,derived-from-static-path;excludes-kill-bounty-runes-duels-equalgold
light,8,4,ordinary,124,2,197.4,257.4,7,1.5,15.0,vscripts/survival/survival.lua:60-88;338-391;534-622;757-781,derived-from-static-path;excludes-kill-bounty-runes-duels-equalgold
light,8,5,megaboss,0,1,397.4,457.4,13,1.5,30.0,vscripts/survival/survival.lua:60-88;338-391;534-622;757-781,derived-from-static-path;excludes-kill-bounty-runes-duels-equalgold
light,8,6,ordinary,124,2,239.25,299.25,9,1.5,15.0,vscripts/survival/survival.lua:60-88;338-391;534-622;757-781,derived-from-static-path;excludes-kill-bounty-runes-duels-equalgold
light,8,7,ordinary,124,2,239.25,299.25,10,1.5,15.0,vscripts/survival/survival.lua:60-88;338-391;534-622;757-781,derived-from-static-path;excludes-kill-bounty-runes-duels-equalgold
light,8,8,ordinary,124,2,281.1,341.1,11,1.5,15.0,vscripts/survival/survival.lua:60-88;338-391;534-622;757-781,derived-from-static-path;excludes-kill-bounty-runes-duels-equalgold
light,8,9,ordinary,124,2,281.1,341.1,12,1.5,15.0,vscripts/survival/survival.lua:60-88;338-391;534-622;757-781,derived-from-static-path;excludes-kill-bounty-runes-duels-equalgold
light,8,10,megaboss,0,1,681.1,741.1,18,1.5,30.0,vscripts/survival/survival.lua:60-88;338-391;534-622;757-781,derived-from-static-path;excludes-kill-bounty-runes-duels-equalgold
light,8,11,ordinary,124,2,281.1,341.1,14,1.5,15.0,vscripts/survival/survival.lua:60-88;338-391;534-622;757-781,derived-from-static-path;excludes-kill-bounty-runes-duels-equalgold
light,8,12,ordinary,124,2,281.1,341.1,15,1.5,15.0,vscripts/survival/survival.lua:60-88;338-391;534-622;757-781,derived-from-static-path;excludes-kill-bounty-runes-duels-equalgold
light,8,13,ordinary,124,2,322.95,382.95,16,1.5,15.0,vscripts/survival/survival.lua:60-88;338-391;534-622;757-781,derived-from-static-path;excludes-kill-bounty-runes-duels-equalgold
light,8,14,ordinary,124,2,364.8,424.8,17,1.5,15.0,vscripts/survival/survival.lua:60-88;338-391;534-622;757-781,derived-from-static-path;excludes-kill-bounty-runes-duels-equalgold
light,8,15,megaboss,0,1,964.8,1024.8,23,1.5,30.0,vscripts/survival/survival.lua:60-88;338-391;534-622;757-781,derived-from-static-path;excludes-kill-bounty-runes-duels-equalgold
light,8,16,ordinary,124,2,406.65,466.65,19,1.5,15.0,vscripts/survival/survival.lua:60-88;338-391;534-622;757-781,derived-from-static-path;excludes-kill-bounty-runes-duels-equalgold
light,8,17,ordinary,124,2,406.65,466.65,20,1.5,15.0,vscripts/survival/survival.lua:60-88;338-391;534-622;757-781,derived-from-static-path;excludes-kill-bounty-runes-duels-equalgold
light,8,18,ordinary,124,2,448.5,508.5,21,1.5,15.0,vscripts/survival/survival.lua:60-88;338-391;534-622;757-781,derived-from-static-path;excludes-kill-bounty-runes-duels-equalgold
light,8,19,ordinary,124,2,448.5,508.5,22,1.5,15.0,vscripts/survival/survival.lua:60-88;338-391;534-622;757-781,derived-from-static-path;excludes-kill-bounty-runes-duels-equalgold
extreme,1,1,ordinary,40,2,198.0,258.0,4,0.45,15.0,vscripts/survival/survival.lua:60-88;338-391;534-622;757-781,derived-from-static-path;excludes-kill-bounty-runes-duels-equalgold
extreme,1,2,ordinary,40,2,198.0,258.0,5,0.45,15.0,vscripts/survival/survival.lua:60-88;338-391;534-622;757-781,derived-from-static-path;excludes-kill-bounty-runes-duels-equalgold
extreme,1,3,ordinary,40,2,198.0,258.0,6,0.45,15.0,vscripts/survival/survival.lua:60-88;338-391;534-622;757-781,derived-from-static-path;excludes-kill-bounty-runes-duels-equalgold
extreme,1,4,ordinary,40,2,198.0,258.0,7,0.45,15.0,vscripts/survival/survival.lua:60-88;338-391;534-622;757-781,derived-from-static-path;excludes-kill-bounty-runes-duels-equalgold
extreme,1,5,megaboss,0,1,398.0,458.0,13,0.45,30.0,vscripts/survival/survival.lua:60-88;338-391;534-622;757-781,derived-from-static-path;excludes-kill-bounty-runes-duels-equalgold
extreme,1,6,ordinary,40,2,240.0,300.0,9,0.45,15.0,vscripts/survival/survival.lua:60-88;338-391;534-622;757-781,derived-from-static-path;excludes-kill-bounty-runes-duels-equalgold
extreme,1,7,ordinary,40,2,240.0,300.0,10,0.45,15.0,vscripts/survival/survival.lua:60-88;338-391;534-622;757-781,derived-from-static-path;excludes-kill-bounty-runes-duels-equalgold
extreme,1,8,ordinary,40,2,282.0,342.0,11,0.45,15.0,vscripts/survival/survival.lua:60-88;338-391;534-622;757-781,derived-from-static-path;excludes-kill-bounty-runes-duels-equalgold
extreme,1,9,ordinary,40,2,282.0,342.0,12,0.45,15.0,vscripts/survival/survival.lua:60-88;338-391;534-622;757-781,derived-from-static-path;excludes-kill-bounty-runes-duels-equalgold
extreme,1,10,megaboss,0,1,682.0,742.0,18,0.45,30.0,vscripts/survival/survival.lua:60-88;338-391;534-622;757-781,derived-from-static-path;excludes-kill-bounty-runes-duels-equalgold
extreme,1,11,ordinary,40,2,282.0,342.0,14,0.45,15.0,vscripts/survival/survival.lua:60-88;338-391;534-622;757-781,derived-from-static-path;excludes-kill-bounty-runes-duels-equalgold
extreme,1,12,ordinary,40,2,282.0,342.0,15,0.45,15.0,vscripts/survival/survival.lua:60-88;338-391;534-622;757-781,derived-from-static-path;excludes-kill-bounty-runes-duels-equalgold
extreme,1,13,ordinary,40,2,324.0,384.0,16,0.45,15.0,vscripts/survival/survival.lua:60-88;338-391;534-622;757-781,derived-from-static-path;excludes-kill-bounty-runes-duels-equalgold
extreme,1,14,ordinary,40,2,366.0,426.0,17,0.45,15.0,vscripts/survival/survival.lua:60-88;338-391;534-622;757-781,derived-from-static-path;excludes-kill-bounty-runes-duels-equalgold
extreme,1,15,megaboss,0,1,966.0,1026.0,23,0.45,30.0,vscripts/survival/survival.lua:60-88;338-391;534-622;757-781,derived-from-static-path;excludes-kill-bounty-runes-duels-equalgold
extreme,1,16,ordinary,40,2,408.0,468.0,19,0.45,15.0,vscripts/survival/survival.lua:60-88;338-391;534-622;757-781,derived-from-static-path;excludes-kill-bounty-runes-duels-equalgold
extreme,1,17,ordinary,40,2,408.0,468.0,20,0.45,15.0,vscripts/survival/survival.lua:60-88;338-391;534-622;757-781,derived-from-static-path;excludes-kill-bounty-runes-duels-equalgold
extreme,1,18,ordinary,40,2,450.0,510.0,21,0.45,15.0,vscripts/survival/survival.lua:60-88;338-391;534-622;757-781,derived-from-static-path;excludes-kill-bounty-runes-duels-equalgold
extreme,1,19,ordinary,40,2,450.0,510.0,22,0.45,15.0,vscripts/survival/survival.lua:60-88;338-391;534-622;757-781,derived-from-static-path;excludes-kill-bounty-runes-duels-equalgold
extreme,2,1,ordinary,52,2,139.2,199.2,4,0.7,15.0,vscripts/survival/survival.lua:60-88;338-391;534-622;757-781,derived-from-static-path;excludes-kill-bounty-runes-duels-equalgold
extreme,2,2,ordinary,52,2,139.2,199.2,5,0.7,15.0,vscripts/survival/survival.lua:60-88;338-391;534-622;757-781,derived-from-static-path;excludes-kill-bounty-runes-duels-equalgold
extreme,2,3,ordinary,52,2,139.2,199.2,6,0.7,15.0,vscripts/survival/survival.lua:60-88;338-391;534-622;757-781,derived-from-static-path;excludes-kill-bounty-runes-duels-equalgold
extreme,2,4,ordinary,52,2,139.2,199.2,7,0.7,15.0,vscripts/survival/survival.lua:60-88;338-391;534-622;757-781,derived-from-static-path;excludes-kill-bounty-runes-duels-equalgold
extreme,2,5,megaboss,0,1,339.2,399.2,13,0.7,30.0,vscripts/survival/survival.lua:60-88;338-391;534-622;757-781,derived-from-static-path;excludes-kill-bounty-runes-duels-equalgold
extreme,2,6,ordinary,52,2,166.5,226.5,9,0.7,15.0,vscripts/survival/survival.lua:60-88;338-391;534-622;757-781,derived-from-static-path;excludes-kill-bounty-runes-duels-equalgold
extreme,2,7,ordinary,52,2,166.5,226.5,10,0.7,15.0,vscripts/survival/survival.lua:60-88;338-391;534-622;757-781,derived-from-static-path;excludes-kill-bounty-runes-duels-equalgold
extreme,2,8,ordinary,52,2,193.8,253.8,11,0.7,15.0,vscripts/survival/survival.lua:60-88;338-391;534-622;757-781,derived-from-static-path;excludes-kill-bounty-runes-duels-equalgold
extreme,2,9,ordinary,52,2,193.8,253.8,12,0.7,15.0,vscripts/survival/survival.lua:60-88;338-391;534-622;757-781,derived-from-static-path;excludes-kill-bounty-runes-duels-equalgold
extreme,2,10,megaboss,0,1,593.8,653.8,18,0.7,30.0,vscripts/survival/survival.lua:60-88;338-391;534-622;757-781,derived-from-static-path;excludes-kill-bounty-runes-duels-equalgold
extreme,2,11,ordinary,52,2,193.8,253.8,14,0.7,15.0,vscripts/survival/survival.lua:60-88;338-391;534-622;757-781,derived-from-static-path;excludes-kill-bounty-runes-duels-equalgold
extreme,2,12,ordinary,52,2,193.8,253.8,15,0.7,15.0,vscripts/survival/survival.lua:60-88;338-391;534-622;757-781,derived-from-static-path;excludes-kill-bounty-runes-duels-equalgold
extreme,2,13,ordinary,52,2,221.1,281.1,16,0.7,15.0,vscripts/survival/survival.lua:60-88;338-391;534-622;757-781,derived-from-static-path;excludes-kill-bounty-runes-duels-equalgold
extreme,2,14,ordinary,52,2,248.4,308.4,17,0.7,15.0,vscripts/survival/survival.lua:60-88;338-391;534-622;757-781,derived-from-static-path;excludes-kill-bounty-runes-duels-equalgold
extreme,2,15,megaboss,0,1,848.4,908.4,23,0.7,30.0,vscripts/survival/survival.lua:60-88;338-391;534-622;757-781,derived-from-static-path;excludes-kill-bounty-runes-duels-equalgold
extreme,2,16,ordinary,52,2,275.7,335.7,19,0.7,15.0,vscripts/survival/survival.lua:60-88;338-391;534-622;757-781,derived-from-static-path;excludes-kill-bounty-runes-duels-equalgold
extreme,2,17,ordinary,52,2,275.7,335.7,20,0.7,15.0,vscripts/survival/survival.lua:60-88;338-391;534-622;757-781,derived-from-static-path;excludes-kill-bounty-runes-duels-equalgold
extreme,2,18,ordinary,52,2,303.0,363.0,21,0.7,15.0,vscripts/survival/survival.lua:60-88;338-391;534-622;757-781,derived-from-static-path;excludes-kill-bounty-runes-duels-equalgold
extreme,2,19,ordinary,52,2,303.0,363.0,22,0.7,15.0,vscripts/survival/survival.lua:60-88;338-391;534-622;757-781,derived-from-static-path;excludes-kill-bounty-runes-duels-equalgold
extreme,3,1,ordinary,64,2,119.6,179.6,4,0.85,15.0,vscripts/survival/survival.lua:60-88;338-391;534-622;757-781,derived-from-static-path;excludes-kill-bounty-runes-duels-equalgold
extreme,3,2,ordinary,64,2,119.6,179.6,5,0.85,15.0,vscripts/survival/survival.lua:60-88;338-391;534-622;757-781,derived-from-static-path;excludes-kill-bounty-runes-duels-equalgold
extreme,3,3,ordinary,64,2,119.6,179.6,6,0.85,15.0,vscripts/survival/survival.lua:60-88;338-391;534-622;757-781,derived-from-static-path;excludes-kill-bounty-runes-duels-equalgold
extreme,3,4,ordinary,64,2,119.6,179.6,7,0.85,15.0,vscripts/survival/survival.lua:60-88;338-391;534-622;757-781,derived-from-static-path;excludes-kill-bounty-runes-duels-equalgold
extreme,3,5,megaboss,0,1,319.6,379.6,13,0.85,30.0,vscripts/survival/survival.lua:60-88;338-391;534-622;757-781,derived-from-static-path;excludes-kill-bounty-runes-duels-equalgold
extreme,3,6,ordinary,64,2,142.0,202.0,9,0.85,15.0,vscripts/survival/survival.lua:60-88;338-391;534-622;757-781,derived-from-static-path;excludes-kill-bounty-runes-duels-equalgold
extreme,3,7,ordinary,64,2,142.0,202.0,10,0.85,15.0,vscripts/survival/survival.lua:60-88;338-391;534-622;757-781,derived-from-static-path;excludes-kill-bounty-runes-duels-equalgold
extreme,3,8,ordinary,64,2,164.4,224.4,11,0.85,15.0,vscripts/survival/survival.lua:60-88;338-391;534-622;757-781,derived-from-static-path;excludes-kill-bounty-runes-duels-equalgold
extreme,3,9,ordinary,64,2,164.4,224.4,12,0.85,15.0,vscripts/survival/survival.lua:60-88;338-391;534-622;757-781,derived-from-static-path;excludes-kill-bounty-runes-duels-equalgold
extreme,3,10,megaboss,0,1,564.4,624.4,18,0.85,30.0,vscripts/survival/survival.lua:60-88;338-391;534-622;757-781,derived-from-static-path;excludes-kill-bounty-runes-duels-equalgold
extreme,3,11,ordinary,64,2,164.4,224.4,14,0.85,15.0,vscripts/survival/survival.lua:60-88;338-391;534-622;757-781,derived-from-static-path;excludes-kill-bounty-runes-duels-equalgold
extreme,3,12,ordinary,64,2,164.4,224.4,15,0.85,15.0,vscripts/survival/survival.lua:60-88;338-391;534-622;757-781,derived-from-static-path;excludes-kill-bounty-runes-duels-equalgold
extreme,3,13,ordinary,64,2,186.8,246.8,16,0.85,15.0,vscripts/survival/survival.lua:60-88;338-391;534-622;757-781,derived-from-static-path;excludes-kill-bounty-runes-duels-equalgold
extreme,3,14,ordinary,64,2,209.2,269.2,17,0.85,15.0,vscripts/survival/survival.lua:60-88;338-391;534-622;757-781,derived-from-static-path;excludes-kill-bounty-runes-duels-equalgold
extreme,3,15,megaboss,0,1,809.2,869.2,23,0.85,30.0,vscripts/survival/survival.lua:60-88;338-391;534-622;757-781,derived-from-static-path;excludes-kill-bounty-runes-duels-equalgold
extreme,3,16,ordinary,64,2,231.6,291.6,19,0.85,15.0,vscripts/survival/survival.lua:60-88;338-391;534-622;757-781,derived-from-static-path;excludes-kill-bounty-runes-duels-equalgold
extreme,3,17,ordinary,64,2,231.6,291.6,20,0.85,15.0,vscripts/survival/survival.lua:60-88;338-391;534-622;757-781,derived-from-static-path;excludes-kill-bounty-runes-duels-equalgold
extreme,3,18,ordinary,64,2,254.0,314.0,21,0.85,15.0,vscripts/survival/survival.lua:60-88;338-391;534-622;757-781,derived-from-static-path;excludes-kill-bounty-runes-duels-equalgold
extreme,3,19,ordinary,64,2,254.0,314.0,22,0.85,15.0,vscripts/survival/survival.lua:60-88;338-391;534-622;757-781,derived-from-static-path;excludes-kill-bounty-runes-duels-equalgold
extreme,4,1,ordinary,76,2,109.8,169.8,4,0.9,15.0,vscripts/survival/survival.lua:60-88;338-391;534-622;757-781,derived-from-static-path;excludes-kill-bounty-runes-duels-equalgold
extreme,4,2,ordinary,76,2,109.8,169.8,5,0.9,15.0,vscripts/survival/survival.lua:60-88;338-391;534-622;757-781,derived-from-static-path;excludes-kill-bounty-runes-duels-equalgold
extreme,4,3,ordinary,76,2,109.8,169.8,6,0.9,15.0,vscripts/survival/survival.lua:60-88;338-391;534-622;757-781,derived-from-static-path;excludes-kill-bounty-runes-duels-equalgold
extreme,4,4,ordinary,76,2,109.8,169.8,7,0.9,15.0,vscripts/survival/survival.lua:60-88;338-391;534-622;757-781,derived-from-static-path;excludes-kill-bounty-runes-duels-equalgold
extreme,4,5,megaboss,0,1,309.8,369.8,13,0.9,30.0,vscripts/survival/survival.lua:60-88;338-391;534-622;757-781,derived-from-static-path;excludes-kill-bounty-runes-duels-equalgold
extreme,4,6,ordinary,76,2,129.75,189.75,9,0.9,15.0,vscripts/survival/survival.lua:60-88;338-391;534-622;757-781,derived-from-static-path;excludes-kill-bounty-runes-duels-equalgold
extreme,4,7,ordinary,76,2,129.75,189.75,10,0.9,15.0,vscripts/survival/survival.lua:60-88;338-391;534-622;757-781,derived-from-static-path;excludes-kill-bounty-runes-duels-equalgold
extreme,4,8,ordinary,76,2,149.7,209.7,11,0.9,15.0,vscripts/survival/survival.lua:60-88;338-391;534-622;757-781,derived-from-static-path;excludes-kill-bounty-runes-duels-equalgold
extreme,4,9,ordinary,76,2,149.7,209.7,12,0.9,15.0,vscripts/survival/survival.lua:60-88;338-391;534-622;757-781,derived-from-static-path;excludes-kill-bounty-runes-duels-equalgold
extreme,4,10,megaboss,0,1,549.7,609.7,18,0.9,30.0,vscripts/survival/survival.lua:60-88;338-391;534-622;757-781,derived-from-static-path;excludes-kill-bounty-runes-duels-equalgold
extreme,4,11,ordinary,76,2,149.7,209.7,14,0.9,15.0,vscripts/survival/survival.lua:60-88;338-391;534-622;757-781,derived-from-static-path;excludes-kill-bounty-runes-duels-equalgold
extreme,4,12,ordinary,76,2,149.7,209.7,15,0.9,15.0,vscripts/survival/survival.lua:60-88;338-391;534-622;757-781,derived-from-static-path;excludes-kill-bounty-runes-duels-equalgold
extreme,4,13,ordinary,76,2,169.65,229.65,16,0.9,15.0,vscripts/survival/survival.lua:60-88;338-391;534-622;757-781,derived-from-static-path;excludes-kill-bounty-runes-duels-equalgold
extreme,4,14,ordinary,76,2,189.6,249.6,17,0.9,15.0,vscripts/survival/survival.lua:60-88;338-391;534-622;757-781,derived-from-static-path;excludes-kill-bounty-runes-duels-equalgold
extreme,4,15,megaboss,0,1,789.6,849.6,23,0.9,30.0,vscripts/survival/survival.lua:60-88;338-391;534-622;757-781,derived-from-static-path;excludes-kill-bounty-runes-duels-equalgold
extreme,4,16,ordinary,76,2,209.55,269.55,19,0.9,15.0,vscripts/survival/survival.lua:60-88;338-391;534-622;757-781,derived-from-static-path;excludes-kill-bounty-runes-duels-equalgold
extreme,4,17,ordinary,76,2,209.55,269.55,20,0.9,15.0,vscripts/survival/survival.lua:60-88;338-391;534-622;757-781,derived-from-static-path;excludes-kill-bounty-runes-duels-equalgold
extreme,4,18,ordinary,76,2,229.5,289.5,21,0.9,15.0,vscripts/survival/survival.lua:60-88;338-391;534-622;757-781,derived-from-static-path;excludes-kill-bounty-runes-duels-equalgold
extreme,4,19,ordinary,76,2,229.5,289.5,22,0.9,15.0,vscripts/survival/survival.lua:60-88;338-391;534-622;757-781,derived-from-static-path;excludes-kill-bounty-runes-duels-equalgold
extreme,5,1,ordinary,88,2,103.92,163.92,4,0.95,15.0,vscripts/survival/survival.lua:60-88;338-391;534-622;757-781,derived-from-static-path;excludes-kill-bounty-runes-duels-equalgold
extreme,5,2,ordinary,88,2,103.92,163.92,5,0.95,15.0,vscripts/survival/survival.lua:60-88;338-391;534-622;757-781,derived-from-static-path;excludes-kill-bounty-runes-duels-equalgold
extreme,5,3,ordinary,88,2,103.92,163.92,6,0.95,15.0,vscripts/survival/survival.lua:60-88;338-391;534-622;757-781,derived-from-static-path;excludes-kill-bounty-runes-duels-equalgold
extreme,5,4,ordinary,88,2,103.92,163.92,7,0.95,15.0,vscripts/survival/survival.lua:60-88;338-391;534-622;757-781,derived-from-static-path;excludes-kill-bounty-runes-duels-equalgold
extreme,5,5,megaboss,0,1,303.92,363.92,13,0.95,30.0,vscripts/survival/survival.lua:60-88;338-391;534-622;757-781,derived-from-static-path;excludes-kill-bounty-runes-duels-equalgold
extreme,5,6,ordinary,88,2,122.4,182.4,9,0.95,15.0,vscripts/survival/survival.lua:60-88;338-391;534-622;757-781,derived-from-static-path;excludes-kill-bounty-runes-duels-equalgold
extreme,5,7,ordinary,88,2,122.4,182.4,10,0.95,15.0,vscripts/survival/survival.lua:60-88;338-391;534-622;757-781,derived-from-static-path;excludes-kill-bounty-runes-duels-equalgold
extreme,5,8,ordinary,88,2,140.88,200.88,11,0.95,15.0,vscripts/survival/survival.lua:60-88;338-391;534-622;757-781,derived-from-static-path;excludes-kill-bounty-runes-duels-equalgold
extreme,5,9,ordinary,88,2,140.88,200.88,12,0.95,15.0,vscripts/survival/survival.lua:60-88;338-391;534-622;757-781,derived-from-static-path;excludes-kill-bounty-runes-duels-equalgold
extreme,5,10,megaboss,0,1,540.88,600.88,18,0.95,30.0,vscripts/survival/survival.lua:60-88;338-391;534-622;757-781,derived-from-static-path;excludes-kill-bounty-runes-duels-equalgold
extreme,5,11,ordinary,88,2,140.88,200.88,14,0.95,15.0,vscripts/survival/survival.lua:60-88;338-391;534-622;757-781,derived-from-static-path;excludes-kill-bounty-runes-duels-equalgold
extreme,5,12,ordinary,88,2,140.88,200.88,15,0.95,15.0,vscripts/survival/survival.lua:60-88;338-391;534-622;757-781,derived-from-static-path;excludes-kill-bounty-runes-duels-equalgold
extreme,5,13,ordinary,88,2,159.36,219.36,16,0.95,15.0,vscripts/survival/survival.lua:60-88;338-391;534-622;757-781,derived-from-static-path;excludes-kill-bounty-runes-duels-equalgold
extreme,5,14,ordinary,88,2,177.84,237.84,17,0.95,15.0,vscripts/survival/survival.lua:60-88;338-391;534-622;757-781,derived-from-static-path;excludes-kill-bounty-runes-duels-equalgold
extreme,5,15,megaboss,0,1,777.84,837.84,23,0.95,30.0,vscripts/survival/survival.lua:60-88;338-391;534-622;757-781,derived-from-static-path;excludes-kill-bounty-runes-duels-equalgold
extreme,5,16,ordinary,88,2,196.32,256.32,19,0.95,15.0,vscripts/survival/survival.lua:60-88;338-391;534-622;757-781,derived-from-static-path;excludes-kill-bounty-runes-duels-equalgold
extreme,5,17,ordinary,88,2,196.32,256.32,20,0.95,15.0,vscripts/survival/survival.lua:60-88;338-391;534-622;757-781,derived-from-static-path;excludes-kill-bounty-runes-duels-equalgold
extreme,5,18,ordinary,88,2,214.8,274.8,21,0.95,15.0,vscripts/survival/survival.lua:60-88;338-391;534-622;757-781,derived-from-static-path;excludes-kill-bounty-runes-duels-equalgold
extreme,5,19,ordinary,88,2,214.8,274.8,22,0.95,15.0,vscripts/survival/survival.lua:60-88;338-391;534-622;757-781,derived-from-static-path;excludes-kill-bounty-runes-duels-equalgold
extreme,6,1,ordinary,100,2,100.0,160.0,4,0.99,15.0,vscripts/survival/survival.lua:60-88;338-391;534-622;757-781,derived-from-static-path;excludes-kill-bounty-runes-duels-equalgold
extreme,6,2,ordinary,100,2,100.0,160.0,5,0.99,15.0,vscripts/survival/survival.lua:60-88;338-391;534-622;757-781,derived-from-static-path;excludes-kill-bounty-runes-duels-equalgold
extreme,6,3,ordinary,100,2,100.0,160.0,6,0.99,15.0,vscripts/survival/survival.lua:60-88;338-391;534-622;757-781,derived-from-static-path;excludes-kill-bounty-runes-duels-equalgold
extreme,6,4,ordinary,100,2,100.0,160.0,7,0.99,15.0,vscripts/survival/survival.lua:60-88;338-391;534-622;757-781,derived-from-static-path;excludes-kill-bounty-runes-duels-equalgold
extreme,6,5,megaboss,0,1,300.0,360.0,13,0.99,30.0,vscripts/survival/survival.lua:60-88;338-391;534-622;757-781,derived-from-static-path;excludes-kill-bounty-runes-duels-equalgold
extreme,6,6,ordinary,100,2,117.5,177.5,9,0.99,15.0,vscripts/survival/survival.lua:60-88;338-391;534-622;757-781,derived-from-static-path;excludes-kill-bounty-runes-duels-equalgold
extreme,6,7,ordinary,100,2,117.5,177.5,10,0.99,15.0,vscripts/survival/survival.lua:60-88;338-391;534-622;757-781,derived-from-static-path;excludes-kill-bounty-runes-duels-equalgold
extreme,6,8,ordinary,100,2,135.0,195.0,11,0.99,15.0,vscripts/survival/survival.lua:60-88;338-391;534-622;757-781,derived-from-static-path;excludes-kill-bounty-runes-duels-equalgold
extreme,6,9,ordinary,100,2,135.0,195.0,12,0.99,15.0,vscripts/survival/survival.lua:60-88;338-391;534-622;757-781,derived-from-static-path;excludes-kill-bounty-runes-duels-equalgold
extreme,6,10,megaboss,0,1,535.0,595.0,18,0.99,30.0,vscripts/survival/survival.lua:60-88;338-391;534-622;757-781,derived-from-static-path;excludes-kill-bounty-runes-duels-equalgold
extreme,6,11,ordinary,100,2,135.0,195.0,14,0.99,15.0,vscripts/survival/survival.lua:60-88;338-391;534-622;757-781,derived-from-static-path;excludes-kill-bounty-runes-duels-equalgold
extreme,6,12,ordinary,100,2,135.0,195.0,15,0.99,15.0,vscripts/survival/survival.lua:60-88;338-391;534-622;757-781,derived-from-static-path;excludes-kill-bounty-runes-duels-equalgold
extreme,6,13,ordinary,100,2,152.5,212.5,16,0.99,15.0,vscripts/survival/survival.lua:60-88;338-391;534-622;757-781,derived-from-static-path;excludes-kill-bounty-runes-duels-equalgold
extreme,6,14,ordinary,100,2,170.0,230.0,17,0.99,15.0,vscripts/survival/survival.lua:60-88;338-391;534-622;757-781,derived-from-static-path;excludes-kill-bounty-runes-duels-equalgold
extreme,6,15,megaboss,0,1,770.0,830.0,23,0.99,30.0,vscripts/survival/survival.lua:60-88;338-391;534-622;757-781,derived-from-static-path;excludes-kill-bounty-runes-duels-equalgold
extreme,6,16,ordinary,100,2,187.5,247.5,19,0.99,15.0,vscripts/survival/survival.lua:60-88;338-391;534-622;757-781,derived-from-static-path;excludes-kill-bounty-runes-duels-equalgold
extreme,6,17,ordinary,100,2,187.5,247.5,20,0.99,15.0,vscripts/survival/survival.lua:60-88;338-391;534-622;757-781,derived-from-static-path;excludes-kill-bounty-runes-duels-equalgold
extreme,6,18,ordinary,100,2,205.0,265.0,21,0.99,15.0,vscripts/survival/survival.lua:60-88;338-391;534-622;757-781,derived-from-static-path;excludes-kill-bounty-runes-duels-equalgold
extreme,6,19,ordinary,100,2,205.0,265.0,22,0.99,15.0,vscripts/survival/survival.lua:60-88;338-391;534-622;757-781,derived-from-static-path;excludes-kill-bounty-runes-duels-equalgold
extreme,7,1,ordinary,112,2,97.2,157.2,4,1.02,15.0,vscripts/survival/survival.lua:60-88;338-391;534-622;757-781,derived-from-static-path;excludes-kill-bounty-runes-duels-equalgold
extreme,7,2,ordinary,112,2,97.2,157.2,5,1.02,15.0,vscripts/survival/survival.lua:60-88;338-391;534-622;757-781,derived-from-static-path;excludes-kill-bounty-runes-duels-equalgold
extreme,7,3,ordinary,112,2,97.2,157.2,6,1.02,15.0,vscripts/survival/survival.lua:60-88;338-391;534-622;757-781,derived-from-static-path;excludes-kill-bounty-runes-duels-equalgold
extreme,7,4,ordinary,112,2,97.2,157.2,7,1.02,15.0,vscripts/survival/survival.lua:60-88;338-391;534-622;757-781,derived-from-static-path;excludes-kill-bounty-runes-duels-equalgold
extreme,7,5,megaboss,0,1,297.2,357.2,13,1.02,30.0,vscripts/survival/survival.lua:60-88;338-391;534-622;757-781,derived-from-static-path;excludes-kill-bounty-runes-duels-equalgold
extreme,7,6,ordinary,112,2,114.0,174.0,9,1.02,15.0,vscripts/survival/survival.lua:60-88;338-391;534-622;757-781,derived-from-static-path;excludes-kill-bounty-runes-duels-equalgold
extreme,7,7,ordinary,112,2,114.0,174.0,10,1.02,15.0,vscripts/survival/survival.lua:60-88;338-391;534-622;757-781,derived-from-static-path;excludes-kill-bounty-runes-duels-equalgold
extreme,7,8,ordinary,112,2,130.8,190.8,11,1.02,15.0,vscripts/survival/survival.lua:60-88;338-391;534-622;757-781,derived-from-static-path;excludes-kill-bounty-runes-duels-equalgold
extreme,7,9,ordinary,112,2,130.8,190.8,12,1.02,15.0,vscripts/survival/survival.lua:60-88;338-391;534-622;757-781,derived-from-static-path;excludes-kill-bounty-runes-duels-equalgold
extreme,7,10,megaboss,0,1,530.8,590.8,18,1.02,30.0,vscripts/survival/survival.lua:60-88;338-391;534-622;757-781,derived-from-static-path;excludes-kill-bounty-runes-duels-equalgold
extreme,7,11,ordinary,112,2,130.8,190.8,14,1.02,15.0,vscripts/survival/survival.lua:60-88;338-391;534-622;757-781,derived-from-static-path;excludes-kill-bounty-runes-duels-equalgold
extreme,7,12,ordinary,112,2,130.8,190.8,15,1.02,15.0,vscripts/survival/survival.lua:60-88;338-391;534-622;757-781,derived-from-static-path;excludes-kill-bounty-runes-duels-equalgold
extreme,7,13,ordinary,112,2,147.6,207.6,16,1.02,15.0,vscripts/survival/survival.lua:60-88;338-391;534-622;757-781,derived-from-static-path;excludes-kill-bounty-runes-duels-equalgold
extreme,7,14,ordinary,112,2,164.4,224.4,17,1.02,15.0,vscripts/survival/survival.lua:60-88;338-391;534-622;757-781,derived-from-static-path;excludes-kill-bounty-runes-duels-equalgold
extreme,7,15,megaboss,0,1,764.4,824.4,23,1.02,30.0,vscripts/survival/survival.lua:60-88;338-391;534-622;757-781,derived-from-static-path;excludes-kill-bounty-runes-duels-equalgold
extreme,7,16,ordinary,112,2,181.2,241.2,19,1.02,15.0,vscripts/survival/survival.lua:60-88;338-391;534-622;757-781,derived-from-static-path;excludes-kill-bounty-runes-duels-equalgold
extreme,7,17,ordinary,112,2,181.2,241.2,20,1.02,15.0,vscripts/survival/survival.lua:60-88;338-391;534-622;757-781,derived-from-static-path;excludes-kill-bounty-runes-duels-equalgold
extreme,7,18,ordinary,112,2,198.0,258.0,21,1.02,15.0,vscripts/survival/survival.lua:60-88;338-391;534-622;757-781,derived-from-static-path;excludes-kill-bounty-runes-duels-equalgold
extreme,7,19,ordinary,112,2,198.0,258.0,22,1.02,15.0,vscripts/survival/survival.lua:60-88;338-391;534-622;757-781,derived-from-static-path;excludes-kill-bounty-runes-duels-equalgold
extreme,8,1,ordinary,124,2,95.1,155.1,4,1.0,15.0,vscripts/survival/survival.lua:60-88;338-391;534-622;757-781,derived-from-static-path;excludes-kill-bounty-runes-duels-equalgold
extreme,8,2,ordinary,124,2,95.1,155.1,5,1.0,15.0,vscripts/survival/survival.lua:60-88;338-391;534-622;757-781,derived-from-static-path;excludes-kill-bounty-runes-duels-equalgold
extreme,8,3,ordinary,124,2,95.1,155.1,6,1.0,15.0,vscripts/survival/survival.lua:60-88;338-391;534-622;757-781,derived-from-static-path;excludes-kill-bounty-runes-duels-equalgold
extreme,8,4,ordinary,124,2,95.1,155.1,7,1.0,15.0,vscripts/survival/survival.lua:60-88;338-391;534-622;757-781,derived-from-static-path;excludes-kill-bounty-runes-duels-equalgold
extreme,8,5,megaboss,0,1,295.1,355.1,13,1.0,30.0,vscripts/survival/survival.lua:60-88;338-391;534-622;757-781,derived-from-static-path;excludes-kill-bounty-runes-duels-equalgold
extreme,8,6,ordinary,124,2,111.375,171.375,9,1.0,15.0,vscripts/survival/survival.lua:60-88;338-391;534-622;757-781,derived-from-static-path;excludes-kill-bounty-runes-duels-equalgold
extreme,8,7,ordinary,124,2,111.375,171.375,10,1.0,15.0,vscripts/survival/survival.lua:60-88;338-391;534-622;757-781,derived-from-static-path;excludes-kill-bounty-runes-duels-equalgold
extreme,8,8,ordinary,124,2,127.65,187.65,11,1.0,15.0,vscripts/survival/survival.lua:60-88;338-391;534-622;757-781,derived-from-static-path;excludes-kill-bounty-runes-duels-equalgold
extreme,8,9,ordinary,124,2,127.65,187.65,12,1.0,15.0,vscripts/survival/survival.lua:60-88;338-391;534-622;757-781,derived-from-static-path;excludes-kill-bounty-runes-duels-equalgold
extreme,8,10,megaboss,0,1,527.65,587.65,18,1.0,30.0,vscripts/survival/survival.lua:60-88;338-391;534-622;757-781,derived-from-static-path;excludes-kill-bounty-runes-duels-equalgold
extreme,8,11,ordinary,124,2,127.65,187.65,14,1.0,15.0,vscripts/survival/survival.lua:60-88;338-391;534-622;757-781,derived-from-static-path;excludes-kill-bounty-runes-duels-equalgold
extreme,8,12,ordinary,124,2,127.65,187.65,15,1.0,15.0,vscripts/survival/survival.lua:60-88;338-391;534-622;757-781,derived-from-static-path;excludes-kill-bounty-runes-duels-equalgold
extreme,8,13,ordinary,124,2,143.925,203.925,16,1.0,15.0,vscripts/survival/survival.lua:60-88;338-391;534-622;757-781,derived-from-static-path;excludes-kill-bounty-runes-duels-equalgold
extreme,8,14,ordinary,124,2,160.2,220.2,17,1.0,15.0,vscripts/survival/survival.lua:60-88;338-391;534-622;757-781,derived-from-static-path;excludes-kill-bounty-runes-duels-equalgold
extreme,8,15,megaboss,0,1,760.2,820.2,23,1.0,30.0,vscripts/survival/survival.lua:60-88;338-391;534-622;757-781,derived-from-static-path;excludes-kill-bounty-runes-duels-equalgold
extreme,8,16,ordinary,124,2,176.475,236.475,19,1.0,15.0,vscripts/survival/survival.lua:60-88;338-391;534-622;757-781,derived-from-static-path;excludes-kill-bounty-runes-duels-equalgold
extreme,8,17,ordinary,124,2,176.475,236.475,20,1.0,15.0,vscripts/survival/survival.lua:60-88;338-391;534-622;757-781,derived-from-static-path;excludes-kill-bounty-runes-duels-equalgold
extreme,8,18,ordinary,124,2,192.75,252.75,21,1.0,15.0,vscripts/survival/survival.lua:60-88;338-391;534-622;757-781,derived-from-static-path;excludes-kill-bounty-runes-duels-equalgold
extreme,8,19,ordinary,124,2,192.75,252.75,22,1.0,15.0,vscripts/survival/survival.lua:60-88;338-391;534-622;757-781,derived-from-static-path;excludes-kill-bounty-runes-duels-equalgold
