level,xp_table_cumulative_value,modifier_bonus_each_attribute,source,evidence
1,0,0,vscripts/LiA_GameMode.lua:56-62;heroes/modifier_attribute_bonus_custom.lua:29-59,declaration-and-derived;engine-level-threshold-semantics-not-runtime-tested
2,200,0,vscripts/LiA_GameMode.lua:56-62;heroes/modifier_attribute_bonus_custom.lua:29-59,declaration-and-derived;engine-level-threshold-semantics-not-runtime-tested
3,500,0,vscripts/LiA_GameMode.lua:56-62;heroes/modifier_attribute_bonus_custom.lua:29-59,declaration-and-derived;engine-level-threshold-semantics-not-runtime-tested
4,900,0,vscripts/LiA_GameMode.lua:56-62;heroes/modifier_attribute_bonus_custom.lua:29-59,declaration-and-derived;engine-level-threshold-semantics-not-runtime-tested
5,1400,0,vscripts/LiA_GameMode.lua:56-62;heroes/modifier_attribute_bonus_custom.lua:29-59,declaration-and-derived;engine-level-threshold-semantics-not-runtime-tested
6,2000,0,vscripts/LiA_GameMode.lua:56-62;heroes/modifier_attribute_bonus_custom.lua:29-59,declaration-and-derived;engine-level-threshold-semantics-not-runtime-tested
7,2700,0,vscripts/LiA_GameMode.lua:56-62;heroes/modifier_attribute_bonus_custom.lua:29-59,declaration-and-derived;engine-level-threshold-semantics-not-runtime-tested
8,3500,0,vscripts/LiA_GameMode.lua:56-62;heroes/modifier_attribute_bonus_custom.lua:29-59,declaration-and-derived;engine-level-threshold-semantics-not-runtime-tested
9,4400,0,vscripts/LiA_GameMode.lua:56-62;heroes/modifier_attribute_bonus_custom.lua:29-59,declaration-and-derived;engine-level-threshold-semantics-not-runtime-tested
10,5400,0,vscripts/LiA_GameMode.lua:56-62;heroes/modifier_attribute_bonus_custom.lua:29-59,declaration-and-derived;engine-level-threshold-semantics-not-runtime-tested
11,6500,0,vscripts/LiA_GameMode.lua:56-62;heroes/modifier_attribute_bonus_custom.lua:29-59,declaration-and-derived;engine-level-threshold-semantics-not-runtime-tested
12,7700,3,vscripts/LiA_GameMode.lua:56-62;heroes/modifier_attribute_bonus_custom.lua:29-59,declaration-and-derived;engine-level-threshold-semantics-not-runtime-tested
13,9000,3,vscripts/LiA_GameMode.lua:56-62;heroes/modifier_attribute_bonus_custom.lua:29-59,declaration-and-derived;engine-level-threshold-semantics-not-runtime-tested
14,10400,6,vscripts/LiA_GameMode.lua:56-62;heroes/modifier_attribute_bonus_custom.lua:29-59,declaration-and-derived;engine-level-threshold-semantics-not-runtime-tested
15,11900,9,vscripts/LiA_GameMode.lua:56-62;heroes/modifier_attribute_bonus_custom.lua:29-59,declaration-and-derived;engine-level-threshold-semantics-not-runtime-tested
16,13500,12,vscripts/LiA_GameMode.lua:56-62;heroes/modifier_attribute_bonus_custom.lua:29-59,declaration-and-derived;engine-level-threshold-semantics-not-runtime-tested
17,15200,15,vscripts/LiA_GameMode.lua:56-62;heroes/modifier_attribute_bonus_custom.lua:29-59,declaration-and-derived;engine-level-threshold-semantics-not-runtime-tested
18,17000,18,vscripts/LiA_GameMode.lua:56-62;heroes/modifier_attribute_bonus_custom.lua:29-59,declaration-and-derived;engine-level-threshold-semantics-not-runtime-tested
19,18900,21,vscripts/LiA_GameMode.lua:56-62;heroes/modifier_attribute_bonus_custom.lua:29-59,declaration-and-derived;engine-level-threshold-semantics-not-runtime-tested
20,20900,24,vscripts/LiA_GameMode.lua:56-62;heroes/modifier_attribute_bonus_custom.lua:29-59,declaration-and-derived;engine-level-threshold-semantics-not-runtime-tested
21,23000,27,vscripts/LiA_GameMode.lua:56-62;heroes/modifier_attribute_bonus_custom.lua:29-59,declaration-and-derived;engine-level-threshold-semantics-not-runtime-tested
22,25200,30,vscripts/LiA_GameMode.lua:56-62;heroes/modifier_attribute_bonus_custom.lua:29-59,declaration-and-derived;engine-level-threshold-semantics-not-runtime-tested
23,27500,33,vscripts/LiA_GameMode.lua:56-62;heroes/modifier_attribute_bonus_custom.lua:29-59,declaration-and-derived;engine-level-threshold-semantics-not-runtime-tested
24,29900,36,vscripts/LiA_GameMode.lua:56-62;heroes/modifier_attribute_bonus_custom.lua:29-59,declaration-and-derived;engine-level-threshold-semantics-not-runtime-tested
25,32400,39,vscripts/LiA_GameMode.lua:56-62;heroes/modifier_attribute_bonus_custom.lua:29-59,declaration-and-derived;engine-level-threshold-semantics-not-runtime-tested
26,35000,42,vscripts/LiA_GameMode.lua:56-62;heroes/modifier_attribute_bonus_custom.lua:29-59,declaration-and-derived;engine-level-threshold-semantics-not-runtime-tested
27,37700,45,vscripts/LiA_GameMode.lua:56-62;heroes/modifier_attribute_bonus_custom.lua:29-59,declaration-and-derived;engine-level-threshold-semantics-not-runtime-tested
28,40500,48,vscripts/LiA_GameMode.lua:56-62;heroes/modifier_attribute_bonus_custom.lua:29-59,declaration-and-derived;engine-level-threshold-semantics-not-runtime-tested
29,43400,51,vscripts/LiA_GameMode.lua:56-62;heroes/modifier_attribute_bonus_custom.lua:29-59,declaration-and-derived;engine-level-threshold-semantics-not-runtime-tested
30,46400,54,vscripts/LiA_GameMode.lua:56-62;heroes/modifier_attribute_bonus_custom.lua:29-59,declaration-and-derived;engine-level-threshold-semantics-not-runtime-tested
31,49500,57,vscripts/LiA_GameMode.lua:56-62;heroes/modifier_attribute_bonus_custom.lua:29-59,declaration-and-derived;engine-level-threshold-semantics-not-runtime-tested
32,52700,60,vscripts/LiA_GameMode.lua:56-62;heroes/modifier_attribute_bonus_custom.lua:29-59,declaration-and-derived;engine-level-threshold-semantics-not-runtime-tested
33,56000,63,vscripts/LiA_GameMode.lua:56-62;heroes/modifier_attribute_bonus_custom.lua:29-59,declaration-and-derived;engine-level-threshold-semantics-not-runtime-tested
34,59400,66,vscripts/LiA_GameMode.lua:56-62;heroes/modifier_attribute_bonus_custom.lua:29-59,declaration-and-derived;engine-level-threshold-semantics-not-runtime-tested
35,62900,69,vscripts/LiA_GameMode.lua:56-62;heroes/modifier_attribute_bonus_custom.lua:29-59,declaration-and-derived;engine-level-threshold-semantics-not-runtime-tested
36,66500,72,vscripts/LiA_GameMode.lua:56-62;heroes/modifier_attribute_bonus_custom.lua:29-59,declaration-and-derived;engine-level-threshold-semantics-not-runtime-tested
37,70200,75,vscripts/LiA_GameMode.lua:56-62;heroes/modifier_attribute_bonus_custom.lua:29-59,declaration-and-derived;engine-level-threshold-semantics-not-runtime-tested
38,74000,78,vscripts/LiA_GameMode.lua:56-62;heroes/modifier_attribute_bonus_custom.lua:29-59,declaration-and-derived;engine-level-threshold-semantics-not-runtime-tested
39,77900,81,vscripts/LiA_GameMode.lua:56-62;heroes/modifier_attribute_bonus_custom.lua:29-59,declaration-and-derived;engine-level-threshold-semantics-not-runtime-tested
40,81900,84,vscripts/LiA_GameMode.lua:56-62;heroes/modifier_attribute_bonus_custom.lua:29-59,declaration-and-derived;engine-level-threshold-semantics-not-runtime-tested
41,86000,87,vscripts/LiA_GameMode.lua:56-62;heroes/modifier_attribute_bonus_custom.lua:29-59,declaration-and-derived;engine-level-threshold-semantics-not-runtime-tested
42,90200,90,vscripts/LiA_GameMode.lua:56-62;heroes/modifier_attribute_bonus_custom.lua:29-59,declaration-and-derived;engine-level-threshold-semantics-not-runtime-tested
43,94500,93,vscripts/LiA_GameMode.lua:56-62;heroes/modifier_attribute_bonus_custom.lua:29-59,declaration-and-derived;engine-level-threshold-semantics-not-runtime-tested
44,98900,96,vscripts/LiA_GameMode.lua:56-62;heroes/modifier_attribute_bonus_custom.lua:29-59,declaration-and-derived;engine-level-threshold-semantics-not-runtime-tested
45,103400,99,vscripts/LiA_GameMode.lua:56-62;heroes/modifier_attribute_bonus_custom.lua:29-59,declaration-and-derived;engine-level-threshold-semantics-not-runtime-tested
46,108000,102,vscripts/LiA_GameMode.lua:56-62;heroes/modifier_attribute_bonus_custom.lua:29-59,declaration-and-derived;engine-level-threshold-semantics-not-runtime-tested
47,112700,105,vscripts/LiA_GameMode.lua:56-62;heroes/modifier_attribute_bonus_custom.lua:29-59,declaration-and-derived;engine-level-threshold-semantics-not-runtime-tested
48,117500,108,vscripts/LiA_GameMode.lua:56-62;heroes/modifier_attribute_bonus_custom.lua:29-59,declaration-and-derived;engine-level-threshold-semantics-not-runtime-tested
49,122400,111,vscripts/LiA_GameMode.lua:56-62;heroes/modifier_attribute_bonus_custom.lua:29-59,declaration-and-derived;engine-level-threshold-semantics-not-runtime-tested
50,127400,114,vscripts/LiA_GameMode.lua:56-62;heroes/modifier_attribute_bonus_custom.lua:29-59,declaration-and-derived;engine-level-threshold-semantics-not-runtime-tested
