wave,participants_nonhidden,hp_set_by_spawn,base_armor_set_by_spawn,base_damage_min_set_by_spawn,base_damage_max_set_by_spawn,source,evidence
5,1,4000,20,180,186,vscripts/units/Megaboss5Stats.lua:3-17,derived-static-spawn-values;not-final-effective-stats
5,2,4375,25,210,216,vscripts/units/Megaboss5Stats.lua:3-17,derived-static-spawn-values;not-final-effective-stats
5,3,4750,30,240,246,vscripts/units/Megaboss5Stats.lua:3-17,derived-static-spawn-values;not-final-effective-stats
5,4,5125,35,270,276,vscripts/units/Megaboss5Stats.lua:3-17,derived-static-spawn-values;not-final-effective-stats
5,5,5500,40,300,306,vscripts/units/Megaboss5Stats.lua:3-17,derived-static-spawn-values;not-final-effective-stats
5,6,5875,45,330,336,vscripts/units/Megaboss5Stats.lua:3-17,derived-static-spawn-values;not-final-effective-stats
5,7,6250,50,360,366,vscripts/units/Megaboss5Stats.lua:3-17,derived-static-spawn-values;not-final-effective-stats
5,8,6625,55,390,396,vscripts/units/Megaboss5Stats.lua:3-17,derived-static-spawn-values;not-final-effective-stats
10,1,23000,65,800,800,vscripts/units/Megaboss10Stats.lua:3-17,derived-static-spawn-values;not-final-effective-stats
10,2,23750,75,875,875,vscripts/units/Megaboss10Stats.lua:3-17,derived-static-spawn-values;not-final-effective-stats
10,3,24500,85,950,950,vscripts/units/Megaboss10Stats.lua:3-17,derived-static-spawn-values;not-final-effective-stats
10,4,25250,95,1025,1025,vscripts/units/Megaboss10Stats.lua:3-17,derived-static-spawn-values;not-final-effective-stats
10,5,26000,105,1100,1100,vscripts/units/Megaboss10Stats.lua:3-17,derived-static-spawn-values;not-final-effective-stats
10,6,26750,115,1175,1175,vscripts/units/Megaboss10Stats.lua:3-17,derived-static-spawn-values;not-final-effective-stats
10,7,27500,125,1250,1250,vscripts/units/Megaboss10Stats.lua:3-17,derived-static-spawn-values;not-final-effective-stats
10,8,28250,135,1325,1325,vscripts/units/Megaboss10Stats.lua:3-17,derived-static-spawn-values;not-final-effective-stats
20,1,22500,90,700,750,vscripts/units/MegabossOrnStats.lua:3-17,derived-static-spawn-values;not-final-effective-stats
20,2,25000,100,725,775,vscripts/units/MegabossOrnStats.lua:3-17,derived-static-spawn-values;not-final-effective-stats
20,3,27500,110,750,800,vscripts/units/MegabossOrnStats.lua:3-17,derived-static-spawn-values;not-final-effective-stats
20,4,30000,120,775,825,vscripts/units/MegabossOrnStats.lua:3-17,derived-static-spawn-values;not-final-effective-stats
20,5,32500,130,800,850,vscripts/units/MegabossOrnStats.lua:3-17,derived-static-spawn-values;not-final-effective-stats
20,6,35000,140,825,875,vscripts/units/MegabossOrnStats.lua:3-17,derived-static-spawn-values;not-final-effective-stats
20,7,37500,150,850,900,vscripts/units/MegabossOrnStats.lua:3-17,derived-static-spawn-values;not-final-effective-stats
20,8,40000,160,875,925,vscripts/units/MegabossOrnStats.lua:3-17,derived-static-spawn-values;not-final-effective-stats
